timestamp,latitude,longitude,temperature,humidity,wind_speed,vegetation_index,fire_radiative_power,hour,day_of_week,day_of_month,month,quarter,is_weekend,hour_sin,hour_cos,month_sin,month_cos,is_monsoon_season,geo_x,geo_y,geo_z,dist_to_origin_km,rain_intensity_mm_per_h,rain_rolling_3h,rain_rolling_6h,rain_rolling_24h,antecedent_precipitation_index,is_heavy_rain,is_extreme_rain,soil_saturation_ratio,is_soil_supersaturated,is_soil_dry,temp_air_soil_delta,gravitational_shear_index,slope_friction_ratio,is_critical_fos,pore_pressure_impact,displacement_velocity,crack_dilation_rate,seismic_energy_log10_j,arias_intensity_proxy,depth_attenuation_factor,is_strong_motion,is_major_quake,dew_point_c,vapor_pressure_deficit_kpa,wind_u,wind_v,is_low_pressure_system,aspect_northness,aspect_eastness,topographic_wetness_index,is_steep_slope,landslide_susceptibility_index,flood_potential_index,fire_danger_index,cyclone_power_dissipation_index
2026-09-25T03:59:25.147879+00:00,22.9963209507789,80.31429185686734,43.0,18.7,24.5,0.4,333.0,3,4,25,9,3,0,0.7071067811865475,0.7071067811865476,-0.8660254037844384,-0.5000000000000004,1,0.15487317958197877,0.9074082160279219,0.39067202066591905,9016.85874164063,0.0,0.0,0.0,0.0,0.0,0,0,0.4,0,0,23.0,0.25881904510252074,0.4641016151377546,0,0.0,0.0,0.0,4.8,0.0,0.07071067811865475,0,0,14.128620910476918,6.99728376534493,-0.0,-24.5,0,1.0,0.0,6.340585348656986,0,0.0,0.0,17.054367201426025,0.40921960653365613
2026-09-25T02:59:25.147879+00:00,27.60571445127933,86.3641041126378,32.5,13.4,32.4,0.42,56.6,2,4,25,9,3,0,0.49999999999999994,0.8660254037844387,-0.8660254037844384,-0.5000000000000004,1,0.05619635386867884,0.8843737048603737,0.4633844192065619,9649.327715878902,0.0,0.0,0.0,0.0,0.0,0,0,0.4,0,0,12.5,0.25881904510252074,0.4641016151377546,0,0.0,0.0,0.0,4.8,0.0,0.07071067811865475,0,0,0.9305084806143423,4.222252554972462,-0.0,-32.4,0,1.0,0.0,6.340585348656986,0,0.0,0.0,21.181592039800996,0.9464402704733283
2026-09-25T01:59:25.147879+00:00,25.85595153449124,83.14355981076326,38.6,31.1,42.4,0.45,259.5,1,4,25,9,3,0,0.25881904510252074,0.9659258262890683,-0.8660254037844384,-0.5000000000000004,1,0.1074311081414237,0.8934576366307428,0.4361100876495673,9321.776345070812,0.0,0.0,0.0,0.0,0.0,0,0,0.4,0,0,18.6,0.25881904510252074,0.4641016151377546,0,0.0,0.0,0.0,4.8,0.0,0.07071067811865475,0,0,18.46257674569418,4.698024827610143,-0.0,-42.4,0,1.0,0.0,6.340585348656986,0,0.0,0.0,12.908038585209004,2.1210736566769626
2026-09-25T00:59:25.147879+00:00,24.789267873576293,85.08570691164702,44.5,26.9,64.6,0.38,225.0,0,4,25,9,3,0,0.0,1.0,-0.8660254037844384,-0.5000000000000004,1,0.07777191375222667,0.9045187127293907,0.41928203843437206,9511.557683467407,0.0,0.0,0.0,0.0,0.0,0,0,0.4,0,0,24.5,0.25881904510252074,0.4641016151377546,0,0.0,0.0,0.0,4.8,0.0,0.07071067811865475,0,0,21.136383964942688,6.800110141424044,-0.0,-64.6,0,1.0,0.0,6.340585348656986,0,0.0,0.0,23.325278810408918,7.501631633135762
2026-09-24T23:59:25.147879+00:00,21.24814912353949,89.07566473926093,37.3,43.3,48.2,0.36,208.4,23,3,24,9,3,0,-0.25881904510252157,0.9659258262890681,-0.8660254037844384,-0.5000000000000004,1,0.015035334138100119,0.9318982941038232,0.36240793061650867,9911.749674776755,0.0,0.0,0.0,0.0,0.0,0,0,0.4,0,0,17.299999999999997,0.25881904510252074,0.4641016151377546,0,0.0,0.0,0.0,4.8,0.0,0.07071067811865475,0,0,22.698921996162266,3.6039323711543014,-0.0,-48.2,0,1.0,0.0,6.340585348656986,0,0.0,0.0,9.791608929946113,3.1160132454016756
2026-09-24T22:59:25.147879+00:00,21.247956162689626,82.49292229148875,33.6,14.0,25.0,0.18,142.6,22,3,24,9,3,0,-0.5000000000000004,0.8660254037844384,-0.8660254037844384,-0.5000000000000004,1,0.12176727175808955,0.9240321955647548,0.36240479175691126,9229.83408945447,0.0,0.0,0.0,0.0,0.0,0,0,0.4,0,0,13.600000000000001,0.25881904510252074,0.4641016151377546,0,0.0,0.0,0.0,4.8,0.0,0.07071067811865475,0,0,2.4016349849951912,4.45940796359644,-0.0,-25.0,0,1.0,0.0,6.340585348656986,0,0.0,0.0,18.000000000000004,0.4347886579291538
2026-09-24T21:59:25.147879+00:00,20.4646688973456,84.1038292303563,41.1,34.6,17.2,0.22,130.7,21,3,24,9,3,0,-0.7071067811865477,0.7071067811865474,-0.8660254037844384,-0.5000000000000004,1,0.09624280728718161,0.9319315318121218,0.34962972136217857,9393.429916865192,0.0,0.0,0.0,0.0,0.0,0,0,0.4,0,0,21.1,0.25881904510252074,0.4641016151377546,0,0.0,0.0,0.0,4.8,0.0,0.07071067811865475,0,0,22.355163802660325,5.094868767881264,-0.0,-17.2,0,1.0,0.0,6.340585348656986,0,0.0,0.0,7.364739884393063,0.14159356651918636
2026-09-24T20:59:25.147879+00:00,26.92940916619948,87.55551138543049,44.5,12.8,21.3,0.26,25.4,20,3,24,9,3,0,-0.8660254037844386,0.5000000000000001,-0.8660254037844384,-0.5000000000000004,1,0.03802653244605058,0.8907538711952696,0.45289239757449073,9765.217934721368,0.0,0.0,0.0,0.0,0.0,0,0,0.4,0,0,24.5,0.25881904510252074,0.4641016151377546,0,0.0,0.0,0.0,4.8,0.0,0.07071067811865475,0,0,9.557781225879513,8.11175929318983,-0.0,-21.3,0,1.0,0.0,6.340585348656986,0,0.0,0.0,23.930338541666668,0.26890383170548465
2026-09-24T19:59:25.147879+00:00,24.80892009394567,82.28798165491622,29.3,17.7,43.1,0.37,84.1,19,3,24,9,3,0,-0.9659258262890684,0.2588190451025203,-0.8660254037844384,-0.5000000000000004,1,0.1218095723995341,0.8995019748717025,0.4195934047071639,9229.562570906593,0.0,0.0,0.0,0.0,0.0,0,0,0.4,0,0,9.3,0.25881904510252074,0.4641016151377546,0,0.0,0.0,0.0,4.8,0.0,0.07071067811865475,0,0,2.272818248183477,3.3446255904957978,-0.0,-43.1,0,1.0,0.0,6.340585348656986,0,0.0,0.0,17.408945386064033,2.2278707460277714
2026-09-24T18:59:25.147879+00:00,25.66458062236836,80.76979909828793,43.5,27.0,53.3,0.42,15.2,18,3,24,9,3,0,-1.0,-1.8369701987210297e-16,-0.8660254037844384,-0.5000000000000004,1,0.14457706994605857,0.8896741845782724,0.4331019696801189,9083.203432784892,0.0,0.0,0.0,0.0,0.0,0,0,0.4,0,0,23.5,0.25881904510252074,0.4641016151377546,0,0.0,0.0,0.0,4.8,0.0,0.07071067811865475,0,0,20.355043519541805,6.448445434487585,-0.0,-53.3,0,1.0,0.0,6.340585348656986,0,0.0,0.0,19.682407407407407,4.213469043047554
2026-09-24T17:59:25.147879+00:00,20.16467595436642,82.89751452913768,44.4,27.0,62.0,0.17,207.7,17,3,24,9,3,0,-0.9659258262890683,-0.25881904510252063,-0.8660254037844384,-0.5000000000000004,1,0.11606582256625664,0.9315026400958856,0.3447195328472315,9266.417662098404,0.0,0.0,0.0,0.0,0.0,0,0,0.4,0,0,24.4,0.25881904510252074,0.4641016151377546,0,0.0,0.0,0.0,4.8,0.0,0.07071067811865475,0,0,21.112786964017523,6.755880479021242,-0.0,-62.0,0,1.0,0.0,6.340585348656986,0,0.0,0.0,22.474074074074075,6.6318279210841204
2026-09-24T16:59:25.147879+00:00,27.759278817295957,81.61221287254004,37.2,34.6,15.8,0.42,46.0,16,3,24,9,3,0,-0.8660254037844384,-0.5000000000000004,-0.8660254037844384,-0.5000000000000004,1,0.1290840545597395,0.8754467125991686,0.4657578343492753,9182.847704994147,0.0,0.0,0.0,0.0,0.0,0,0,0.4,0,0,17.200000000000003,0.25881904510252074,0.4641016151377546,0,0.0,0.0,0.0,4.8,0.0,0.07071067811865475,0,0,18.958764995169,4.134405080958338,-0.0,-15.8,0,1.0,0.0,6.340585348656986,0,0.0,0.0,6.415028901734104,0.10975629573976683
2026-09-24T15:59:25.147879+00:00,26.659541126403376,89.29697652342573,47.7,42.0,41.1,0.34,306.8,15,3,24,9,3,0,-0.7071067811865471,-0.7071067811865479,-0.8660254037844384,-0.5000000000000004,1,0.010965348580884467,0.8936211742706457,0.4486880408765672,9937.681762139753,0.0,0.0,0.0,0.0,0.0,0,0,0.4,0,0,27.700000000000003,0.25881904510252074,0.4641016151377546,0,0.0,0.0,0.0,4.8,0.0,0.07071067811865475,0,0,31.466110127492914,6.351277133946104,-0.0,-41.1,0,1.0,0.0,6.340585348656986,0,0.0,0.0,11.565357142857144,1.9318955672426754
2026-09-24T14:59:25.147879+00:00,21.69871288542621,88.08120379564417,43.7,33.1,38.5,0.31,187.9,14,3,24,9,3,0,-0.4999999999999997,-0.8660254037844388,-0.8660254037844384,-0.5000000000000004,1,0.0311104722137967,0.9286198945948283,0.36972588478672225,9809.306593134743,0.0,0.0,0.0,0.0,0.0,0,0,0.4,0,0,23.700000000000003,0.25881904510252074,0.4641016151377546,0,0.0,0.0,0.0,4.8,0.0,0.07071067811865475,0,0,23.87507901711047,5.971237445314764,-0.0,-38.5,0,1.0,0.0,6.340585348656986,0,0.0,0.0,12.872356495468276,1.5879629629629632
2026-09-24T13:59:25.147879+00:00,21.454599737656807,86.33403756510424,43.5,43.5,47.8,0.17,247.9,13,3,24,9,3,0,-0.2588190451025208,-0.9659258262890683,-0.8660254037844384,-0.5000000000000004,1,0.05950895389270624,0.9288032517288493,0.3657638636942033,9628.187724664893,0.0,0.0,0.0,0.0,0.0,0,0,0.4,0,0,23.5,0.25881904510252074,0.4641016151377546,0,0.0,0.0,0.0,4.8,0.0,0.07071067811865475,0,0,28.33080209454921,4.99092009655546,-0.0,-47.8,0,1.0,0.0,6.340585348656986,0,0.0,0.0,11.299999999999997,3.039078164565768
2026-09-24T12:59:25.147879+00:00,21.46723607882747,88.71460590187718,43.0,41.1,43.0,0.12,149.7,12,3,24,9,3,0,1.2246467991473532e-16,-1.0,-0.8660254037844384,-0.5000000000000004,1,0.0208762690160507,0.9303928126053239,0.3659691184298535,9874.531025371218,0.0,0.0,0.0,0.0,0.0,0,0,0.4,0,0,23.0,0.25881904510252074,0.4641016151377546,0,0.0,0.0,0.0,4.8,0.0,0.07071067811865475,0,0,26.91167535226429,5.0693728632080735,-0.0,-43.0,0,1.0,0.0,6.340585348656986,0,0.0,0.0,10.985401459854016,2.2123994768622866
2026-09-24T11:59:25.147879+00:00,22.433937943676305,88.03672076899115,31.0,31.3,49.4,0.3,200.6,11,3,24,9,3,0,0.258819045102521,-0.9659258262890682,-0.8660254037844384,-0.5000000000000004,1,0.03166626716387689,0.9237775661690467,0.3816179447650472,9805.763877837702,0.0,0.0,0.0,0.0,0.0,0,0,0.4,0,0,11.0,0.25881904510252074,0.4641016151377546,0,0.0,0.0,0.0,4.8,0.0,0.07071067811865475,0,0,12.014233528684304,3.0771556165957192,-0.0,-49.4,0,1.0,0.0,6.340585348656986,0,0.0,0.0,11.45580404685836,3.3545867490330292
2026-09-24T10:59:25.147879+00:00,24.198051453057904,81.86570058886036,32.3,39.5,47.9,0.33,330.5,10,3,24,9,3,0,0.49999999999999994,-0.8660254037844387,-0.8660254037844384,-0.5000000000000004,1,0.129061379530688,0.9029571957783534,0.40989201371303635,9182.993386208462,0.0,0.0,0.0,0.0,0.0,0,0,0.4,0,0,12.299999999999997,0.25881904510252074,0.4641016151377546,0,0.0,0.0,0.0,4.8,0.0,0.07071067811865475,0,0,16.75441921170925,2.9167163114825354,-0.0,-47.9,0,1.0,0.0,6.340585348656986,0,0.0,0.0,9.253881856540085,3.0581918078860224
2026-09-24T09:59:25.147879+00:00,23.455560149136925,88.92558998489977,37.3,33.2,20.9,0.17,38.1,9,3,24,9,3,0,0.7071067811865476,-0.7071067811865475,-0.8660254037844384,-0.5000000000000004,1,0.017201489693343903,0.9172077911176658,0.39803765734586233,9897.947301966544,0.0,0.0,0.0,0.0,0.0,0,0,0.4,0,0,17.299999999999997,0.25881904510252074,0.4641016151377546,0,0.0,0.0,0.0,4.8,0.0,0.07071067811865475,0,0,18.38439335035704,4.245902687709124,-0.0,-20.9,0,1.0,0.0,6.340585348656986,0,0.0,0.0,7.65848393574297,0.254037037037037
2026-09-24T08:59:25.147879+00:00,22.329833121584336,85.39342241915651,33.3,14.6,55.0,0.29,96.3,8,3,24,9,3,0,0.8660254037844387,-0.4999999999999998,-0.8660254037844384,-0.5000000000000004,1,0.07429081786861282,0.9220239167170566,0.3799378519997063,9533.800139226209,0.0,0.0,0.0,0.0,0.0,0,0,0.4,0,0,13.299999999999997,0.25881904510252074,0.4641016151377546,0,0.0,0.0,0.0,4.8,0.0,0.07071067811865475,0,0,2.7562433171457474,4.354738121934709,-0.0,-55.0,0,1.0,0.0,6.340585348656986,0,0.0,0.0,28.510273972602736,4.629629629629631
2026-09-24T07:59:25.147879+00:00,24.89482315777904,88.07440155164062,36.3,36.4,21.2,0.4,275.2,7,3,24,9,3,0,0.9659258262890683,-0.25881904510252063,-0.8660254037844384,-0.5000000000000004,1,0.030479505024423068,0.9065698260938048,0.4209538575541444,9813.328392616724,0.0,0.0,0.0,0.0,0.0,0,0,0.4,0,0,16.299999999999997,0.25881904510252074,0.4641016151377546,0,0.0,0.0,0.0,4.8,0.0,0.07071067811865475,0,0,18.985487840393105,3.8281616011514394,-0.0,-21.2,0,1.0,0.0,6.340585348656986,0,0.0,0.0,6.8478021978021975,0.2651342070846203
2026-09-24T06:59:25.147879+00:00,21.115950885216336,88.96091299923494,45.8,15.1,49.9,0.39,43.6,6,3,24,9,3,0,1.0,6.123233995736766e-17,-0.8660254037844384,-0.5000000000000004,1,0.016916823351703088,0.932699875554372,0.36025652419983506,9899.76117518647,0.0,0.0,0.0,0.0,0.0,0,0,0.4,0,0,25.799999999999997,0.25881904510252074,0.4641016151377546,0,0.0,0.0,0.0,4.8,0.0,0.07071067811865475,0,0,13.061188886749395,8.442588741883295,-0.0,-49.9,0,1.0,0.0,6.340585348656986,0,0.0,0.0,35.33576158940397,3.457481119737317
2026-09-24T05:59:25.147879+00:00,22.337157188281743,83.18003474971864,44.5,31.6,35.8,0.42,35.7,5,3,24,9,3,0,0.9659258262890683,0.25881904510252074,-0.8660254037844384,-0.5000000000000004,1,0.10983938012522076,0.9184185741030555,0.380056092328774,9306.341894335503,0.0,0.0,0.0,0.0,0.0,0,0,0.4,0,0,24.5,0.25881904510252074,0.4641016151377546,0,0.0,0.0,0.0,4.8,0.0,0.07071067811865475,0,0,23.791419199726505,6.362893757502114,-0.0,-35.8,0,1.0,0.0,6.340585348656986,0,0.0,0.0,13.096518987341772,1.2767540974483118
2026-09-24T04:59:25.147879+00:00,22.930894746349534,81.10051924527677,40.6,35.2,40.7,0.23,132.9,4,3,24,9,3,0,0.8660254037844386,0.5000000000000001,-0.8660254037844384,-0.5000000000000004,1,0.14247622177700275,0.909888073359467,0.3896206105769399,9096.727966032371,0.0,0.0,0.0,0.0,0.0,0,0,0.4,0,0,20.6,0.25881904510252074,0.4641016151377546,0,0.0,0.0,0.0,4.8,0.0,0.07071067811865475,0,0,22.2026798488775,4.916336343904868,-0.0,-40.7,0,1.0,0.0,6.340585348656986,0,0.0,0.0,11.668655303030302,1.8760370370370374
2026-09-24T03:59:25.147879+00:00,23.64855987373629,82.27935162541942,45.2,14.2,60.2,0.21,41.3,3,3,24,9,3,0,0.7071067811865475,0.7071067811865476,-0.8660254037844384,-0.5000000000000004,1,0.12306157371665624,0.9077192052710238,0.40112553328917006,9221.52560354425,0.0,0.0,0.0,0.0,0.0,0,0,0.4,0,0,25.200000000000003,0.25881904510252074,0.4641016151377546,0,0.0,0.0,0.0,4.8,0.0,0.07071067811865475,0,0,11.657344913242055,8.274044173010758,-0.0,-60.2,0,1.0,0.0,6.340585348656986,0,0.0,0.0,42.54741784037559,6.070824164510115
2026-09-24T02:59:25.147879+00:00,26.28140769114411,84.27107788626256,43.7,19.6,59.5,0.36,208.9,2,3,24,9,3,0,0.49999999999999994,0.8660254037844387,-0.8660254037844384,-0.5000000000000004,1,0.08950344015564977,0.8921517669395517,0.4427802603402053,9436.552888542285,0.0,0.0,0.0,0.0,0.0,0,0,0.4,0,0,23.700000000000003,0.25881904510252074,0.4641016151377546,0,0.0,0.0,0.0,4.8,0.0,0.07071067811865475,0,0,15.423427995353679,7.176195674189941,-0.0,-59.5,0,1.0,0.0,6.340585348656986,0,0.0,0.0,29.542091836734695,5.861504160057879
2026-09-24T01:59:25.147879+00:00,21.59739025726688,88.18014765922493,36.6,42.2,55.9,0.25,86.9,1,3,24,9,3,0,0.25881904510252074,0.9659258262890683,-0.8660254037844384,-0.5000000000000004,1,0.029527513984036895,0.9293242804752256,0.36808220228248845,9819.396259558835,0.0,0.0,0.0,0.0,0.0,0,0,0.4,0,0,16.6,0.25881904510252074,0.4641016151377546,0,0.0,0.0,0.0,4.8,0.0,0.07071067811865475,0,0,21.648883637729835,3.536529031530027,-0.0,-55.9,0,1.0,0.0,6.340585348656986,0,0.0,0.0,10.971327014218009,4.860641650666444
2026-09-24T00:59:25.147879+00:00,24.113875507308894,88.60730583256344,32.0,32.3,40.5,0.13,314.5,0,3,24,9,3,0,0.0,1.0,-0.8660254037844384,-0.5000000000000004,1,0.02218376149690241,0.9124656390204463,0.4085515124593925,9866.19905885105,0.0,0.0,0.0,0.0,0.0,0,0,0.4,0,0,12.0,0.25881904510252074,0.4641016151377546,0,0.0,0.0,0.0,4.8,0.0,0.07071067811865475,0,0,13.359638237388138,3.2090955170720434,-0.0,-40.5,0,1.0,0.0,6.340585348656986,0,0.0,0.0,9.98968008255934,1.8485161532682195
2026-09-23T23:59:25.147879+00:00,24.73931655089634,80.06952130531191,38.3,20.1,51.8,0.2,276.4,23,2,23,9,3,0,-0.25881904510252157,0.9659258262890681,-0.8660254037844384,-0.5000000000000004,1,0.1566255727917589,0.8946140049551101,0.41849039664708165,9005.556314944539,0.0,0.0,0.0,0.0,0.0,0,0,0.4,0,0,18.299999999999997,0.25881904510252074,0.4641016151377546,0,0.0,0.0,0.0,4.8,0.0,0.07071067811865475,0,0,11.425966883358502,5.3607965761118965,-0.0,-51.8,0,1.0,0.0,6.340585348656986,0,0.0,0.0,22.80215588723051,3.8676526142972416
2026-09-23T22:59:25.147879+00:00,20.371603301759983,85.10747302577566,42.7,34.8,40.6,0.25,247.9,22,2,23,9,3,0,-0.5000000000000004,0.8660254037844384,-0.8660254037844384,-0.5000000000000004,1,0.07995266526760955,0.9340389492806009,0.34810747269111647,9497.620706299112,0.0,0.0,0.0,0.0,0.0,0,0,0.4,0,0,22.700000000000003,0.25881904510252074,0.4641016151377546,0,0.0,0.0,0.0,4.8,0.0,0.07071067811865475,0,0,23.842718456436057,5.524478242239874,-0.0,-40.6,0,1.0,0.0,6.340585348656986,0,0.0,0.0,12.392816091954026,1.862242702507166
2026-09-23T21:59:25.147879+00:00,24.860358815211505,84.17411003148779,36.7,31.7,58.5,0.2,219.8,21,2,23,9,3,0,-0.7071067811865477,0.7071067811865474,-0.8660254037844384,-0.5000000000000004,1,0.0920998102984722,0.9026486617779007,0.42040815683517685,9419.942793254535,0.0,0.0,0.0,0.0,0.0,0,0,0.4,0,0,16.700000000000003,0.25881904510252074,0.4641016151377546,0,0.0,0.0,0.0,4.8,0.0,0.07071067811865475,0,0,17.130545274258186,4.201832304601917,-0.0,-58.5,0,1.0,0.0,6.340585348656986,0,0.0,0.0,15.14695057833859,5.5709053343350865
2026-09-23T20:59:25.147879+00:00,21.36419298949833,82.2210781047073,41.3,28.6,35.1,0.22,303.6,20,2,23,9,3,0,-0.8660254037844386,0.5000000000000001,-0.8660254037844384,-0.5000000000000004,1,0.12605025400865846,0.922713712933796,0.3642948495769342,9202.335270882384,0.0,0.0,0.0,0.0,0.0,0,0,0.4,0,0,21.299999999999997,0.25881904510252074,0.4641016151377546,0,0.0,0.0,0.0,4.8,0.0,0.07071067811865475,0,0,19.42494430495871,5.621308299810322,-0.0,-35.1,0,1.0,0.0,6.340585348656986,0,0.0,0.0,13.261247086247083,1.203315552216379
2026-09-23T19:59:25.147879+00:00,20.52041274388224,81.19865367333682,29.9,44.2,63.5,0.2,85.8,19,2,23,9,3,0,-0.9659258262890684,0.2588190451025203,-0.8660254037844384,-0.5000000000000004,1,0.1433002290667324,0.925519316278947,0.3505410668437756,9091.423788368871,0.0,0.0,0.0,0.0,0.0,0,0,0.4,0,0,9.899999999999999,0.25881904510252074,0.4641016151377546,0,0.0,0.0,0.0,4.8,0.0,0.07071067811865475,0,0,16.377471854364035,2.347216659082565,-0.0,-63.5,0,1.0,0.0,6.340585348656986,0,0.0,0.0,9.41421568627451,7.124909563959151
2026-09-23T18:59:25.147879+00:00,27.591084298026665,83.37615171403628,43.0,34.6,61.6,0.11,306.9,18,2,23,9,3,0,-1.0,-1.8369701987210297e-16,-0.8660254037844384,-0.5000000000000004,1,0.10223244096511783,0.8803596286248672,0.463158128830532,9355.080600087102,0.0,0.0,0.0,0.0,0.0,0,0,0.4,0,0,23.0,0.25881904510252074,0.4641016151377546,0,0.0,0.0,0.0,4.8,0.0,0.07071067811865475,0,0,24.007506327292926,5.628811294631715,-0.0,-61.6,0,1.0,0.0,6.340585348656986,0,0.0,0.0,16.90173410404624,6.504296296296297
2026-09-23T17:59:25.147879+00:00,27.725056264596475,89.4290970391252,44.3,24.4,52.1,0.32,278.4,17,2,23,9,3,0,-0.9659258262890683,-0.25881904510252063,-0.8660254037844384,-0.5000000000000004,1,0.008820010510761065,0.8851463167594978,0.46522919657055567,9951.350382463508,0.0,0.0,0.0,0.0,0.0,0,0,0.4,0,0,24.299999999999997,0.25881904510252074,0.4641016151377546,0,0.0,0.0,0.0,4.8,0.0,0.07071067811865475,0,0,19.387963754322506,6.960490295248427,-0.0,-52.1,0,1.0,0.0,6.340585348656986,0,0.0,0.0,21.817144808743173,3.935241144224616
2026-09-23T16:59:25.147879+00:00,26.46717878493169,83.23202932020756,42.1,38.4,29.0,0.31,264.4,16,2,23,9,3,0,-0.8660254037844384,-0.5000000000000004,-0.8660254037844384,-0.5000000000000004,1,0.10549710365841351,0.8889517220275523,0.4456850872801727,9334.168318850985,0.0,0.0,0.0,0.0,0.0,0,0,0.4,0,0,22.1,0.25881904510252074,0.4641016151377546,0,0.0,0.0,0.0,4.8,0.0,0.07071067811865475,0,0,24.964726649181376,5.058131670876699,-0.0,-29.0,0,1.0,0.0,6.340585348656986,0,0.0,0.0,8.953559027777779,0.6786598770069845
2026-09-23T15:59:25.147879+00:00,22.436910153386965,85.18790621743366,47.3,41.2,21.6,0.33,200.8,15,2,23,9,3,0,-0.7071067811865471,-0.7071067811865479,-0.8660254037844384,-0.5000000000000004,1,0.0775378722458518,0.9210423575073556,0.3816658932166698,9513.053278156034,0.0,0.0,0.0,0.0,0.0,0,0,0.4,0,0,27.299999999999997,0.25881904510252074,0.4641016151377546,0,0.0,0.0,0.0,4.8,0.0,0.07071067811865475,0,0,30.772201419975776,6.310199256129583,-0.0,-21.6,0,1.0,0.0,6.340585348656986,0,0.0,0.0,7.959870550161812,0.2804267468069121
2026-09-23T14:59:25.147879+00:00,20.781376912051076,87.03018958895177,44.5,16.1,57.7,0.17,93.7,14,2,23,9,3,0,-0.4999999999999997,-0.8660254037844388,-0.8660254037844384,-0.5000000000000004,1,0.048439074522522094,0.9336853972388781,0.35480309333809357,9698.817244246247,0.0,0.0,0.0,0.0,0.0,0,0,0.4,0,0,24.5,0.25881904510252074,0.4641016151377546,0,0.0,0.0,0.0,4.8,0.0,0.07071067811865475,0,0,13.021676159479783,7.804777576819114,-0.0,-57.7,0,1.0,0.0,6.340585348656986,0,0.0,0.0,35.79347826086956,5.345466594317834
2026-09-23T13:59:25.147879+00:00,25.47386421209725,83.63629602379294,46.1,18.6,23.3,0.2,154.0,13,2,23,9,3,0,-0.2588190451025208,-0.9659258262890683,-0.8660254037844384,-0.5000000000000004,1,0.1000637429482536,0.8972189316548831,0.43009933274449075,9368.968604263764,0.0,0.0,0.0,0.0,0.0,0,0,0.4,0,0,26.1,0.25881904510252074,0.4641016151377546,0,0.0,0.0,0.0,4.8,0.0,0.07071067811865475,0,0,16.536430620479596,8.219395896222249,-0.0,-23.3,0,1.0,0.0,6.340585348656986,0,0.0,0.0,17.88646953405018,0.35198644850710964
2026-09-23T12:59:25.147879+00:00,23.52121994991681,89.71782082720961,46.7,19.1,57.7,0.32,279.8,12,2,23,9,3,0,1.2246467991473532e-16,-1.0,-0.8660254037844384,-0.5000000000000004,1,0.004515734309065794,0.916901211671202,0.39908868209901877,9978.773556948254,0.0,0.0,0.0,0.0,0.0,0,0,0.4,0,0,26.700000000000003,0.25881904510252074,0.4641016151377546,0,0.0,0.0,0.0,4.8,0.0,0.07071067811865475,0,0,17.437780125597993,8.42203502889755,-0.0,-57.7,0,1.0,0.0,6.340585348656986,0,0.0,0.0,31.66308900523561,5.345466594317834
2026-09-23T11:59:25.147879+00:00,20.976305878758232,89.62447294942112,44.0,34.8,39.5,0.31,20.8,11,2,23,9,3,0,0.258819045102521,-0.9659258262890682,-0.8660254037844384,-0.5000000000000004,1,0.006119784381859433,0.9337084911335485,0.3579818456629215,9968.554008340661,0.0,0.0,0.0,0.0,0.0,0,0,0.4,0,0,24.0,0.25881904510252074,0.4641016151377546,0,0.0,0.0,0.0,4.8,0.0,0.07071067811865475,0,0,24.973391951630077,5.91061815700839,-0.0,-39.5,0,1.0,0.0,6.340585348656986,0,0.0,0.0,12.538314176245212,1.7149421209338567
2026-09-23T10:59:25.147879+00:00,23.96141528089016,82.51782295825365,41.5,31.9,35.3,0.28,275.9,10,2,23,9,3,0,0.49999999999999994,-0.8660254037844387,-0.8660254037844384,-0.5000000000000004,1,0.11899550027638738,0.9060383693834102,0.40612134161974717,9247.622413262125,0.0,0.0,0.0,0.0,0.0,0,0,0.4,0,0,21.5,0.25881904510252074,0.4641016151377546,0,0.0,0.0,0.0,4.8,0.0,0.07071067811865475,0,0,21.367941999517658,5.4183078544222045,-0.0,-35.3,0,1.0,0.0,6.340585348656986,0,0.0,0.0,11.99033437826541,1.2240024765561952
2026-09-23T09:59:25.147879+00:00,20.275108168921747,84.97248505892385,28.1,32.4,60.2,0.22,91.6,9,2,23,9,3,0,0.7071067811865476,-0.7071067811865475,-0.8660254037844384,-0.5000000000000004,1,0.08220428314354132,0.9344306776742234,0.3465281582413585,9483.228261757176,0.0,0.0,0.0,0.0,0.0,0,0,0.4,0,0,8.100000000000001,0.25881904510252074,0.4641016151377546,0,0.0,0.0,0.0,4.8,0.0,0.07071067811865475,0,0,10.022927103359146,2.5630022284396357,-0.0,-60.2,0,1.0,0.0,6.340585348656986,0,0.0,0.0,11.592695473251029,6.070824164510115
2026-09-23T08:59:25.147879+00:00,27.274563216630256,83.0087830981677,37.3,43.0,45.2,0.42,59.1,8,2,23,9,3,0,0.8660254037844387,-0.4999999999999998,-0.8660254037844384,-0.5000000000000004,1,0.1081847664977607,0.8822122243621183,0.45825500268286035,9316.946638779656,0.0,0.0,0.0,0.0,0.0,0,0,0.4,0,0,17.299999999999997,0.25881904510252074,0.4641016151377546,0,0.0,0.0,0.0,4.8,0.0,0.07071067811865475,0,0,22.584131070571438,3.6230007963985043,-0.0,-45.2,0,1.0,0.0,6.340585348656986,0,0.0,0.0,9.426201550387598,2.56964710465537
2026-09-23T07:59:25.147879+00:00,22.070239852800132,82.84840494377468,39.4,37.6,43.8,0.22,49.3,7,2,23,9,3,0,0.9659258262890683,-0.25881904510252063,-0.8660254037844384,-0.5000000000000004,1,0.11537251776998499,0.9195142243574334,0.37574296180735345,9270.864581583404,0.0,0.0,0.0,0.0,0.0,0,0,0.4,0,0,19.4,0.25881904510252074,0.4641016151377546,0,0.0,0.0,0.0,4.8,0.0,0.07071067811865475,0,0,22.236906221179684,4.4412906721856045,-0.0,-43.8,0,1.0,0.0,6.340585348656986,0,0.0,0.0,11.142375886524821,2.338193839218632
2026-09-23T06:59:25.147879+00:00,25.300178274831858,80.36886947354533,34.1,16.2,42.9,0.26,19.3,6,2,23,9,3,0,1.0,6.123233995736766e-17,-0.8660254037844384,-0.5000000000000004,1,0.15125680536526176,0.8913384492315304,0.42736067642241715,9040.173412746066,0.0,0.0,0.0,0.0,0.0,0,0,0.4,0,0,14.100000000000001,0.25881904510252074,0.4641016151377546,0,0.0,0.0,0.0,4.8,0.0,0.07071067811865475,0,0,4.867265663736483,4.467981730718601,-0.0,-42.9,0,1.0,0.0,6.340585348656986,0,0.0,0.0,22.066769547325105,2.197
2026-09-23T05:59:25.147879+00:00,22.49368860871529,86.09564333979897,34.4,23.5,33.6,0.34,188.0,5,2,23,9,3,0,0.9659258262890683,0.25881904510252074,-0.8660254037844384,-0.5000000000000004,1,0.06291089204897944,0.9217773552812769,0.382581660501724,9606.473249568959,0.0,0.0,0.0,0.0,0.0,0,0,0.4,0,0,14.399999999999999,0.25881904510252074,0.4641016151377546,0,0.0,0.0,0.0,4.8,0.0,0.07071067811865475,0,0,10.568663210321,4.147254144886828,-0.0,-33.6,0,1.0,0.0,6.340585348656986,0,0.0,0.0,13.076879432624114,1.0555432006010521
2026-09-23T04:59:25.147879+00:00,24.160544169422487,85.02679023228862,47.2,26.4,54.3,0.29,84.2,4,2,23,9,3,0,0.8660254037844386,0.5000000000000001,-0.8660254037844384,-0.5000000000000004,1,0.07909608604724655,0.9089673040295302,0.4092948196316369,9503.095311185789,0.0,0.0,0.0,0.0,0.0,0,0,0.4,0,0,27.200000000000003,0.25881904510252074,0.4641016151377546,0,0.0,0.0,0.0,4.8,0.0,0.07071067811865475,0,0,23.094792735562752,7.858648859118173,-0.0,-54.3,0,1.0,0.0,6.340585348656986,0,0.0,0.0,22.13989898989899,4.455102178812921
2026-09-23T03:59:25.147879+00:00,24.37368223474624,80.5147875124999,45.8,25.1,27.6,0.22,346.4,3,2,23,9,3,0,0.7071067811865475,0.7071067811865476,-0.8660254037844384,-0.5000000000000004,1,0.15010559123899436,0.8984200078478013,0.41268608042621036,9047.592506577681,0.0,0.0,0.0,0.0,0.0,0,0,0.4,0,0,25.799999999999997,0.25881904510252074,0.4641016151377546,0,0.0,0.0,0.0,4.8,0.0,0.07071067811865475,0,0,21.094708668681385,7.448173106796924,-0.0,-27.6,0,1.0,0.0,6.340585348656986,0,0.0,0.0,14.475962815405044,0.5850398196844478
2026-09-23T02:59:25.147879+00:00,21.478835644204217,82.78646464236611,45.0,34.1,61.9,0.25,205.3,2,2,23,9,3,0,0.49999999999999994,0.8660254037844387,-0.8660254037844384,-0.5000000000000004,1,0.11684729607049571,0.9231876202577253,0.36615751692938353,9261.404785585792,0.0,0.0,0.0,0.0,0.0,0,0,0.4,0,0,25.0,0.25881904510252074,0.4641016151377546,0,0.0,0.0,0.0,4.8,0.0,0.07071067811865475,0,0,25.499310595502333,6.290100464971538,-0.0,-61.9,0,1.0,0.0,6.340585348656986,0,0.0,0.0,18.013196480938415,6.599790160558755
2026-09-23T01:59:25.147879+00:00,27.75667702211647,89.08265885966654,36.1,41.4,59.7,0.38,56.9,1,2,23,9,3,0,0.25881904510252074,0.9659258262890683,-0.8660254037844384,-0.5000000000000004,1,0.014167729498355788,0.8848199510781013,0.465717650100367,9917.277773449889,0.0,0.0,0.0,0.0,0.0,0,0,0.4,0,0,16.1,0.25881904510252074,0.4641016151377546,0,0.0,0.0,0.0,4.8,0.0,0.07071067811865475,0,0,20.88971843258051,3.4888149776476993,-0.0,-59.7,0,1.0,0.0,6.340585348656986,0,0.0,0.0,11.582809983896942,5.920810668670173
2026-09-23T00:59:25.147879+00:00,26.20106258688892,82.39561890666972,28.3,22.1,31.9,0.2,244.2,0,2,23,9,3,0,0.0,1.0,-0.8660254037844384,-0.5000000000000004,1,0.11873507492451567,0.8893592469891511,0.44152249294635,9249.29343004042,0.0,0.0,0.0,0.0,0.0,0,0,0.4,0,0,8.3,0.25881904510252074,0.4641016151377546,0,0.0,0.0,0.0,4.8,0.0,0.07071067811865475,0,0,4.598760363410471,2.9880156271405576,-0.0,-31.9,0,1.0,0.0,6.340585348656986,0,0.0,0.0,11.076696832579184,0.9032962962962963
2026-09-22T23:59:25.147879+00:00,27.515991532513517,81.44894872091223,29.6,30.2,51.5,0.15,315.2,23,1,22,9,3,0,-0.25881904510252157,0.9659258262890681,-0.8660254037844384,-0.5000000000000004,1,0.13187098586200408,0.877023139517249,0.46199616431209817,9164.939063339154,0.0,0.0,0.0,0.0,0.0,0,0,0.4,0,0,9.600000000000001,0.25881904510252074,0.4641016151377546,0,0.0,0.0,0.0,4.8,0.0,0.07071067811865475,0,0,10.267606632966716,2.8860054743186954,-0.0,-51.5,0,1.0,0.0,6.340585348656986,0,0.0,0.0,11.67991169977925,3.8008424465036033
2026-09-22T22:59:25.147879+00:00,27.15861880342119,84.89452760277563,34.2,38.1,43.7,0.21,263.4,22,1,22,9,3,0,-0.5000000000000004,0.8660254037844384,-0.8660254037844384,-0.5000000000000004,1,0.07917801356447932,0.88621626918207,0.45645543747993195,9502.57170882315,0.0,0.0,0.0,0.0,0.0,0,0,0.4,0,0,14.200000000000003,0.25881904510252074,0.4641016151377546,0,0.0,0.0,0.0,4.8,0.0,0.07071067811865475,0,0,17.865799195281355,3.318718429762894,-0.0,-43.7,0,1.0,0.0,6.340585348656986,0,0.0,0.0,9.52992125984252,2.3222153490831174
2026-09-22T21:59:25.147879+00:00,24.78319983048868,89.856504541106,28.3,25.7,31.9,0.4,36.0,21,1,22,9,3,0,-0.7071067811865477,0.7071067811865474,-0.8660254037844384,-0.5000000000000004,1,0.0022738053975637847,0.9078975831841735,0.41918588747398305,9993.056971339458,0.0,0.0,0.0,0.0,0.0,0,0,0.4,0,0,8.3,0.25881904510252074,0.4641016151377546,0,0.0,0.0,0.0,4.8,0.0,0.07071067811865475,0,0,6.776442284473195,2.8499301809569118,-0.0,-31.9,0,1.0,0.0,6.340585348656986,0,0.0,0.0,9.52509727626459,0.9032962962962963
2026-09-22T20:59:25.147879+00:00,27.37499388018493,82.42055271511501,28.3,17.5,64.4,0.13,314.6,20,1,22,9,3,0,-0.8660254037844386,0.5000000000000001,-0.8660254037844384,-0.5000000000000004,1,0.11713005859614269,0.8802574802965962,0.4598122635980383,9259.590849681557,0.0,0.0,0.0,0.0,0.0,0,0,0.4,0,0,8.3,0.25881904510252074,0.4641016151377546,0,0.0,0.0,0.0,4.8,0.0,0.07071067811865475,0,0,1.3064793799016865,3.1644581417085496,-0.0,-64.4,0,1.0,0.0,6.340585348656986,0,0.0,0.0,22.74780952380953,7.432172524139467
2026-09-22T19:59:25.147879+00:00,20.70794001641536,86.72135547405878,46.3,27.7,16.3,0.45,279.9,19,1,22,9,3,0,-0.9659258262890684,0.2588190451025203,-0.8660254037844384,-0.5000000000000004,1,0.0534970359811569,0.9338639854558837,0.35360447368448833,9666.551000132524,0.0,0.0,0.0,0.0,0.0,0,0,0.4,0,0,26.299999999999997,0.25881904510252074,0.4641016151377546,0,0.0,0.0,0.0,4.8,0.0,0.07071067811865475,0,0,23.134671634210356,7.375266018893036,-0.0,-16.3,0,1.0,0.0,6.340585348656986,0,0.0,0.0,10.112454873646207,0.1205094192614854
2026-09-22T18:59:25.147879+00:00,21.56786289935316,87.61619615328718,42.1,13.8,27.6,0.29,63.8,18,1,22,9,3,0,-1.0,-1.8369701987210297e-16,-0.8660254037844384,-0.5000000000000004,1,0.03868098357646912,0.9291780384045567,0.36760298483039683,9761.045356411394,0.0,0.0,0.0,0.0,0.0,0,0,0.4,0,0,22.1,0.25881904510252074,0.4641016151377546,0,0.0,0.0,0.0,4.8,0.0,0.07071067811865475,0,0,8.822009982171782,7.078099838142393,-0.0,-27.6,0,1.0,0.0,6.340585348656986,0,0.0,0.0,24.202415458937192,0.5850398196844478
2026-09-22T17:59:25.147879+00:00,20.361818311284303,82.37637543992399,34.2,43.1,41.0,0.44,27.6,17,1,22,9,3,0,-0.9659258262890683,-0.25881904510252063,-0.8660254037844384,-0.5000000000000004,1,0.12437538198104603,0.9292273095860705,0.3479473688311237,9213.090526773707,0.0,0.0,0.0,0.0,0.0,0,0,0.4,0,0,14.200000000000003,0.25881904510252074,0.4641016151377546,0,0.0,0.0,0.0,4.8,0.0,0.07071067811865475,0,0,19.842880529168973,3.050647474208541,-0.0,-41.0,0,1.0,0.0,6.340585348656986,0,0.0,0.0,8.067285382830628,1.9178284219606534
2026-09-22T16:59:25.147879+00:00,22.60264264610612,87.28216348611859,30.7,14.5,41.1,0.43,199.5,16,1,22,9,3,0,-0.8660254037844384,-0.5000000000000004,-0.8660254037844384,-0.5000000000000004,1,0.04377539569570452,0.9221540493712503,0.38433790336094886,9728.561202029052,0.0,0.0,0.0,0.0,0.0,0,0,0.4,0,0,10.7,0.25881904510252074,0.4641016151377546,0,0.0,0.0,0.0,4.8,0.0,0.07071067811865475,0,0,0.6119568983620194,3.764806977334979,-0.0,-41.1,0,1.0,0.0,6.340585348656986,0,0.0,0.0,21.560574712643675,1.9318955672426754
2026-09-22T15:59:25.147879+00:00,23.109418317515857,83.67783132719254,38.2,26.5,44.4,0.26,63.1,15,1,22,9,3,0,-0.7071067811865471,-0.7071067811865479,-0.8660254037844384,-0.5000000000000004,1,0.10128261224609768,0.9141634193488819,0.39248831215842184,9361.163534199797,0.0,0.0,0.0,0.0,0.0,0,0,0.4,0,0,18.200000000000003,0.25881904510252074,0.4641016151377546,0,0.0,0.0,0.0,4.8,0.0,0.07071067811865475,0,0,15.592195526975058,4.904882998054043,-0.0,-44.4,0,1.0,0.0,6.340585348656986,0,0.0,0.0,15.472201257861636,2.4356063110443276
2026-09-22T14:59:25.147879+00:00,22.170792254191166,86.32305830593579,28.1,29.5,52.6,0.17,293.8,14,1,22,9,3,0,-0.4999999999999997,-0.8660254037844388,-0.8660254037844384,-0.5000000000000004,1,0.05938907199989982,0.9241567835202754,0.3773687554640015,9628.95284544037,0.0,0.0,0.0,0.0,0.0,0,0,0.4,0,0,8.100000000000001,0.25881904510252074,0.4641016151377546,0,0.0,0.0,0.0,4.8,0.0,0.07071067811865475,0,0,8.62907801139626,2.6729535074703303,-0.0,-52.6,0,1.0,0.0,6.340585348656986,0,0.0,0.0,11.525762711864408,4.049630631382698
2026-09-22T13:59:25.147879+00:00,26.629900073215435,86.33529710760895,46.8,44.5,46.2,0.16,131.8,13,1,22,9,3,0,-0.2588190451025208,-0.9659258262890683,-0.8660254037844384,-0.5000000000000004,1,0.05713718662614955,0.8920925471361553,0.44822564546060395,9643.324023108918,0.0,0.0,0.0,0.0,0.0,0,0,0.4,0,0,26.799999999999997,0.25881904510252074,0.4641016151377546,0,0.0,0.0,0.0,4.8,0.0,0.07071067811865475,0,0,31.68368321681318,5.8071749240578825,-0.0,-46.2,0,1.0,0.0,6.340585348656986,0,0.0,0.0,11.603595505617976,2.7440000000000007
2026-09-22T12:59:25.147879+00:00,22.854026613548715,85.35774684074758,36.3,17.5,45.0,0.18,320.4,12,1,22,9,3,0,1.2246467991473532e-16,-1.0,-0.8660254037844384,-0.5000000000000004,1,0.07458045051020476,0.9184743319518327,0.3883846777968069,9531.949756365173,0.0,0.0,0.0,0.0,0.0,0,0,0.4,0,0,16.299999999999997,0.25881904510252074,0.4641016151377546,0,0.0,0.0,0.0,4.8,0.0,0.07071067811865475,0,0,7.745541422025853,4.965775661870971,-0.0,-45.0,0,1.0,0.0,6.340585348656986,0,0.0,0.0,22.47142857142857,2.5356874530428244
2026-09-22T11:59:25.147879+00:00,22.247476077499044,80.90289770054409,36.0,15.8,17.7,0.35,202.3,11,1,22,9,3,0,0.258819045102521,-0.9659258262890682,-0.8660254037844384,-0.5000000000000004,1,0.1463381146306039,0.9139153434446468,0.3786078462245778,9071.863206401411,0.0,0.0,0.0,0.0,0.0,0,0,0.4,0,0,16.0,0.25881904510252074,0.4641016151377546,0,0.0,0.0,0.0,4.8,0.0,0.07071067811865475,0,0,6.017116428100615,4.985553675911623,-0.0,-17.7,0,1.0,0.0,6.340585348656986,0,0.0,0.0,14.316455696202532,0.15430428249436515
2026-09-22T10:59:25.147879+00:00,24.34156866526599,88.35302495589238,35.8,12.3,33.8,0.2,72.1,10,1,22,9,3,0,0.49999999999999994,-0.8660254037844387,-0.8660254037844384,-0.5000000000000004,1,0.02618621671660476,0.9107280898696086,0.4121754825029324,9840.691938762682,0.0,0.0,0.0,0.0,0.0,0,0,0.4,0,0,15.799999999999997,0.25881904510252074,0.4641016151377546,0,0.0,0.0,0.0,4.8,0.0,0.07071067811865475,0,0,2.292918472752348,5.136149361152905,-0.0,-33.8,0,1.0,0.0,6.340585348656986,0,0.0,0.0,26.0981029810298,1.0745046052814646
2026-09-22T09:59:25.147879+00:00,21.1273937997981,83.20780064971736,29.4,17.1,26.6,0.22,57.5,9,1,22,9,3,0,0.7071067811865476,-0.7071067811865475,-0.8660254037844384,-0.5000000000000004,1,0.11031890552373709,0.9262346950205984,0.36044282323850446,9303.268158359808,0.0,0.0,0.0,0.0,0.0,0,0,0.4,0,0,9.399999999999999,0.25881904510252074,0.4641016151377546,0,0.0,0.0,0.0,4.8,0.0,0.07071067811865475,0,0,1.8704636479208843,3.3884578867801034,-0.0,-26.6,0,1.0,0.0,6.340585348656986,0,0.0,0.0,13.353216374269005,0.5237247405181291
2026-09-22T08:59:25.147879+00:00,26.41757584603232,81.86518510399854,40.8,18.8,28.3,0.26,206.0,8,1,22,9,3,0,0.8660254037844387,-0.4999999999999998,-0.8660254037844384,-0.5000000000000004,1,0.12672639660413088,0.8865639177870432,0.4449099235596137,9197.99274290191,0.0,0.0,0.0,0.0,0.0,0,0,0.4,0,0,20.799999999999997,0.25881904510252074,0.4641016151377546,0,0.0,0.0,0.0,4.8,0.0,0.07071067811865475,0,0,12.437743438666393,6.226199461516326,-0.0,-28.3,0,1.0,0.0,6.340585348656986,0,0.0,0.0,17.470212765957445,0.6306922391963714
2026-09-22T07:59:25.147879+00:00,20.59640514943817,80.40775141554764,42.7,32.8,42.7,0.42,269.0,7,1,22,9,3,0,0.9659258262890683,-0.25881904510252063,-0.8660254037844384,-0.5000000000000004,1,0.1559842884689633,0.9229938681901168,0.351782917485026,9009.692779354518,0.0,0.0,0.0,0.0,0.0,0,0,0.4,0,0,22.700000000000003,0.25881904510252074,0.4641016151377546,0,0.0,0.0,0.0,4.8,0.0,0.07071067811865475,0,0,22.86013568532863,5.693940765007968,-0.0,-42.7,0,1.0,0.0,6.340585348656986,0,0.0,0.0,13.60411585365854,2.1664157553496395
2026-09-22T06:59:25.147879+00:00,27.89509549280414,85.90892943188241,41.5,19.3,25.0,0.17,275.7,6,1,22,9,3,0,1.0,6.123233995736766e-17,-0.8660254037844384,-0.5000000000000004,1,0.06305245991937733,0.8815536682675533,0.46785416238624605,9605.569526489551,0.0,0.0,0.0,0.0,0.0,0,0,0.4,0,0,21.5,0.25881904510252074,0.4641016151377546,0,0.0,0.0,0.0,4.8,0.0,0.07071067811865475,0,0,13.404807710248306,6.420814153478295,-0.0,-25.0,0,1.0,0.0,6.340585348656986,0,0.0,0.0,16.126943005181346,0.4347886579291538
2026-09-22T05:59:25.147879+00:00,26.177958154373258,86.77564361842282,30.8,12.7,29.7,0.1,103.8,5,1,22,9,3,0,0.9659258262890683,0.25881904510252074,-0.8660254037844384,-0.5000000000000004,1,0.05047668653396099,0.8960074730524439,0.44116064234100294,9685.819709603182,0.0,0.0,0.0,0.0,0.0,0,0,0.4,0,0,10.8,0.25881904510252074,0.4641016151377546,0,0.0,0.0,0.0,4.8,0.0,0.07071067811865475,0,0,-1.130152047459044,3.8660256040768304,-0.0,-29.7,0,1.0,0.0,6.340585348656986,0,0.0,0.0,20.088713910761154,0.7290000000000001
2026-09-22T04:59:25.147879+00:00,21.589725452273377,80.16587828927857,39.6,39.3,26.9,0.12,79.4,4,1,22,9,3,0,0.8660254037844386,0.5000000000000001,-0.8660254037844384,-0.5000000000000004,1,0.15881366994732285,0.9161797120105523,0.36795781488932183,8991.439254848437,0.0,0.0,0.0,0.0,0.0,0,0,0.4,0,0,19.6,0.25881904510252074,0.4641016151377546,0,0.0,0.0,0.0,4.8,0.0,0.07071067811865475,0,0,23.14376708668691,4.3667028046926815,-0.0,-26.9,0,1.0,0.0,6.340585348656986,0,0.0,0.0,7.876335877862595,0.5416453515875002
2026-09-22T03:59:25.147879+00:00,20.04417693698882,85.12093058299281,39.4,24.1,62.4,0.42,15.7,3,1,22,9,3,0,0.7071067811865475,0.7071067811865476,-0.8660254037844384,-0.5000000000000004,1,0.07990117177876342,0.9360245502312458,0.3427445756139324,9497.949824255053,0.0,0.0,0.0,0.0,0.0,0,0,0.4,0,0,19.4,0.25881904510252074,0.4641016151377546,0,0.0,0.0,0.0,4.8,0.0,0.07071067811865475,0,0,15.116432349019108,5.402146827225759,-0.0,-62.4,0,1.0,0.0,6.340585348656986,0,0.0,0.0,22.452005532503456,6.761015777610819
2026-09-22T02:59:25.147879+00:00,26.523691427638678,82.26495775197938,45.4,23.7,62.2,0.33,240.9,2,1,22,9,3,0,0.49999999999999994,0.8660254037844387,-0.8660254037844384,-0.5000000000000004,1,0.12042638519724723,0.8866085178587918,0.44656782442151016,9238.440213465594,0.0,0.0,0.0,0.0,0.0,0,0,0.4,0,0,25.4,0.25881904510252074,0.4641016151377546,0,0.0,0.0,0.0,4.8,0.0,0.07071067811865475,0,0,19.83075047070247,7.433736550669096,-0.0,-62.2,0,1.0,0.0,6.340585348656986,0,0.0,0.0,26.243881856540085,6.696214152544733
2026-09-22T01:59:25.147879+00:00,25.65485875078094,86.4517279040945,35.6,22.0,45.5,0.2,36.0,1,1,22,9,3,0,0.25881904510252074,0.9659258262890683,-0.8660254037844384,-0.5000000000000004,1,0.055788292357230686,0.8996903960106211,0.4329490244383467,9651.93156070016,0.0,0.0,0.0,0.0,0.0,0,0,0.4,0,0,15.600000000000001,0.25881904510252074,0.4641016151377546,0,0.0,0.0,0.0,4.8,0.0,0.07071067811865475,0,0,10.572930643783566,4.5181685583517375,-0.0,-45.5,0,1.0,0.0,6.340585348656986,0,0.0,0.0,17.665151515151518,2.6211529899546435
2026-09-22T00:59:25.147879+00:00,25.8320573443279,81.74366429004992,35.4,44.2,61.2,0.16,153.1,0,1,22,9,3,0,0.0,1.0,-0.8660254037844384,-0.5000000000000004,1,0.12925263700694972,0.8907462996018265,0.43573476516385845,9181.764592642274,0.0,0.0,0.0,0.0,0.0,0,0,0.4,0,0,15.399999999999999,0.25881904510252074,0.4641016151377546,0,0.0,0.0,0.0,4.8,0.0,0.07071067811865475,0,0,21.330513343893685,3.1968688026746603,-0.0,-61.2,0,1.0,0.0,6.340585348656986,0,0.0,0.0,10.838914027149322,6.378410217881294
2026-09-21T23:59:25.147879+00:00,26.170162773487565,86.90937738102465,40.4,17.6,54.3,0.2,214.6,23,0,21,9,3,0,-0.25881904510252157,0.9659258262890681,-0.8660254037844384,-0.5000000000000004,1,0.048388420507958496,0.8961827761218482,0.4410385386145777,9699.14033984563,0.0,0.0,0.0,0.0,0.0,0,0,0.4,0,0,20.4,0.25881904510252074,0.4641016151377546,0,0.0,0.0,0.0,4.8,0.0,0.07071067811865475,0,0,11.116300646465898,6.185670133129261,-0.0,-54.3,0,1.0,0.0,6.340585348656986,0,0.0,0.0,28.425378787878785,4.455102178812921
2026-09-21T22:59:25.147879+00:00,20.592357213872724,83.86735346300537,40.7,41.6,44.5,0.14,328.6,22,0,21,9,3,0,-0.5000000000000004,0.8660254037844384,-0.8660254037844384,-0.5000000000000004,1,0.10000483112788364,0.9307493425035246,0.3517167826253678,9369.345823607195,0.0,0.0,0.0,0.0,0.0,0,0,0.4,0,0,20.700000000000003,0.25881904510252074,0.4641016151377546,0,0.0,0.0,0.0,4.8,0.0,0.07071067811865475,0,0,25.07004143300387,4.454310259338499,-0.0,-44.5,0,1.0,0.0,6.340585348656986,0,0.0,0.0,10.517427884615383,2.4521002031332606
2026-09-21T21:59:25.147879+00:00,22.86772582835418,89.36729988736735,37.4,37.6,15.3,0.43,116.0,21,0,21,9,3,0,-0.7071067811865477,0.7071067811865474,-0.8660254037844384,-0.5000000000000004,1,0.010174586257206289,0.9213482712335946,0.388604993392212,9942.719990489131,0.0,0.0,0.0,0.0,0.0,0,0,0.4,0,0,17.4,0.25881904510252074,0.4641016151377546,0,0.0,0.0,0.0,4.8,0.0,0.07071067811865475,0,0,20.47619947378497,3.9878126387226702,-0.0,-15.3,0,1.0,0.0,6.340585348656986,0,0.0,0.0,5.852039007092199,0.09966265965439522
2026-09-21T20:59:25.147879+00:00,20.92695247620104,81.37520944145993,36.9,14.5,53.6,0.37,94.9,20,0,21,9,3,0,-0.8660254037844386,0.5000000000000001,-0.8660254037844384,-0.5000000000000004,1,0.14007105647180657,0.9234740878282882,0.35717741844716766,9112.206519024397,0.0,0.0,0.0,0.0,0.0,0,0,0.4,0,0,16.9,0.25881904510252074,0.4641016151377546,0,0.0,0.0,0.0,4.8,0.0,0.07071067811865475,0,0,5.487187558622865,5.317606504850358,-0.0,-53.6,0,1.0,0.0,6.340585348656986,0,0.0,0.0,31.216551724137933,4.28501700197568
2026-09-21T19:59:25.147879+00:00,26.90482740700475,83.41066351050259,37.9,44.6,50.1,0.26,232.4,19,0,21,9,3,0,-0.9659258262890684,0.2588190451025203,-0.8660254037844384,-0.5000000000000004,1,0.10233141494904203,0.8858685689084075,0.452509845345598,9354.446712380084,0.0,0.0,0.0,0.0,0.0,0,0,0.4,0,0,17.9,0.25881904510252074,0.4641016151377546,0,0.0,0.0,0.0,4.8,0.0,0.07071067811865475,0,0,23.72840440030153,3.637618735583217,-0.0,-50.1,0,1.0,0.0,6.340585348656986,0,0.0,0.0,9.928213751868459,3.499220886551466
2026-09-21T18:59:25.147879+00:00,24.986385014620463,81.13473521240589,45.2,21.0,45.8,0.4,220.5,18,0,21,9,3,0,-1.0,-1.8369701987210297e-16,-0.8660254037844384,-0.5000000000000004,1,0.13968784671067672,0.8955797599018257,0.42240288722441605,9114.672189568266,0.0,0.0,0.0,0.0,0.0,0,0,0.4,0,0,25.200000000000003,0.25881904510252074,0.4641016151377546,0,0.0,0.0,0.0,4.8,0.0,0.07071067811865475,0,0,17.72831165138997,7.61829242037121,-0.0,-45.8,0,1.0,0.0,6.340585348656986,0,0.0,0.0,23.604444444444447,2.673342571722736
2026-09-21T17:59:25.147879+00:00,22.647184198821197,89.24693618278563,37.2,15.3,53.0,0.19,122.9,17,0,21,9,3,0,-0.9659258262890683,-0.25881904510252063,-0.8660254037844384,-0.5000000000000004,1,0.012129648025033449,0.9228137155387545,0.3850554739934853,9930.263515353381,0.0,0.0,0.0,0.0,0.0,0,0,0.4,0,0,17.200000000000003,0.25881904510252074,0.4641016151377546,0,0.0,0.0,0.0,4.8,0.0,0.07071067811865475,0,0,6.500113010946568,5.354497100262557,-0.0,-53.0,0,1.0,0.0,6.340585348656986,0,0.0,0.0,29.581699346405227,4.142721985697191
2026-09-21T16:59:25.147879+00:00,20.50846680228819,88.77339353380981,46.8,39.4,40.6,0.35,325.6,16,0,21,9,3,0,-0.8660254037844384,-0.5000000000000004,-0.8660254037844384,-0.5000000000000004,1,0.020049939584427922,0.9364058016508529,0.35034579283514233,9879.79667291059,0.0,0.0,0.0,0.0,0.0,0,0,0.4,0,0,26.799999999999997,0.25881904510252074,0.4641016151377546,0,0.0,0.0,0.0,4.8,0.0,0.07071067811865475,0,0,29.548968799076736,6.340807214376716,-0.0,-40.6,0,1.0,0.0,6.340585348656986,0,0.0,0.0,11.996954314720814,1.862242702507166
2026-09-21T15:59:25.147879+00:00,22.487858573725298,82.57941627715155,38.1,35.3,50.2,0.4,297.3,15,0,21,9,3,0,-0.7071067811865471,-0.7071067811865479,-0.8660254037844384,-0.5000000000000004,1,0.11933122135558163,0.9162222764885577,0.3824876464356857,9245.468184647854,0.0,0.0,0.0,0.0,0.0,0,0,0.4,0,0,18.1,0.25881904510252074,0.4641016151377546,0,0.0,0.0,0.0,4.8,0.0,0.07071067811865475,0,0,20.066898479440106,4.294401646784247,-0.0,-50.2,0,1.0,0.0,6.340585348656986,0,0.0,0.0,12.628045325779038,3.520216156050867
2026-09-21T14:59:25.147879+00:00,22.601466576213976,86.5998404603418,47.0,32.4,61.8,0.22,86.2,14,0,21,9,3,0,-0.4999999999999997,-0.8660254037844388,-0.8660254037844384,-0.5000000000000004,1,0.05475423275080928,0.921575236174066,0.38431895356147183,9658.52964073711,0.0,0.0,0.0,0.0,0.0,0,0,0.4,0,0,27.0,0.25881904510252074,0.4641016151377546,0,0.0,0.0,0.0,4.8,0.0,0.07071067811865475,0,0,26.360558799876273,7.1453051980217035,-0.0,-61.8,0,1.0,0.0,6.340585348656986,0,0.0,0.0,19.776748971193413,6.567855747558225
2026-09-21T13:59:25.147879+00:00,25.83684942670451,88.17222200201216,44.7,17.1,33.8,0.37,91.3,13,0,21,9,3,0,-0.2588190451025208,-0.9659258262890683,-0.8660254037844384,-0.5000000000000004,1,0.028707033659066947,0.8995807423251565,0.43581004377620497,9824.625757151312,0.0,0.0,0.0,0.0,0.0,0,0,0.4,0,0,24.700000000000003,0.25881904510252074,0.4641016151377546,0,0.0,0.0,0.0,4.8,0.0,0.07071067811865475,0,0,14.1068643052746,7.791611457589452,-0.0,-33.8,0,1.0,0.0,6.340585348656986,0,0.0,0.0,23.439181286549704,1.0745046052814646
2026-09-21T12:59:25.147879+00:00,25.100459770841702,85.55200811599462,35.2,27.8,50.4,0.2,184.2,12,0,21,9,3,0,1.2246467991473532e-16,-1.0,-0.8660254037844384,-0.5000000000000004,1,0.07023035343007368,0.9028379600214499,0.4242066894821367,9559.737181267263,0.0,0.0,0.0,0.0,0.0,0,0,0.4,0,0,15.200000000000003,0.25881904510252074,0.4641016151377546,0,0.0,0.0,0.0,4.8,0.0,0.07071067811865475,0,0,13.79719700292441,4.091132998551516,-0.0,-50.4,0,1.0,0.0,6.340585348656986,0,0.0,0.0,14.856594724220622,3.5624583020285505
2026-09-21T11:59:25.147879+00:00,27.09770194061061,85.29650578356006,45.3,37.8,38.8,0.2,273.0,11,0,21,9,3,0,0.258819045102521,-0.9659258262890682,-0.8660254037844384,-0.5000000000000004,1,0.07299831520259388,0.8872331222670611,0.45550920158634023,9542.057095632237,0.0,0.0,0.0,0.0,0.0,0,0,0.4,0,0,25.299999999999997,0.25881904510252074,0.4641016151377546,0,0.0,0.0,0.0,4.8,0.0,0.07071067811865475,0,0,27.512698687924807,6.029034358363839,-0.0,-38.8,0,1.0,0.0,6.340585348656986,0,0.0,0.0,11.744444444444445,1.6253741825973231
2026-09-21T10:59:25.147879+00:00,23.777719401295595,82.41852290900452,30.2,22.0,48.7,0.14,25.0,10,0,21,9,3,0,0.49999999999999994,-0.8660254037844387,-0.8660254037844384,-0.5000000000000004,1,0.12073675667372587,0.9071168008413113,0.40318946566017116,9236.448302648594,0.0,0.0,0.0,0.0,0.0,0,0,0.4,0,0,10.2,0.25881904510252074,0.4641016151377546,0,0.0,0.0,0.0,4.8,0.0,0.07071067811865475,0,0,6.108565138470226,3.337905892853631,-0.0,-48.7,0,1.0,0.0,6.340585348656986,0,0.0,0.0,15.717727272727274,3.2139940173080674
2026-09-21T09:59:25.147879+00:00,20.956753967506412,80.931027678059,46.5,22.3,53.1,0.25,245.7,9,0,21,9,3,0,0.7071067811865476,-0.7071067811865475,-0.8660254037844384,-0.5000000000000004,1,0.14719664457400344,0.9221768741330323,0.357663194416736,9066.333632384949,0.0,0.0,0.0,0.0,0.0,0,0,0.4,0,0,26.5,0.25881904510252074,0.4641016151377546,0,0.0,0.0,0.0,4.8,0.0,0.07071067811865475,0,0,19.753803247359357,8.007152178150465,-0.0,-53.1,0,1.0,0.0,6.340585348656986,0,0.0,0.0,25.40470852017937,4.166215627347859
2026-09-21T08:59:25.147879+00:00,25.70595829778396,88.97215757953327,40.6,12.1,17.3,0.36,230.4,8,0,21,9,3,0,0.8660254037844387,-0.4999999999999998,-0.8660254037844384,-0.5000000000000004,1,0.016162955880961095,0.9008869399962278,0.4337527869667505,9904.564722049598,0.0,0.0,0.0,0.0,0.0,0,0,0.4,0,0,20.6,0.25881904510252074,0.4641016151377546,0,0.0,0.0,0.0,4.8,0.0,0.07071067811865475,0,0,5.744008619760302,6.668919207241327,-0.0,-17.3,0,1.0,0.0,6.340585348656986,0,0.0,0.0,20.859228650137744,0.14407760803628575
2026-09-21T07:59:25.147879+00:00,26.08628038893518,89.0041805716333,29.1,17.8,47.3,0.43,88.7,7,0,21,9,3,0,0.9659258262890683,-0.25881904510252063,-0.8660254037844384,-0.5000000000000004,1,0.015609058215861914,0.8979972458090931,0.4397241224005081,9908.094049486948,0.0,0.0,0.0,0.0,0.0,0,0,0.4,0,0,9.100000000000001,0.25881904510252074,0.4641016151377546,0,0.0,0.0,0.0,4.8,0.0,0.07071067811865475,0,0,2.190198874874069,3.302281497581389,-0.0,-47.3,0,1.0,0.0,6.340585348656986,0,0.0,0.0,18.337359550561796,2.944703703703704
2026-09-21T06:59:25.147879+00:00,24.49021758055597,86.33101457273268,40.9,40.9,26.3,0.31,241.7,6,0,21,9,3,0,1.0,6.123233995736766e-17,-0.8660254037844384,-0.5000000000000004,1,0.05823488145615323,0.9081668622083222,0.4145378739855722,9636.318943952963,0.0,0.0,0.0,0.0,0.0,0,0,0.4,0,0,20.9,0.25881904510252074,0.4641016151377546,0,0.0,0.0,0.0,4.8,0.0,0.07071067811865475,0,0,24.96269104498799,4.555669543728522,-0.0,-26.3,0,1.0,0.0,6.340585348656986,0,0.0,0.0,7.716666666666667,0.5062038289228372
2026-09-21T05:59:25.147879+00:00,26.16773743963649,83.390297910487,47.5,26.6,48.5,0.4,329.7,5,0,21,9,3,0,0.9659258262890683,0.25881904510252074,-0.8660254037844384,-0.5000000000000004,1,0.10330784726679934,0.8915413651683068,0.4410005474905122,9348.192715748915,0.0,0.0,0.0,0.0,0.0,0,0,0.4,0,0,27.5,0.25881904510252074,0.4641016151377546,0,0.0,0.0,0.0,4.8,0.0,0.07071067811865475,0,0,23.47149755619118,7.956985055821343,-0.0,-48.5,0,1.0,0.0,6.340585348656986,0,0.0,0.0,20.386904761904763,3.174558950385397
2026-09-21T04:59:25.147879+00:00,23.95036477091513,83.49209574612661,29.4,44.5,38.4,0.39,25.9,4,0,21,9,3,0,0.8660254037844386,0.5000000000000001,-0.8660254037844384,-0.5000000000000004,1,0.10358139619268683,0.9080085242222793,0.4059450877919969,9346.440535465312,0.0,0.0,0.0,0.0,0.0,0,0,0.4,0,0,9.399999999999999,0.25881904510252074,0.4641016151377546,0,0.0,0.0,0.0,4.8,0.0,0.07071067811865475,0,0,16.03272745074252,2.2685092004378253,-0.0,-38.4,0,1.0,0.0,6.340585348656986,0,0.0,0.0,6.430561797752809,1.5756213373403454
2026-09-21T03:59:25.147879+00:00,24.181862635055957,87.2595567887024,39.1,25.1,53.7,0.16,118.7,3,0,21,9,3,0,0.7071067811865475,0.7071067811865476,-0.8660254037844384,-0.5000000000000004,1,0.0436160534924904,0.9112065628494275,0.4096342755408446,9729.577341736373,0.0,0.0,0.0,0.0,0.0,0,0,0.4,0,0,19.1,0.25881904510252074,0.4641016151377546,0,0.0,0.0,0.0,4.8,0.0,0.07071067811865475,0,0,15.500034396639668,5.246061148840703,-0.0,-53.7,0,1.0,0.0,6.340585348656986,0,0.0,0.0,19.134594953519255,4.309045078888055
2026-09-21T02:59:25.147879+00:00,23.4203281468684,88.97110259952578,43.0,35.6,21.2,0.27,159.0,2,0,21,9,3,0,0.49999999999999994,0.8660254037844387,-0.8660254037844384,-0.5000000000000004,1,0.01647729688862119,0.917465711876613,0.3974734786347187,9902.56178872661,0.0,0.0,0.0,0.0,0.0,0,0,0.4,0,0,23.0,0.25881904510252074,0.4641016151377546,0,0.0,0.0,0.0,4.8,0.0,0.07071067811865475,0,0,24.4837428306458,5.542743843643462,-0.0,-21.2,0,1.0,0.0,6.340585348656986,0,0.0,0.0,8.294007490636703,0.2651342070846203
2026-09-21T01:59:25.147879+00:00,20.20335301395276,88.87086424265118,44.2,21.3,46.3,0.14,315.7,1,0,21,9,3,0,0.25881904510252074,0.9659258262890683,-0.8660254037844384,-0.5000000000000004,1,0.01849341489671819,0.9382905818853262,0.3453531200825524,9889.715134715772,0.0,0.0,0.0,0.0,0.0,0,0,0.4,0,0,24.200000000000003,0.25881904510252074,0.4641016151377546,0,0.0,0.0,0.0,4.8,0.0,0.07071067811865475,0,0,17.137018680149804,7.208586569989324,-0.0,-46.3,0,1.0,0.0,6.340585348656986,0,0.0,0.0,22.930046948356807,2.761856777137768
2026-09-21T00:59:25.147879+00:00,20.863131415946437,87.79875545857624,36.3,24.0,28.9,0.34,337.2,0,0,21,9,3,0,0.0,1.0,-0.8660254037844384,-0.5000000000000004,1,0.03589114981606692,0.933744298786047,0.3561367853078842,9778.83176117679,0.0,0.0,0.0,0.0,0.0,0,0,0.4,0,0,16.299999999999997,0.25881904510252074,0.4641016151377546,0,0.0,0.0,0.0,4.8,0.0,0.07071067811865475,0,0,12.470019378713147,4.574532730935682,-0.0,-28.9,0,1.0,0.0,6.340585348656986,0,0.0,0.0,12.326875,0.6716634387956701
