Category,ID_or_Keyword,Title_or_Type,Severity_Level,Impact_or_SurgeRatio,Location,Timestamp
GDACS_OFFICIAL,1031934,Green forest fire notification in Namibia,Green,Score: 1.0 (Green impact for forestfire in 5747 ha),Namibia,"Sun, 13 Sep 2026 15:01:46 GMT"
GDACS_OFFICIAL,1031935,Green forest fire notification in Namibia,Green,Score: 1.0 (Green impact for forestfire in 8138 ha),Namibia,"Sun, 13 Sep 2026 07:01:12 GMT"
GDACS_OFFICIAL,1564809,"Green earthquake (Magnitude 6.5M, Depth:372km) in Indonesia 11/09/2026 21:23 UTC, 20 thousand in 100km.",Green,"Score: 0.0 (Magnitude 6.5M, Depth:372km)",Indonesia,"Fri, 11 Sep 2026 21:43:40 GMT"
GDACS_OFFICIAL,1564759,"Green earthquake (Magnitude 5.9M, Depth:111.763km) in Indonesia 11/09/2026 11:56 UTC, 10 thousand in MMI IV.",Green,"Score: 0.0 (Magnitude 5.9M, Depth:111.8km)",Indonesia,"Fri, 11 Sep 2026 12:12:21 GMT"
GDACS_OFFICIAL,1104153,Green flood alert in Croatia,Green,Score: 1.0 (Magnitude 0),Croatia,"Sun, 13 Sep 2026 10:35:34 GMT"
GDACS_OFFICIAL,1104152,Green flood alert in Slovenia,Green,Score: 1.0 (Magnitude 0),Slovenia,"Sat, 12 Sep 2026 06:26:17 GMT"
GDACS_OFFICIAL,1031915,Green forest fire notification in Australia,Green,Score: 1.0 (Green impact for forestfire in 5925 ha),Australia,"Sat, 12 Sep 2026 11:01:30 GMT"
GDACS_OFFICIAL,1031898,Green forest fire notification in Botswana,Green,Score: 1.0 (Green impact for forestfire in 13953 ha),Botswana,"Fri, 11 Sep 2026 23:00:55 GMT"
GDACS_OFFICIAL,1031916,Green forest fire notification in Australia,Green,Score: 1.0 (Green impact for forestfire in 13061 ha),Australia,"Sat, 12 Sep 2026 11:02:02 GMT"
GDACS_OFFICIAL,1031920,Green forest fire notification in Namibia,Green,Score: 1.0 (Green impact for forestfire in 7051 ha),Namibia,"Sun, 13 Sep 2026 07:01:44 GMT"
GDACS_OFFICIAL,1031921,Green forest fire notification in Namibia,Green,Score: 1.0 (Green impact for forestfire in 5622 ha),Namibia,"Sun, 13 Sep 2026 03:02:22 GMT"
GDACS_OFFICIAL,1031900,Green forest fire notification in Zambia,Green,Score: 1.0 (Green impact for forestfire in 9229 ha),Zambia,"Sat, 12 Sep 2026 15:01:51 GMT"
GDACS_OFFICIAL,1031899,Green forest fire notification in Angola,Green,Score: 1.0 (Green impact for forestfire in 6250 ha),Angola,"Sat, 12 Sep 2026 23:01:12 GMT"
GDACS_OFFICIAL,1001320,Green notification for tropical cyclone NORBERT-26. Population affected by Category 1 (120 km/h) wind speeds or higher is 0  (0 in Tropical Storm).,Green,Score: 1.0 (Tropical Storm (maximum wind speed of 83 km/h)),International,"Wed, 09 Sep 2026 21:06:56 GMT"
GDACS_OFFICIAL,1104149,Green flood alert in France,Green,Score: 1.0 (Magnitude 0),France,"Fri, 11 Sep 2026 08:46:48 GMT"
GDACS_OFFICIAL,1104151,Green flood alert in Spain,Green,Score: 1.0 (Magnitude 0),Spain,"Fri, 11 Sep 2026 11:56:59 GMT"
GDACS_OFFICIAL,1031901,Green forest fire notification in Angola,Green,Score: 1.0 (Green impact for forestfire in 7070 ha),Angola,"Sat, 12 Sep 2026 03:02:11 GMT"
GDACS_OFFICIAL,1031902,Green forest fire notification in Botswana,Green,Score: 1.0 (Green impact for forestfire in 5259 ha),Botswana,"Sat, 12 Sep 2026 15:01:59 GMT"
GDACS_OFFICIAL,1031872,Green forest fire notification in Kazakhstan,Green,Score: 1.0 (Green impact for forestfire in 5193 ha),Kazakhstan,"Thu, 10 Sep 2026 15:01:53 GMT"
GDACS_OFFICIAL,1031936,Green forest fire notification in Brazil,Green,Score: 1.0 (Green impact for forestfire in 5223 ha),Brazil,"Sun, 13 Sep 2026 15:02:51 GMT"
GDACS_OFFICIAL,1031922,Green forest fire notification in Namibia,Green,Score: 1.0 (Green impact for forestfire in 6235 ha),Namibia,"Sun, 13 Sep 2026 03:02:41 GMT"
GDACS_OFFICIAL,1031923,Green forest fire notification in Angola,Green,Score: 1.0 (Green impact for forestfire in 20304 ha),Angola,"Sun, 13 Sep 2026 03:03:22 GMT"
GDACS_OFFICIAL,1031924,Green forest fire notification in Zambia,Green,Score: 1.0 (Green impact for forestfire in 6707 ha),Zambia,"Sun, 13 Sep 2026 03:02:47 GMT"
GDACS_OFFICIAL,1031925,Green forest fire notification in Indonesia,Green,Score: 1.0 (Green impact for forestfire in 5660 ha),Indonesia,"Sun, 13 Sep 2026 03:02:28 GMT"
GDACS_OFFICIAL,1031879,Green forest fire notification in Angola,Green,Score: 1.0 (Green impact for forestfire in 9732 ha),Angola,"Thu, 10 Sep 2026 19:01:06 GMT"
GDACS_OFFICIAL,1031888,Green forest fire notification in Namibia,Green,Score: 1.0 (Green impact for forestfire in 40292 ha),Namibia,"Thu, 10 Sep 2026 23:01:12 GMT"
GDACS_OFFICIAL,1031892,Green forest fire notification in Namibia,Green,Score: 1.0 (Green impact for forestfire in 7594 ha),Namibia,"Fri, 11 Sep 2026 03:01:07 GMT"
GDACS_OFFICIAL,1104150,Green flood alert in Germany,Green,Score: 1.0 (Magnitude 0),Germany,"Fri, 11 Sep 2026 09:05:42 GMT"
GDACS_OFFICIAL,1031866,Green forest fire notification in Australia,Green,Score: 1.0 (Green impact for forestfire in 9898 ha),Australia,"Thu, 10 Sep 2026 11:02:35 GMT"
GDACS_OFFICIAL,1031851,Green forest fire notification in Türkiye,Green,Score: 1.0 (Green impact for forestfire in 7842 ha),Türkiye,"Wed, 09 Sep 2026 07:01:12 GMT"
GDACS_OFFICIAL,1031852,"Green forest fire notification in The Democratic Republic of Congo, Zambia",Green,Score: 1.0 (Green impact for forestfire in 7602 ha),"The Democratic Republic of Congo, Zambia","Wed, 09 Sep 2026 19:01:15 GMT"
GDACS_OFFICIAL,1031894,Green forest fire notification in Brazil,Green,Score: 1.0 (Green impact for forestfire in 10799 ha),Brazil,"Fri, 11 Sep 2026 07:02:41 GMT"
GDACS_OFFICIAL,1031927,Green forest fire notification in Namibia,Green,Score: 1.0 (Green impact for forestfire in 5721 ha),Namibia,"Sun, 13 Sep 2026 03:03:57 GMT"
GDACS_OFFICIAL,1031926,Green forest fire notification in Sudan,Green,Score: 1.0 (Green impact for forestfire in 5663 ha),Sudan,"Sun, 13 Sep 2026 15:04:17 GMT"
GDACS_OFFICIAL,1104147,Green flood alert in Islamic Republic of Iran,Green,Score: 1.0 (Magnitude 0),Islamic Republic of Iran,"Thu, 10 Sep 2026 07:37:51 GMT"
GDACS_OFFICIAL,1031861,Green forest fire notification in Namibia,Green,Score: 1.0 (Green impact for forestfire in 6212 ha),Namibia,"Thu, 10 Sep 2026 15:04:21 GMT"
GDACS_OFFICIAL,1031816,Green forest fire notification in Australia,Green,Score: 1.0 (Green impact for forestfire in 15389 ha),Australia,"Mon, 07 Sep 2026 23:01:37 GMT"
GDACS_OFFICIAL,1031826,Green forest fire notification in Zambia,Green,Score: 1.0 (Green impact for forestfire in 7263 ha),Zambia,"Tue, 08 Sep 2026 19:01:56 GMT"
GDACS_OFFICIAL,1031844,Green forest fire notification in Türkiye,Green,Score: 1.0 (Green impact for forestfire in 5330 ha),Türkiye,"Wed, 09 Sep 2026 03:02:38 GMT"
GDACS_OFFICIAL,1031880,Green forest fire notification in Kazakhstan,Green,Score: 1.0 (Green impact for forestfire in 8197 ha),Kazakhstan,"Thu, 10 Sep 2026 19:04:03 GMT"
GDACS_OFFICIAL,1031903,Green forest fire notification in Zambia,Green,Score: 1.0 (Green impact for forestfire in 10756 ha),Zambia,"Sat, 12 Sep 2026 15:04:16 GMT"
GDACS_OFFICIAL,1031904,Green forest fire notification in Zambia,Green,Score: 1.0 (Green impact for forestfire in 20168 ha),Zambia,"Sat, 12 Sep 2026 07:03:24 GMT"
GDACS_OFFICIAL,1031881,Green forest fire notification in Angola,Green,Score: 1.0 (Green impact for forestfire in 5929 ha),Angola,"Fri, 11 Sep 2026 07:03:43 GMT"
GDACS_OFFICIAL,1031914,Green forest fire notification in Zambia,Green,Score: 1.0 (Green impact for forestfire in 5595 ha),Zambia,"Sat, 12 Sep 2026 15:04:01 GMT"
GDACS_OFFICIAL,1031817,Green forest fire notification in Brazil,Green,Score: 1.0 (Green impact for forestfire in 19382 ha),Brazil,"Tue, 08 Sep 2026 07:02:41 GMT"
GDACS_OFFICIAL,1031889,Green forest fire notification in Brazil,Green,Score: 1.0 (Green impact for forestfire in 13122 ha),Brazil,"Thu, 10 Sep 2026 23:04:13 GMT"
GDACS_OFFICIAL,1031862,Green forest fire notification in Australia,Green,Score: 1.0 (Green impact for forestfire in 20885 ha),Australia,"Thu, 10 Sep 2026 07:02:34 GMT"
GDACS_OFFICIAL,1031867,Green forest fire notification in Australia,Green,Score: 1.0 (Green impact for forestfire in 6588 ha),Australia,"Thu, 10 Sep 2026 11:05:44 GMT"
GDACS_OFFICIAL,1031937,Green forest fire notification in Australia,Green,Score: 1.0 (Green impact for forestfire in 5359 ha),Australia,"Sun, 13 Sep 2026 15:04:34 GMT"
GDACS_OFFICIAL,1031912,Green forest fire notification in Brazil,Green,Score: 1.0 (Green impact for forestfire in 6214 ha),Brazil,"Sat, 12 Sep 2026 07:03:12 GMT"
GDACS_OFFICIAL,1031868,Green forest fire notification in Papua New Guinea,Green,Score: 1.0 (Green impact for forestfire in 7662 ha),Papua New Guinea,"Thu, 10 Sep 2026 11:08:40 GMT"
GDACS_OFFICIAL,1031928,Green forest fire notification in Angola,Green,Score: 1.0 (Green impact for forestfire in 8161 ha),Angola,"Sun, 13 Sep 2026 11:07:57 GMT"
GDACS_OFFICIAL,1031905,Green forest fire notification in Zambia,Green,Score: 1.0 (Green impact for forestfire in 6459 ha),Zambia,"Sat, 12 Sep 2026 15:06:21 GMT"
GDACS_OFFICIAL,1031853,Green forest fire notification in Australia,Green,Score: 1.0 (Green impact for forestfire in 10382 ha),Australia,"Wed, 09 Sep 2026 19:06:05 GMT"
GDACS_OFFICIAL,1031863,Green forest fire notification in Zambia,Green,Score: 1.0 (Green impact for forestfire in 9119 ha),Zambia,"Thu, 10 Sep 2026 11:09:42 GMT"
GDACS_OFFICIAL,1031869,Green forest fire notification in Brazil,Green,Score: 1.0 (Green impact for forestfire in 7193 ha),Brazil,"Thu, 10 Sep 2026 11:09:56 GMT"
GDACS_OFFICIAL,1031913,Green forest fire notification in Angola,Green,Score: 1.0 (Green impact for forestfire in 5107 ha),Angola,"Sat, 12 Sep 2026 23:07:30 GMT"
GDACS_OFFICIAL,1031818,Green forest fire notification in Brazil,Green,Score: 1.0 (Green impact for forestfire in 21007 ha),Brazil,"Mon, 07 Sep 2026 23:02:29 GMT"
GDACS_OFFICIAL,1031822,Green forest fire notification in Australia,Green,Score: 1.0 (Green impact for forestfire in 26428 ha),Australia,"Tue, 08 Sep 2026 15:04:31 GMT"
GDACS_OFFICIAL,1031845,Green forest fire notification in Australia,Green,Score: 1.0 (Green impact for forestfire in 5793 ha),Australia,"Wed, 09 Sep 2026 07:03:44 GMT"
GDACS_OFFICIAL,1104145,Green flood alert in Peru,Green,Score: 1.0 (Magnitude 0),Peru,"Wed, 09 Sep 2026 05:50:17 GMT"
GDACS_OFFICIAL,1031895,Green forest fire notification in Australia,Green,Score: 1.0 (Green impact for forestfire in 5360 ha),Australia,"Sun, 13 Sep 2026 11:09:00 GMT"
GDACS_OFFICIAL,1031864,Green forest fire notification in Brazil,Green,Score: 1.0 (Green impact for forestfire in 6549 ha),Brazil,"Wed, 09 Sep 2026 23:06:19 GMT"
GDACS_OFFICIAL,1031827,Green forest fire notification in Zambia,Green,Score: 1.0 (Green impact for forestfire in 10065 ha),Zambia,"Wed, 09 Sep 2026 15:06:29 GMT"
GDACS_OFFICIAL,1031828,Green forest fire notification in Zambia,Green,Score: 1.0 (Green impact for forestfire in 7358 ha),Zambia,"Thu, 10 Sep 2026 11:12:19 GMT"
GDACS_OFFICIAL,1031906,Green forest fire notification in Angola,Green,Score: 1.0 (Green impact for forestfire in 5824 ha),Angola,"Sat, 12 Sep 2026 15:07:34 GMT"
GDACS_OFFICIAL,1031784,Green forest fire notification in Zambia,Green,Score: 1.0 (Green impact for forestfire in 16871 ha),Zambia,"Mon, 07 Sep 2026 19:04:01 GMT"
GDACS_OFFICIAL,1031786,Green forest fire notification in Zambia,Green,Score: 1.0 (Green impact for forestfire in 11268 ha),Zambia,"Tue, 08 Sep 2026 15:06:37 GMT"
GDACS_OFFICIAL,1031854,Green forest fire notification in Tanzania,Green,Score: 1.0 (Green impact for forestfire in 5153 ha),Tanzania,"Wed, 09 Sep 2026 19:07:45 GMT"
GDACS_OFFICIAL,1031855,Green forest fire notification in Sudan,Green,Score: 1.0 (Green impact for forestfire in 6204 ha),Sudan,"Sun, 13 Sep 2026 11:09:21 GMT"
GDACS_OFFICIAL,1031785,Green forest fire notification in Australia,Green,Score: 1.0 (Green impact for forestfire in 7251 ha),Australia,"Mon, 07 Sep 2026 19:04:09 GMT"
GDACS_OFFICIAL,1031929,Green forest fire notification in Zambia,Green,Score: 1.0 (Green impact for forestfire in 33202 ha),Zambia,"Sun, 13 Sep 2026 11:11:08 GMT"
GDACS_OFFICIAL,1031846,Green forest fire notification in Zambia,Green,Score: 1.0 (Green impact for forestfire in 12902 ha),Zambia,"Wed, 09 Sep 2026 07:04:13 GMT"
GDACS_OFFICIAL,1031847,Green forest fire notification in Zambia,Green,Score: 1.0 (Green impact for forestfire in 10286 ha),Zambia,"Wed, 09 Sep 2026 15:07:41 GMT"
GDACS_OFFICIAL,1031882,Green forest fire notification in Congo,Green,Score: 1.0 (Green impact for forestfire in 6651 ha),Congo,"Thu, 10 Sep 2026 23:07:13 GMT"
GDACS_OFFICIAL,1031731,Green forest fire notification in Angola,Green,Score: 1.0 (Green impact for forestfire in 11516 ha),Angola,"Mon, 07 Sep 2026 03:01:50 GMT"
GDACS_OFFICIAL,1031724,Green forest fire notification in Indonesia,Green,Score: 1.0 (Green impact for forestfire in 11773 ha),Indonesia,"Sun, 06 Sep 2026 03:03:31 GMT"
GDACS_OFFICIAL,1031772,Green forest fire notification in Australia,Green,Score: 1.0 (Green impact for forestfire in 47879 ha),Australia,"Mon, 07 Sep 2026 15:05:33 GMT"
GDACS_OFFICIAL,1031788,Green forest fire notification in Angola,Green,Score: 1.0 (Green impact for forestfire in 11016 ha),Angola,"Tue, 08 Sep 2026 15:07:49 GMT"
GDACS_OFFICIAL,1031883,Green forest fire notification in Islamic Republic of Iran,Green,Score: 1.0 (Green impact for forestfire in 6739 ha),Islamic Republic of Iran,"Thu, 10 Sep 2026 19:12:14 GMT"
GDACS_OFFICIAL,1031930,Green forest fire notification in Mozambique,Green,Score: 1.0 (Green impact for forestfire in 10576 ha),Mozambique,"Sun, 13 Sep 2026 11:12:19 GMT"
GDACS_OFFICIAL,1031891,Green forest fire notification in Australia,Green,Score: 1.0 (Green impact for forestfire in 8230 ha),Australia,"Thu, 10 Sep 2026 23:08:57 GMT"
GDACS_OFFICIAL,1031909,Green forest fire notification in Angola,Green,Score: 1.0 (Green impact for forestfire in 5209 ha),Angola,"Sat, 12 Sep 2026 15:09:20 GMT"
GDACS_OFFICIAL,1031938,Green forest fire notification in Papua New Guinea,Green,Score: 1.0 (Green impact for forestfire in 5038 ha),Papua New Guinea,"Sun, 13 Sep 2026 11:11:15 GMT"
GDACS_OFFICIAL,1031939,Green forest fire notification in Australia,Green,Score: 1.0 (Green impact for forestfire in 5102 ha),Australia,"Sun, 13 Sep 2026 11:14:16 GMT"
GDACS_OFFICIAL,1031787,Green forest fire notification in Bosnia and Herzegovina,Green,Score: 1.0 (Green impact for forestfire in 5866 ha),Bosnia and Herzegovina,"Mon, 07 Sep 2026 19:06:58 GMT"
GDACS_OFFICIAL,1031856,Green forest fire notification in Zambia,Green,Score: 1.0 (Green impact for forestfire in 5332 ha),Zambia,"Sun, 13 Sep 2026 11:13:58 GMT"
GDACS_OFFICIAL,1031684,Green forest fire notification in Bosnia and Herzegovina,Green,Score: 1.0 (Green impact for forestfire in 15950 ha),Bosnia and Herzegovina,"Sat, 05 Sep 2026 15:02:36 GMT"
GDACS_OFFICIAL,1031908,Green forest fire notification in Angola,Green,Score: 1.0 (Green impact for forestfire in 6418 ha),Angola,"Sat, 12 Sep 2026 15:09:35 GMT"
GDACS_OFFICIAL,1031824,Green forest fire notification in Australia,Green,Score: 1.0 (Green impact for forestfire in 5940 ha),Australia,"Tue, 08 Sep 2026 19:13:29 GMT"
GDACS_OFFICIAL,1031736,Green forest fire notification in Zambia,Green,Score: 1.0 (Green impact for forestfire in 13025 ha),Zambia,"Mon, 07 Sep 2026 11:06:37 GMT"
GDACS_OFFICIAL,1031857,Green forest fire notification in Zambia,Green,Score: 1.0 (Green impact for forestfire in 6041 ha),Zambia,"Thu, 10 Sep 2026 11:13:49 GMT"
GDACS_OFFICIAL,1031890,Green forest fire notification in Madagascar,Green,Score: 1.0 (Green impact for forestfire in 5225 ha),Madagascar,"Fri, 11 Sep 2026 19:08:33 GMT"
GDACS_OFFICIAL,1031907,Green forest fire notification in Zambia,Green,Score: 1.0 (Green impact for forestfire in 5020 ha),Zambia,"Sun, 13 Sep 2026 11:14:22 GMT"
GDACS_OFFICIAL,1031884,Green forest fire notification in Zambia,Green,Score: 1.0 (Green impact for forestfire in 8408 ha),Zambia,"Fri, 11 Sep 2026 19:13:32 GMT"
GDACS_OFFICIAL,1031873,Green forest fire notification in Zambia,Green,Score: 1.0 (Green impact for forestfire in 5719 ha),Zambia,"Thu, 10 Sep 2026 15:13:50 GMT"
GDACS_OFFICIAL,1031773,Green forest fire notification in Tanzania,Green,Score: 1.0 (Green impact for forestfire in 14219 ha),Tanzania,"Mon, 07 Sep 2026 15:27:31 GMT"
GDACS_OFFICIAL,1031738,Green forest fire notification in Tanzania,Green,Score: 1.0 (Green impact for forestfire in 15242 ha),Tanzania,"Sun, 06 Sep 2026 19:04:55 GMT"
GDACS_OFFICIAL,1031739,Green forest fire notification in Angola,Green,Score: 1.0 (Green impact for forestfire in 17064 ha),Angola,"Mon, 07 Sep 2026 03:05:52 GMT"
GDACS_OFFICIAL,1031790,Green forest fire notification in Angola,Green,Score: 1.0 (Green impact for forestfire in 6951 ha),Angola,"Tue, 08 Sep 2026 15:10:46 GMT"
GDACS_OFFICIAL,1031917,Green forest fire notification in Indonesia,Green,Score: 1.0 (Green impact for forestfire in 5557 ha),Indonesia,"Sat, 12 Sep 2026 15:12:42 GMT"
GDACS_OFFICIAL,1031858,Green forest fire notification in Australia,Green,Score: 1.0 (Green impact for forestfire in 6487 ha),Australia,"Wed, 09 Sep 2026 19:14:40 GMT"
GDACS_OFFICIAL,1031769,Green forest fire notification in Australia,Green,Score: 1.0 (Green impact for forestfire in 56716 ha),Australia,"Mon, 07 Sep 2026 15:26:03 GMT"
GDACS_OFFICIAL,1031728,Green forest fire notification in Australia,Green,Score: 1.0 (Green impact for forestfire in 22521 ha),Australia,"Sun, 06 Sep 2026 11:01:16 GMT"
GDACS_OFFICIAL,1031679,Green forest fire notification in Australia,Green,Score: 1.0 (Green impact for forestfire in 15528 ha),Australia,"Sat, 05 Sep 2026 19:04:54 GMT"
GDACS_OFFICIAL,1104140,Green flood alert in Japan,Green,Score: 1.0 (Magnitude 0),Japan,"Fri, 04 Sep 2026 11:22:09 GMT"
GDACS_OFFICIAL,1104143,Green flood alert in Canada,Green,Score: 1.0 (Magnitude 0),Canada,"Sun, 06 Sep 2026 07:22:19 GMT"
GDACS_OFFICIAL,1031667,Green forest fire notification in The Democratic Republic of Congo,Green,Score: 1.0 (Green impact for forestfire in 7862 ha),The Democratic Republic of Congo,"Sat, 05 Sep 2026 15:12:13 GMT"
GDACS_OFFICIAL,1031774,Green forest fire notification in Zambia,Green,Score: 1.0 (Green impact for forestfire in 9123 ha),Zambia,"Mon, 07 Sep 2026 15:36:36 GMT"
GDACS_OFFICIAL,1031831,Green forest fire notification in Zambia,Green,Score: 1.0 (Green impact for forestfire in 35712 ha),Zambia,"Wed, 09 Sep 2026 15:16:03 GMT"
GDACS_OFFICIAL,1031832,Green forest fire notification in Zambia,Green,Score: 1.0 (Green impact for forestfire in 10636 ha),Zambia,"Wed, 09 Sep 2026 15:18:17 GMT"
GDACS_OFFICIAL,1031875,Green forest fire notification in Zambia,Green,Score: 1.0 (Green impact for forestfire in 6638 ha),Zambia,"Thu, 10 Sep 2026 15:17:49 GMT"
GDACS_OFFICIAL,1031885,Green forest fire notification in Zambia,Green,Score: 1.0 (Green impact for forestfire in 7871 ha),Zambia,"Fri, 11 Sep 2026 19:16:36 GMT"
GDACS_OFFICIAL,1031744,Green forest fire notification in The Democratic Republic of Congo,Green,Score: 1.0 (Green impact for forestfire in 6749 ha),The Democratic Republic of Congo,"Mon, 07 Sep 2026 11:15:47 GMT"
GDACS_OFFICIAL,1031770,Green forest fire notification in Australia,Green,Score: 1.0 (Green impact for forestfire in 11924 ha),Australia,"Mon, 07 Sep 2026 15:43:50 GMT"
GDACS_OFFICIAL,1031874,Green forest fire notification in The Democratic Republic of Congo,Green,Score: 1.0 (Green impact for forestfire in 7703 ha),The Democratic Republic of Congo,"Thu, 10 Sep 2026 15:17:13 GMT"
GDACS_OFFICIAL,1031876,Green forest fire notification in Indonesia,Green,Score: 1.0 (Green impact for forestfire in 6137 ha),Indonesia,"Thu, 10 Sep 2026 19:17:32 GMT"
GDACS_OFFICIAL,1031918,Green forest fire notification in Papua New Guinea,Green,Score: 1.0 (Green impact for forestfire in 10427 ha),Papua New Guinea,"Sat, 12 Sep 2026 15:16:58 GMT"
GDACS_OFFICIAL,1031931,Green forest fire notification in Angola,Green,Score: 1.0 (Green impact for forestfire in 5768 ha),Angola,"Sun, 13 Sep 2026 03:15:25 GMT"
GDACS_OFFICIAL,1001318,Green notification for tropical cyclone KROVANH-26. Population affected by Category 1 (120 km/h) wind speeds or higher is 0  (0 in Tropical Storm).,Green,Score: 1.0 (Tropical Depression (maximum wind speed of 46 km/h)),Japan,"Tue, 01 Sep 2026 09:28:20 GMT"
GDACS_OFFICIAL,1031440,Green forest fire notification in Congo,Green,Score: 1.0 (Green impact for forestfire in 14241 ha),Congo,"Tue, 01 Sep 2026 19:00:56 GMT"
GDACS_OFFICIAL,1031603,Green forest fire notification in Zambia,Green,Score: 1.0 (Green impact for forestfire in 12189 ha),Zambia,"Fri, 04 Sep 2026 23:04:24 GMT"
GDACS_OFFICIAL,1031606,Green forest fire notification in The Democratic Republic of Congo,Green,Score: 1.0 (Green impact for forestfire in 8597 ha),The Democratic Republic of Congo,"Sat, 05 Sep 2026 15:16:42 GMT"
GDACS_OFFICIAL,1031557,Green forest fire notification in Angola,Green,Score: 1.0 (Green impact for forestfire in 6608 ha),Angola,"Fri, 04 Sep 2026 17:04:45 GMT"
GDACS_OFFICIAL,1031799,Green forest fire notification in Angola,Green,Score: 1.0 (Green impact for forestfire in 12598 ha),Angola,"Tue, 08 Sep 2026 15:16:45 GMT"
GDACS_OFFICIAL,1031749,Green forest fire notification in Mozambique,Green,Score: 1.0 (Green impact for forestfire in 8051 ha),Mozambique,"Mon, 07 Sep 2026 11:19:14 GMT"
GDACS_OFFICIAL,1031668,Green forest fire notification in Mozambique,Green,Score: 1.0 (Green impact for forestfire in 11024 ha),Mozambique,"Sat, 05 Sep 2026 11:15:39 GMT"
GDACS_OFFICIAL,1031798,"Green forest fire notification in The Democratic Republic of Congo, Congo",Green,Score: 1.0 (Green impact for forestfire in 19922 ha),"The Democratic Republic of Congo, Congo","Mon, 07 Sep 2026 19:17:53 GMT"
GDACS_OFFICIAL,1031800,Green forest fire notification in The Democratic Republic of Congo,Green,Score: 1.0 (Green impact for forestfire in 7232 ha),The Democratic Republic of Congo,"Mon, 07 Sep 2026 19:20:04 GMT"
GDACS_OFFICIAL,1031833,Green forest fire notification in Australia,Green,Score: 1.0 (Green impact for forestfire in 5195 ha),Australia,"Tue, 08 Sep 2026 19:22:30 GMT"
GDACS_OFFICIAL,1031751,Green forest fire notification in Australia,Green,Score: 1.0 (Green impact for forestfire in 9538 ha),Australia,"Sun, 06 Sep 2026 19:11:28 GMT"
GDACS_OFFICIAL,1031752,Green forest fire notification in Tanzania,Green,Score: 1.0 (Green impact for forestfire in 14149 ha),Tanzania,"Mon, 07 Sep 2026 08:02:18 GMT"
GDACS_OFFICIAL,1031559,Green forest fire notification in Mozambique,Green,Score: 1.0 (Green impact for forestfire in 9166 ha),Mozambique,"Thu, 03 Sep 2026 19:05:31 GMT"
GDACS_OFFICIAL,1031604,Green forest fire notification in The Democratic Republic of Congo,Green,Score: 1.0 (Green impact for forestfire in 12224 ha),The Democratic Republic of Congo,"Sun, 06 Sep 2026 15:07:22 GMT"
GDACS_OFFICIAL,1031796,"Green forest fire notification in The Democratic Republic of Congo, Congo",Green,Score: 1.0 (Green impact for forestfire in 5900 ha),"The Democratic Republic of Congo, Congo","Thu, 10 Sep 2026 15:18:37 GMT"
GDACS_OFFICIAL,1031834,Green forest fire notification in Angola,Green,Score: 1.0 (Green impact for forestfire in 5812 ha),Angola,"Thu, 10 Sep 2026 15:20:42 GMT"
GDACS_OFFICIAL,1031836,Green forest fire notification in Angola,Green,Score: 1.0 (Green impact for forestfire in 7453 ha),Angola,"Wed, 09 Sep 2026 15:21:56 GMT"
GDACS_OFFICIAL,1031839,Green forest fire notification in Tanzania,Green,Score: 1.0 (Green impact for forestfire in 7132 ha),Tanzania,"Tue, 08 Sep 2026 19:30:55 GMT"
GDACS_OFFICIAL,1031746,Green forest fire notification in The Democratic Republic of Congo,Green,Score: 1.0 (Green impact for forestfire in 7010 ha),The Democratic Republic of Congo,"Mon, 07 Sep 2026 15:46:10 GMT"
GDACS_OFFICIAL,1031794,Green forest fire notification in Angola,Green,Score: 1.0 (Green impact for forestfire in 6482 ha),Angola,"Tue, 08 Sep 2026 15:17:28 GMT"
GDACS_OFFICIAL,1031910,Green forest fire notification in Indonesia,Green,Score: 1.0 (Green impact for forestfire in 6808 ha),Indonesia,"Fri, 11 Sep 2026 23:21:07 GMT"
GDACS_OFFICIAL,1031701,Green forest fire notification in Indonesia,Green,Score: 1.0 (Green impact for forestfire in 8078 ha),Indonesia,"Sun, 06 Sep 2026 07:08:10 GMT"
GDACS_OFFICIAL,1031579,Green forest fire notification in Australia,Green,Score: 1.0 (Green impact for forestfire in 12871 ha),Australia,"Fri, 04 Sep 2026 09:03:48 GMT"
GDACS_OFFICIAL,1031932,Green forest fire notification in The Democratic Republic of Congo,Green,Score: 1.0 (Green impact for forestfire in 5441 ha),The Democratic Republic of Congo,"Sun, 13 Sep 2026 11:21:44 GMT"
GDACS_OFFICIAL,1031933,Green forest fire notification in Angola,Green,Score: 1.0 (Green impact for forestfire in 9325 ha),Angola,"Sun, 13 Sep 2026 11:24:21 GMT"
GDACS_OFFICIAL,1031838,Green forest fire notification in Indonesia,Green,Score: 1.0 (Green impact for forestfire in 6856 ha),Indonesia,"Tue, 08 Sep 2026 19:30:10 GMT"
GDACS_OFFICIAL,1031886,Green forest fire notification in Congo,Green,Score: 1.0 (Green impact for forestfire in 5946 ha),Congo,"Fri, 11 Sep 2026 19:29:33 GMT"
GDACS_OFFICIAL,1031825,Green forest fire notification in Australia,Green,Score: 1.0 (Green impact for forestfire in 5752 ha),Australia,"Tue, 08 Sep 2026 19:38:03 GMT"
GDACS_OFFICIAL,1031802,Green forest fire notification in Zambia,Green,Score: 1.0 (Green impact for forestfire in 12501 ha),Zambia,"Tue, 08 Sep 2026 15:23:28 GMT"
GDACS_OFFICIAL,1031877,Green forest fire notification in Zambia,Green,Score: 1.0 (Green impact for forestfire in 19246 ha),Zambia,"Thu, 10 Sep 2026 15:26:53 GMT"
GDACS_OFFICIAL,1031887,Green forest fire notification in The Democratic Republic of Congo,Green,Score: 1.0 (Green impact for forestfire in 5154 ha),The Democratic Republic of Congo,"Sat, 12 Sep 2026 15:28:30 GMT"
GDACS_OFFICIAL,1031896,Green forest fire notification in Indonesia,Green,Score: 1.0 (Green impact for forestfire in 6350 ha),Indonesia,"Fri, 11 Sep 2026 19:29:39 GMT"
GDACS_OFFICIAL,1031705,Green forest fire notification in Angola,Green,Score: 1.0 (Green impact for forestfire in 17950 ha),Angola,"Sat, 05 Sep 2026 19:17:10 GMT"
GDACS_OFFICIAL,1031613,Green forest fire notification in Angola,Green,Score: 1.0 (Green impact for forestfire in 9169 ha),Angola,"Fri, 04 Sep 2026 19:13:46 GMT"
GDACS_OFFICIAL,1031840,Green forest fire notification in Zambia,Green,Score: 1.0 (Green impact for forestfire in 6749 ha),Zambia,"Wed, 09 Sep 2026 07:26:55 GMT"
GDACS_OFFICIAL,1031848,Green forest fire notification in Zambia,Green,Score: 1.0 (Green impact for forestfire in 8870 ha),Zambia,"Wed, 09 Sep 2026 15:37:26 GMT"
GDACS_OFFICIAL,1031850,Green forest fire notification in Tanzania,Green,Score: 1.0 (Green impact for forestfire in 5175 ha),Tanzania,"Fri, 11 Sep 2026 19:29:26 GMT"
GDACS_OFFICIAL,1031562,Green forest fire notification in Zambia,Green,Score: 1.0 (Green impact for forestfire in 10806 ha),Zambia,"Fri, 04 Sep 2026 17:05:51 GMT"
GDACS_OFFICIAL,1031775,Green forest fire notification in Tanzania,Green,Score: 1.0 (Green impact for forestfire in 5955 ha),Tanzania,"Mon, 07 Sep 2026 16:14:53 GMT"
GDACS_OFFICIAL,1031803,Green forest fire notification in Mozambique,Green,Score: 1.0 (Green impact for forestfire in 5424 ha),Mozambique,"Thu, 10 Sep 2026 11:31:44 GMT"
GDACS_OFFICIAL,1031669,Green forest fire notification in The Democratic Republic of Congo,Green,Score: 1.0 (Green impact for forestfire in 6632 ha),The Democratic Republic of Congo,"Sun, 06 Sep 2026 15:11:25 GMT"
GDACS_OFFICIAL,1031804,Green forest fire notification in The Democratic Republic of Congo,Green,Score: 1.0 (Green impact for forestfire in 5883 ha),The Democratic Republic of Congo,"Mon, 07 Sep 2026 19:26:50 GMT"
GDACS_OFFICIAL,1031616,Green forest fire notification in The Democratic Republic of Congo,Green,Score: 1.0 (Green impact for forestfire in 13107 ha),The Democratic Republic of Congo,"Sat, 05 Sep 2026 15:46:05 GMT"
GDACS_OFFICIAL,1031627,Green forest fire notification in The Democratic Republic of Congo,Green,Score: 1.0 (Green impact for forestfire in 6776 ha),The Democratic Republic of Congo,"Sat, 05 Sep 2026 16:11:58 GMT"
GDACS_OFFICIAL,1031552,Green forest fire notification in Australia,Green,Score: 1.0 (Green impact for forestfire in 6420 ha),Australia,"Thu, 03 Sep 2026 11:09:31 GMT"
GDACS_OFFICIAL,1031859,Green forest fire notification in Tanzania,Green,Score: 1.0 (Green impact for forestfire in 6606 ha),Tanzania,"Thu, 10 Sep 2026 15:34:42 GMT"
GDACS_OFFICIAL,1031865,Green forest fire notification in Albania,Green,Score: 1.0 (Green impact for forestfire in 5013 ha),Albania,"Sun, 13 Sep 2026 11:37:18 GMT"
GDACS_OFFICIAL,1031843,Green forest fire notification in Mozambique,Green,Score: 1.0 (Green impact for forestfire in 5641 ha),Mozambique,"Wed, 09 Sep 2026 15:56:12 GMT"
GDACS_OFFICIAL,1031565,Green forest fire notification in Angola,Green,Score: 1.0 (Green impact for forestfire in 57981 ha),Angola,"Fri, 04 Sep 2026 17:12:36 GMT"
GDACS_OFFICIAL,1031481,Green forest fire notification in Australia,Green,Score: 1.0 (Green impact for forestfire in 9086 ha),Australia,"Thu, 03 Sep 2026 07:05:38 GMT"
GDACS_OFFICIAL,1031707,Green forest fire notification in Mozambique,Green,Score: 1.0 (Green impact for forestfire in 18958 ha),Mozambique,"Sun, 06 Sep 2026 15:12:43 GMT"
GDACS_OFFICIAL,1031776,Green forest fire notification in Türkiye,Green,Score: 1.0 (Green impact for forestfire in 41416 ha),Türkiye,"Mon, 07 Sep 2026 16:21:34 GMT"
GDACS_OFFICIAL,1031842,Green forest fire notification in Angola,Green,Score: 1.0 (Green impact for forestfire in 7354 ha),Angola,"Tue, 08 Sep 2026 20:09:49 GMT"
GDACS_OFFICIAL,1031897,Green forest fire notification in Indonesia,Green,Score: 1.0 (Green impact for forestfire in 6020 ha),Indonesia,"Fri, 11 Sep 2026 19:33:32 GMT"
GDACS_OFFICIAL,1031870,Green forest fire notification in Indonesia,Green,Score: 1.0 (Green impact for forestfire in 5609 ha),Indonesia,"Thu, 10 Sep 2026 19:35:01 GMT"
GDACS_OFFICIAL,1031911,Green forest fire notification in Angola,Green,Score: 1.0 (Green impact for forestfire in 5519 ha),Angola,"Sat, 12 Sep 2026 03:38:01 GMT"
GDACS_OFFICIAL,1031919,Green forest fire notification in Indonesia,Green,Score: 1.0 (Green impact for forestfire in 5934 ha),Indonesia,"Sun, 13 Sep 2026 07:36:15 GMT"
GDACS_OFFICIAL,1031765,Green forest fire notification in Australia,Green,Score: 1.0 (Green impact for forestfire in 15135 ha),Australia,"Sun, 06 Sep 2026 23:29:43 GMT"
GDACS_OFFICIAL,1031767,Green forest fire notification in Brazil,Green,Score: 1.0 (Green impact for forestfire in 5630 ha),Brazil,"Tue, 08 Sep 2026 20:25:59 GMT"
GDACS_OFFICIAL,1031674,Green forest fire notification in Indonesia,Green,Score: 1.0 (Green impact for forestfire in 14303 ha),Indonesia,"Sat, 05 Sep 2026 11:34:19 GMT"
GDACS_OFFICIAL,1031813,Green forest fire notification in Tanzania,Green,Score: 1.0 (Green impact for forestfire in 8876 ha),Tanzania,"Tue, 08 Sep 2026 03:43:11 GMT"
GDACS_OFFICIAL,1031871,Green forest fire notification in Papua New Guinea,Green,Score: 1.0 (Green impact for forestfire in 6684 ha),Papua New Guinea,"Thu, 10 Sep 2026 11:53:54 GMT"
GDACS_OFFICIAL,1031860,Green forest fire notification in Australia,Green,Score: 1.0 (Green impact for forestfire in 6785 ha),Australia,"Wed, 09 Sep 2026 19:49:30 GMT"
GDACS_OFFICIAL,1031726,Green forest fire notification in Angola,Green,Score: 1.0 (Green impact for forestfire in 10177 ha),Angola,"Sun, 06 Sep 2026 03:48:06 GMT"
GDACS_OFFICIAL,1031636,Green forest fire notification in Zambia,Green,Score: 1.0 (Green impact for forestfire in 40807 ha),Zambia,"Sat, 05 Sep 2026 11:37:11 GMT"
GDACS_OFFICIAL,1031571,Green forest fire notification in Mozambique,Green,Score: 1.0 (Green impact for forestfire in 19954 ha),Mozambique,"Thu, 03 Sep 2026 19:21:49 GMT"
GDACS_OFFICIAL,1031413,Green forest fire notification in Australia,Green,Score: 1.0 (Green impact for forestfire in 13207 ha),Australia,"Tue, 01 Sep 2026 07:03:57 GMT"
GDACS_OFFICIAL,1031759,Green forest fire notification in Mozambique,Green,Score: 1.0 (Green impact for forestfire in 17390 ha),Mozambique,"Sun, 06 Sep 2026 19:24:26 GMT"
GDACS_OFFICIAL,1031766,Green forest fire notification in Mozambique,Green,Score: 1.0 (Green impact for forestfire in 5369 ha),Mozambique,"Sun, 06 Sep 2026 23:32:50 GMT"
GDACS_OFFICIAL,1104132,Green flood alert in Cambodia,Green,Score: 1.0 (Magnitude 0),Cambodia,"Tue, 01 Sep 2026 05:15:47 GMT"
GDACS_OFFICIAL,1031382,Green forest fire notification in Namibia,Green,Score: 1.0 (Green impact for forestfire in 25755 ha),Namibia,"Mon, 31 Aug 2026 11:03:38 GMT"
GDACS_OFFICIAL,1031553,Green forest fire notification in Australia,Green,Score: 1.0 (Green impact for forestfire in 8656 ha),Australia,"Thu, 03 Sep 2026 11:24:56 GMT"
GDACS_OFFICIAL,1031454,Green forest fire notification in Mozambique,Green,Score: 1.0 (Green impact for forestfire in 13073 ha),Mozambique,"Wed, 02 Sep 2026 11:09:41 GMT"
GDACS_OFFICIAL,1031590,Green forest fire notification in Zambia,Green,Score: 1.0 (Green impact for forestfire in 15232 ha),Zambia,"Fri, 04 Sep 2026 17:23:23 GMT"
GDACS_OFFICIAL,1031478,Green forest fire notification in Zambia,Green,Score: 1.0 (Green impact for forestfire in 43734 ha),Zambia,"Wed, 02 Sep 2026 15:14:50 GMT"
GDACS_OFFICIAL,1031893,Green forest fire notification in Brazil,Green,Score: 1.0 (Green impact for forestfire in 5573 ha),Brazil,"Fri, 11 Sep 2026 07:43:32 GMT"
GDACS_OFFICIAL,1031511,Green forest fire notification in Zambia,Green,Score: 1.0 (Green impact for forestfire in 58200 ha),Zambia,"Thu, 03 Sep 2026 15:18:57 GMT"
GDACS_OFFICIAL,1001315,Green notification for tropical cyclone LOWELL-26. Population affected by Category 1 (120 km/h) wind speeds or higher is 2381 .,Green,Score: 1.0 (Tropical Storm (maximum wind speed of 83 km/h)),United States,"Thu, 27 Aug 2026 21:21:11 GMT"
GDACS_OFFICIAL,1031878,Green forest fire notification in Australia,Green,Score: 1.0 (Green impact for forestfire in 5848 ha),Australia,"Thu, 10 Sep 2026 19:58:36 GMT"
GDACS_OFFICIAL,1031689,Green forest fire notification in Indonesia,Green,Score: 1.0 (Green impact for forestfire in 7018 ha),Indonesia,"Sat, 05 Sep 2026 17:13:46 GMT"
GDACS_OFFICIAL,1031459,Green forest fire notification in Brazil,Green,Score: 1.0 (Green impact for forestfire in 6768 ha),Brazil,"Tue, 01 Sep 2026 23:09:50 GMT"
GDACS_OFFICIAL,1031683,Green forest fire notification in Australia,Green,Score: 1.0 (Green impact for forestfire in 10982 ha),Australia,"Sat, 05 Sep 2026 20:12:37 GMT"
GDACS_OFFICIAL,1031573,Green forest fire notification in The Democratic Republic of Congo,Green,Score: 1.0 (Green impact for forestfire in 6143 ha),The Democratic Republic of Congo,"Fri, 04 Sep 2026 17:28:02 GMT"
GDACS_OFFICIAL,1031514,Green forest fire notification in Zambia,Green,Score: 1.0 (Green impact for forestfire in 161010 ha),Zambia,"Thu, 03 Sep 2026 15:27:51 GMT"
GDACS_OFFICIAL,1031522,Green forest fire notification in Zambia,Green,Score: 1.0 (Green impact for forestfire in 50300 ha),Zambia,"Thu, 03 Sep 2026 16:27:04 GMT"
GDACS_OFFICIAL,1031350,Green forest fire notification in Indonesia,Green,Score: 1.0 (Green impact for forestfire in 5912 ha),Indonesia,"Sun, 30 Aug 2026 23:11:50 GMT"
GDACS_OFFICIAL,1031554,Green forest fire notification in Indonesia,Green,Score: 1.0 (Green impact for forestfire in 7244 ha),Indonesia,"Fri, 04 Sep 2026 09:44:02 GMT"
GDACS_OFFICIAL,1031572,Green forest fire notification in Zambia,Green,Score: 1.0 (Green impact for forestfire in 121922 ha),Zambia,"Thu, 03 Sep 2026 19:34:02 GMT"
GDACS_OFFICIAL,1031718,Green forest fire notification in Angola,Green,Score: 1.0 (Green impact for forestfire in 6902 ha),Angola,"Sun, 06 Sep 2026 15:41:35 GMT"
GDACS_OFFICIAL,1031656,Green forest fire notification in Zambia,Green,Score: 1.0 (Green impact for forestfire in 8894 ha),Zambia,"Sat, 05 Sep 2026 12:19:41 GMT"
GDACS_OFFICIAL,1031313,Green forest fire notification in Australia,Green,Score: 1.0 (Green impact for forestfire in 29514 ha),Australia,"Sat, 29 Aug 2026 15:04:55 GMT"
GDACS_OFFICIAL,1031526,Green forest fire notification in Bolivia,Green,Score: 1.0 (Green impact for forestfire in 9019 ha),Bolivia,"Thu, 03 Sep 2026 07:23:48 GMT"
GDACS_OFFICIAL,1104122,Green flood alert in Thailand,Green,Score: 1.0 (Magnitude 0),Thailand,"Thu, 27 Aug 2026 09:43:25 GMT"
GDACS_OFFICIAL,1104099,Green flood alert in Mexico,Green,Score: 1.0 (Magnitude 0),Mexico,"Tue, 18 Aug 2026 12:27:42 GMT"
GDACS_OFFICIAL,1104105,Green flood alert in Nigeria,Green,Score: 1.0 (Magnitude 0),Nigeria,"Thu, 20 Aug 2026 06:04:04 GMT"
GDACS_OFFICIAL,1104053,Green flood alert in Italy,Green,Score: 1.0 (Magnitude 0),Italy,"Wed, 02 Sep 2026 04:41:15 GMT"
GDACS_OFFICIAL,1104011,Green flood alert in Myanmar,Green,Score: 1.0 (Magnitude 0),Myanmar,"Fri, 10 Jul 2026 06:58:25 GMT"
GDACS_OFFICIAL,1027575,Drought is on going in India,Green,Score: 1.0 (Minor impact for agricultural drought in 92457 km2),India,"Mon, 31 Aug 2026 08:22:42 GMT"
GDACS_OFFICIAL,1103888,Green flood alert in United States,Green,Score: 1.0 (Magnitude 0),United States,"Thu, 21 May 2026 06:15:32 GMT"
GDACS_OFFICIAL,1027491,"Drought is on going in China, Kyrgyzstan, Kazakhstan, Mongolia, Russia",Green,Score: 1.0 (Minor impact for agricultural drought in 1112686 km2),"China, Kyrgyzstan, Kazakhstan, Mongolia, Russia","Tue, 14 Jul 2026 14:07:56 GMT"
GDACS_OFFICIAL,1027449,"Drought is on going in The Bahamas, Belize, Cuba, Guatemala, Honduras, Mexico, Nicaragua, El Salvador",Orange,Score: 2.0 (Medium impact for agricultural drought in 596197 km2),"The Bahamas, Belize, Cuba, Guatemala, Honduras, Mexico, Nicaragua, El Salvador","Fri, 03 Jul 2026 12:57:40 GMT"
GDACS_OFFICIAL,1023877,"Drought is on going in Colombia, Costa Rica, , Nicaragua, Panama, Venezuela",Green,Score: 1.0 (Minor impact for agricultural drought in 687472 km2),"Colombia, Costa Rica, , Nicaragua, Panama, Venezuela","Fri, 03 Jul 2026 12:57:35 GMT"
GDACS_OFFICIAL,1018344,"Drought is on going in Democratic Republic of Congo, Republic of Congo, Gabon",Green,Score: 1.0 (Minor impact for agricultural drought in 208030 km2),"Democratic Republic of Congo, Republic of Congo, Gabon","Wed, 04 Feb 2026 09:58:20 GMT"
GDACS_OFFICIAL,1018332,"Drought is on going in Austria, Bosnia &amp; Herzegovina, Belgium, Belarus, Switzerland, Czech Republic, Germany, Denmark, Spain, France, Croatia, Hungary, Ireland, Italy, Liechtenstein, Luxembourg, Netherlands, Poland, Romania, Serbia, Sweden, Slovenia, Slovakia, San Marino, Ukraine, ,",Orange,Score: 2.0 (Medium impact for agricultural drought in 1412468 km2),"Austria, Bosnia &amp; Herzegovina, Belgium, Belarus, Switzerland, Czech Republic, Germany, Denmark, Spain, France, Croatia, Hungary, Ireland, Italy, Liechtenstein, Luxembourg, Netherlands, Poland, Romania, Serbia, Sweden, Slovenia, Slovakia, San Marino, Ukraine, ,","Wed, 11 Feb 2026 09:57:31 GMT"
GDACS_OFFICIAL,1018546,"Drought is on going in Canada, United States",Green,Score: 1.0 (Minor impact for agricultural drought in 287342 km2),"Canada, United States","Thu, 30 Apr 2026 13:07:44 GMT"
GDACS_OFFICIAL,1018431,Drought is on going in Madagascar,Orange,Score: 2.0 (Medium impact for agricultural drought in 266459 km2),Madagascar,"Thu, 30 Apr 2026 13:07:35 GMT"
GDACS_OFFICIAL,1027448,Drought is on going in Brazil,Green,Score: 1.0 (Minor impact for agricultural drought in 869975 km2),Brazil,"Fri, 03 Jul 2026 12:57:24 GMT"
GDACS_OFFICIAL,1018545,"Drought is on going in Australia, Indonesia, Cambodia, Papua New Guinea, Philippines, Thailand, Vietnam",Green,Score: 1.0 (Minor impact for agricultural drought in 1427981 km2),"Australia, Indonesia, Cambodia, Papua New Guinea, Philippines, Thailand, Vietnam","Thu, 30 Apr 2026 13:07:47 GMT"
CROWD_SIGNAL,earthquake,earthquake,Surge Anomaly,Surge: 7.5x (Z=9.19),Global,2026-09-13T15:07:45.010017+00:00
CROWD_SIGNAL,flood,flood,Surge Anomaly,Surge: 10.0x (Z=11.02),Global,2026-09-13T15:07:45.640529+00:00
CROWD_SIGNAL,cyclone,cyclone,Surge Anomaly,Surge: 15.0x (Z=14.0),Bhubaneswar,2026-09-13T15:07:46.633031+00:00
CROWD_SIGNAL,landslide,landslide,Surge Anomaly,Surge: 18.75x (Z=15.88),"Uttarakhand, Tokyo",2026-09-13T15:07:47.224553+00:00
CROWD_SIGNAL,building collapse,other,Surge Anomaly,Surge: 30.0x (Z=20.51),Delhi,2026-09-13T15:07:48.111153+00:00
CROWD_SIGNAL,power outage,other,Surge Anomaly,Surge: 12.5x (Z=12.6),Global,2026-09-13T15:07:48.405639+00:00
CROWD_SIGNAL,dam breach,flood,Surge Anomaly,Surge: 8.0x (Z=4.95),Global,2026-09-13T15:07:48.750451+00:00
