timestamp,latitude,longitude,water_level,flow_rate,discharge,hour,day_of_week,day_of_month,month,quarter,is_weekend,hour_sin,hour_cos,month_sin,month_cos,is_monsoon_season,geo_x,geo_y,geo_z,dist_to_origin_km,rain_intensity_mm_per_h,rain_rolling_3h,rain_rolling_6h,rain_rolling_24h,antecedent_precipitation_index,is_heavy_rain,is_extreme_rain,soil_saturation_ratio,is_soil_supersaturated,is_soil_dry,gravitational_shear_index,slope_friction_ratio,is_critical_fos,pore_pressure_impact,displacement_velocity,crack_dilation_rate,seismic_energy_log10_j,arias_intensity_proxy,depth_attenuation_factor,is_strong_motion,is_major_quake,dew_point_c,vapor_pressure_deficit_kpa,wind_u,wind_v,is_low_pressure_system,aspect_northness,aspect_eastness,topographic_wetness_index,is_steep_slope,landslide_susceptibility_index,flood_potential_index,fire_danger_index,cyclone_power_dissipation_index
2026-09-25T03:59:25.147879+00:00,22.9963209507789,80.31429185686734,12.83,323.14,966.02,3,4,25,9,3,0,0.7071067811865475,0.7071067811865476,-0.8660254037844384,-0.5000000000000004,1,0.15487317958197877,0.9074082160279219,0.39067202066591905,9016.85874164063,0.0,0.0,0.0,0.0,0.0,0,0,0.4,0,0,0.25881904510252074,0.4641016151377546,0,0.0,0.0,0.0,4.8,0.0,0.07071067811865475,0,0,16.68424959549877,1.2638979098002647,-0.0,-5.0,0,1.0,0.0,6.340585348656986,0,0.0,3.21228,2.5,0.027826474107465846
2026-09-25T02:59:25.147879+00:00,27.60571445127933,86.3641041126378,8.23,379.1,603.75,2,4,25,9,3,0,0.49999999999999994,0.8660254037844387,-0.8660254037844384,-0.5000000000000004,1,0.05619635386867884,0.8843737048603737,0.4633844192065619,9649.327715878902,0.0,0.0,0.0,0.0,0.0,0,0,0.4,0,0,0.25881904510252074,0.4641016151377546,0,0.0,0.0,0.0,4.8,0.0,0.07071067811865475,0,0,16.68424959549877,1.2638979098002647,-0.0,-5.0,0,1.0,0.0,6.340585348656986,0,0.0,2.4042000000000003,2.5,0.027826474107465846
2026-09-25T01:59:25.147879+00:00,25.85595153449124,83.14355981076326,13.69,318.4,184.9,1,4,25,9,3,0,0.25881904510252074,0.9659258262890683,-0.8660254037844384,-0.5000000000000004,1,0.1074311081414237,0.8934576366307428,0.4361100876495673,9321.776345070812,0.0,0.0,0.0,0.0,0.0,0,0,0.4,0,0,0.25881904510252074,0.4641016151377546,0,0.0,0.0,0.0,4.8,0.0,0.07071067811865475,0,0,16.68424959549877,1.2638979098002647,-0.0,-5.0,0,1.0,0.0,6.340585348656986,0,0.0,3.3748,2.5,0.027826474107465846
2026-09-25T00:59:25.147879+00:00,24.789267873576293,85.08570691164702,11.82,310.86,193.96,0,4,25,9,3,0,0.0,1.0,-0.8660254037844384,-0.5000000000000004,1,0.07777191375222667,0.9045187127293907,0.41928203843437206,9511.557683467407,0.0,0.0,0.0,0.0,0.0,0,0,0.4,0,0,0.25881904510252074,0.4641016151377546,0,0.0,0.0,0.0,4.8,0.0,0.07071067811865475,0,0,16.68424959549877,1.2638979098002647,-0.0,-5.0,0,1.0,0.0,6.340585348656986,0,0.0,2.9857199999999997,2.5,0.027826474107465846
2026-09-24T23:59:25.147879+00:00,21.24814912353949,89.07566473926093,14.47,284.1,838.4,23,3,24,9,3,0,-0.25881904510252157,0.9659258262890681,-0.8660254037844384,-0.5000000000000004,1,0.015035334138100119,0.9318982941038232,0.36240793061650867,9911.749674776755,0.0,0.0,0.0,0.0,0.0,0,0,0.4,0,0,0.25881904510252074,0.4641016151377546,0,0.0,0.0,0.0,4.8,0.0,0.07071067811865475,0,0,16.68424959549877,1.2638979098002647,-0.0,-5.0,0,1.0,0.0,6.340585348656986,0,0.0,3.4622,2.5,0.027826474107465846
2026-09-24T22:59:25.147879+00:00,21.247956162689626,82.49292229148875,5.86,342.43,544.85,22,3,24,9,3,0,-0.5000000000000004,0.8660254037844384,-0.8660254037844384,-0.5000000000000004,1,0.12176727175808955,0.9240321955647548,0.36240479175691126,9229.83408945447,0.0,0.0,0.0,0.0,0.0,0,0,0.4,0,0,0.25881904510252074,0.4641016151377546,0,0.0,0.0,0.0,4.8,0.0,0.07071067811865475,0,0,16.68424959549877,1.2638979098002647,-0.0,-5.0,0,1.0,0.0,6.340585348656986,0,0.0,1.8568600000000002,2.5,0.027826474107465846
2026-09-24T21:59:25.147879+00:00,20.4646688973456,84.1038292303563,11.4,83.99,280.6,21,3,24,9,3,0,-0.7071067811865477,0.7071067811865474,-0.8660254037844384,-0.5000000000000004,1,0.09624280728718161,0.9319315318121218,0.34962972136217857,9393.429916865192,0.0,0.0,0.0,0.0,0.0,0,0,0.4,0,0,0.25881904510252074,0.4641016151377546,0,0.0,0.0,0.0,4.8,0.0,0.07071067811865475,0,0,16.68424959549877,1.2638979098002647,-0.0,-5.0,0,1.0,0.0,6.340585348656986,0,0.0,2.4479800000000003,2.5,0.027826474107465846
2026-09-24T20:59:25.147879+00:00,26.92940916619948,87.55551138543049,6.55,398.18,615.33,20,3,24,9,3,0,-0.8660254037844386,0.5000000000000001,-0.8660254037844384,-0.5000000000000004,1,0.03802653244605058,0.8907538711952696,0.45289239757449073,9765.217934721368,0.0,0.0,0.0,0.0,0.0,0,0,0.4,0,0,0.25881904510252074,0.4641016151377546,0,0.0,0.0,0.0,4.8,0.0,0.07071067811865475,0,0,16.68424959549877,1.2638979098002647,-0.0,-5.0,0,1.0,0.0,6.340585348656986,0,0.0,2.10636,2.5,0.027826474107465846
2026-09-24T19:59:25.147879+00:00,24.80892009394567,82.28798165491622,7.58,394.25,123.84,19,3,24,9,3,0,-0.9659258262890684,0.2588190451025203,-0.8660254037844384,-0.5000000000000004,1,0.1218095723995341,0.8995019748717025,0.4195934047071639,9229.562570906593,0.0,0.0,0.0,0.0,0.0,0,0,0.4,0,0,0.25881904510252074,0.4641016151377546,0,0.0,0.0,0.0,4.8,0.0,0.07071067811865475,0,0,16.68424959549877,1.2638979098002647,-0.0,-5.0,0,1.0,0.0,6.340585348656986,0,0.0,2.3045,2.5,0.027826474107465846
2026-09-24T18:59:25.147879+00:00,25.66458062236836,80.76979909828793,9.55,27.72,719.27,18,3,24,9,3,0,-1.0,-1.8369701987210297e-16,-0.8660254037844384,-0.5000000000000004,1,0.14457706994605857,0.8896741845782724,0.4331019696801189,9083.203432784892,0.0,0.0,0.0,0.0,0.0,0,0,0.4,0,0,0.25881904510252074,0.4641016151377546,0,0.0,0.0,0.0,4.8,0.0,0.07071067811865475,0,0,16.68424959549877,1.2638979098002647,-0.0,-5.0,0,1.0,0.0,6.340585348656986,0,0.0,1.96544,2.5,0.027826474107465846
2026-09-24T17:59:25.147879+00:00,20.16467595436642,82.89751452913768,12.82,374.23,359.34,17,3,24,9,3,0,-0.9659258262890683,-0.25881904510252063,-0.8660254037844384,-0.5000000000000004,1,0.11606582256625664,0.9315026400958856,0.3447195328472315,9266.417662098404,0.0,0.0,0.0,0.0,0.0,0,0,0.4,0,0,0.25881904510252074,0.4641016151377546,0,0.0,0.0,0.0,4.8,0.0,0.07071067811865475,0,0,16.68424959549877,1.2638979098002647,-0.0,-5.0,0,1.0,0.0,6.340585348656986,0,0.0,3.31246,2.5,0.027826474107465846
2026-09-24T16:59:25.147879+00:00,27.759278817295957,81.61221287254004,14.29,71.06,967.19,16,3,24,9,3,0,-0.8660254037844384,-0.5000000000000004,-0.8660254037844384,-0.5000000000000004,1,0.1290840545597395,0.8754467125991686,0.4657578343492753,9182.847704994147,0.0,0.0,0.0,0.0,0.0,0,0,0.4,0,0,0.25881904510252074,0.4641016151377546,0,0.0,0.0,0.0,4.8,0.0,0.07071067811865475,0,0,16.68424959549877,1.2638979098002647,-0.0,-5.0,0,1.0,0.0,6.340585348656986,0,0.0,3.0001199999999995,2.5,0.027826474107465846
2026-09-24T15:59:25.147879+00:00,26.659541126403376,89.29697652342573,11.42,160.78,406.92,15,3,24,9,3,0,-0.7071067811865471,-0.7071067811865479,-0.8660254037844384,-0.5000000000000004,1,0.010965348580884467,0.8936211742706457,0.4486880408765672,9937.681762139753,0.0,0.0,0.0,0.0,0.0,0,0,0.4,0,0,0.25881904510252074,0.4641016151377546,0,0.0,0.0,0.0,4.8,0.0,0.07071067811865475,0,0,16.68424959549877,1.2638979098002647,-0.0,-5.0,0,1.0,0.0,6.340585348656986,0,0.0,2.6055599999999997,2.5,0.027826474107465846
2026-09-24T14:59:25.147879+00:00,21.69871288542621,88.08120379564417,6.76,338.43,573.5,14,3,24,9,3,0,-0.4999999999999997,-0.8660254037844388,-0.8660254037844384,-0.5000000000000004,1,0.0311104722137967,0.9286198945948283,0.36972588478672225,9809.306593134743,0.0,0.0,0.0,0.0,0.0,0,0,0.4,0,0,0.25881904510252074,0.4641016151377546,0,0.0,0.0,0.0,4.8,0.0,0.07071067811865475,0,0,16.68424959549877,1.2638979098002647,-0.0,-5.0,0,1.0,0.0,6.340585348656986,0,0.0,2.02886,2.5,0.027826474107465846
2026-09-24T13:59:25.147879+00:00,21.454599737656807,86.33403756510424,6.8,84.93,63.36,13,3,24,9,3,0,-0.2588190451025208,-0.9659258262890683,-0.8660254037844384,-0.5000000000000004,1,0.05950895389270624,0.9288032517288493,0.3657638636942033,9628.187724664893,0.0,0.0,0.0,0.0,0.0,0,0,0.4,0,0,0.25881904510252074,0.4641016151377546,0,0.0,0.0,0.0,4.8,0.0,0.07071067811865475,0,0,16.68424959549877,1.2638979098002647,-0.0,-5.0,0,1.0,0.0,6.340585348656986,0,0.0,1.5298599999999998,2.5,0.027826474107465846
2026-09-24T12:59:25.147879+00:00,21.46723607882747,88.71460590187718,11.01,370.82,133.31,12,3,24,9,3,0,1.2246467991473532e-16,-1.0,-0.8660254037844384,-0.5000000000000004,1,0.0208762690160507,0.9303928126053239,0.3659691184298535,9874.531025371218,0.0,0.0,0.0,0.0,0.0,0,0,0.4,0,0,0.25881904510252074,0.4641016151377546,0,0.0,0.0,0.0,4.8,0.0,0.07071067811865475,0,0,16.68424959549877,1.2638979098002647,-0.0,-5.0,0,1.0,0.0,6.340585348656986,0,0.0,2.94364,2.5,0.027826474107465846
2026-09-24T11:59:25.147879+00:00,22.433937943676305,88.03672076899115,4.38,376.98,501.37,11,3,24,9,3,0,0.258819045102521,-0.9659258262890682,-0.8660254037844384,-0.5000000000000004,1,0.03166626716387689,0.9237775661690467,0.3816179447650472,9805.763877837702,0.0,0.0,0.0,0.0,0.0,0,0,0.4,0,0,0.25881904510252074,0.4641016151377546,0,0.0,0.0,0.0,4.8,0.0,0.07071067811865475,0,0,16.68424959549877,1.2638979098002647,-0.0,-5.0,0,1.0,0.0,6.340585348656986,0,0.0,1.62996,2.5,0.027826474107465846
2026-09-24T10:59:25.147879+00:00,24.198051453057904,81.86570058886036,2.67,235.75,601.93,10,3,24,9,3,0,0.49999999999999994,-0.8660254037844387,-0.8660254037844384,-0.5000000000000004,1,0.129061379530688,0.9029571957783534,0.40989201371303635,9182.993386208462,0.0,0.0,0.0,0.0,0.0,0,0,0.4,0,0,0.25881904510252074,0.4641016151377546,0,0.0,0.0,0.0,4.8,0.0,0.07071067811865475,0,0,16.68424959549877,1.2638979098002647,-0.0,-5.0,0,1.0,0.0,6.340585348656986,0,0.0,1.0055,2.5,0.027826474107465846
2026-09-24T09:59:25.147879+00:00,23.455560149136925,88.92558998489977,5.92,17.78,740.02,9,3,24,9,3,0,0.7071067811865476,-0.7071067811865475,-0.8660254037844384,-0.5000000000000004,1,0.017201489693343903,0.9172077911176658,0.39803765734586233,9897.947301966544,0.0,0.0,0.0,0.0,0.0,0,0,0.4,0,0,0.25881904510252074,0.4641016151377546,0,0.0,0.0,0.0,4.8,0.0,0.07071067811865475,0,0,16.68424959549877,1.2638979098002647,-0.0,-5.0,0,1.0,0.0,6.340585348656986,0,0.0,1.21956,2.5,0.027826474107465846
2026-09-24T08:59:25.147879+00:00,22.329833121584336,85.39342241915651,5.02,139.86,385.41,8,3,24,9,3,0,0.8660254037844387,-0.4999999999999998,-0.8660254037844384,-0.5000000000000004,1,0.07429081786861282,0.9220239167170566,0.3799378519997063,9533.800139226209,0.0,0.0,0.0,0.0,0.0,0,0,0.4,0,0,0.25881904510252074,0.4641016151377546,0,0.0,0.0,0.0,4.8,0.0,0.07071067811865475,0,0,16.68424959549877,1.2638979098002647,-0.0,-5.0,0,1.0,0.0,6.340585348656986,0,0.0,1.28372,2.5,0.027826474107465846
2026-09-24T07:59:25.147879+00:00,24.89482315777904,88.07440155164062,5.14,283.36,849.23,7,3,24,9,3,0,0.9659258262890683,-0.25881904510252063,-0.8660254037844384,-0.5000000000000004,1,0.030479505024423068,0.9065698260938048,0.4209538575541444,9813.328392616724,0.0,0.0,0.0,0.0,0.0,0,0,0.4,0,0,0.25881904510252074,0.4641016151377546,0,0.0,0.0,0.0,4.8,0.0,0.07071067811865475,0,0,16.68424959549877,1.2638979098002647,-0.0,-5.0,0,1.0,0.0,6.340585348656986,0,0.0,1.5947200000000001,2.5,0.027826474107465846
2026-09-24T06:59:25.147879+00:00,21.115950885216336,88.96091299923494,4.31,441.82,1039.14,6,3,24,9,3,0,1.0,6.123233995736766e-17,-0.8660254037844384,-0.5000000000000004,1,0.016916823351703088,0.932699875554372,0.36025652419983506,9899.76117518647,0.0,0.0,0.0,0.0,0.0,0,0,0.4,0,0,0.25881904510252074,0.4641016151377546,0,0.0,0.0,0.0,4.8,0.0,0.07071067811865475,0,0,16.68424959549877,1.2638979098002647,-0.0,-5.0,0,1.0,0.0,6.340585348656986,0,0.0,1.7456399999999999,2.5,0.027826474107465846
2026-09-24T05:59:25.147879+00:00,22.337157188281743,83.18003474971864,1.76,289.84,946.83,5,3,24,9,3,0,0.9659258262890683,0.25881904510252074,-0.8660254037844384,-0.5000000000000004,1,0.10983938012522076,0.9184185741030555,0.380056092328774,9306.341894335503,0.0,0.0,0.0,0.0,0.0,0,0,0.4,0,0,0.25881904510252074,0.4641016151377546,0,0.0,0.0,0.0,4.8,0.0,0.07071067811865475,0,0,16.68424959549877,1.2638979098002647,-0.0,-5.0,0,1.0,0.0,6.340585348656986,0,0.0,0.93168,2.5,0.027826474107465846
2026-09-24T04:59:25.147879+00:00,22.930894746349534,81.10051924527677,1.44,128.01,95.56,4,3,24,9,3,0,0.8660254037844386,0.5000000000000001,-0.8660254037844384,-0.5000000000000004,1,0.14247622177700275,0.909888073359467,0.3896206105769399,9096.727966032371,0.0,0.0,0.0,0.0,0.0,0,0,0.4,0,0,0.25881904510252074,0.4641016151377546,0,0.0,0.0,0.0,4.8,0.0,0.07071067811865475,0,0,16.68424959549877,1.2638979098002647,-0.0,-5.0,0,1.0,0.0,6.340585348656986,0,0.0,0.54402,2.5,0.027826474107465846
2026-09-24T03:59:25.147879+00:00,23.64855987373629,82.27935162541942,14.34,290.79,602.58,3,3,24,9,3,0,0.7071067811865475,0.7071067811865476,-0.8660254037844384,-0.5000000000000004,1,0.12306157371665624,0.9077192052710238,0.40112553328917006,9221.52560354425,0.0,0.0,0.0,0.0,0.0,0,0,0.4,0,0,0.25881904510252074,0.4641016151377546,0,0.0,0.0,0.0,4.8,0.0,0.07071067811865475,0,0,16.68424959549877,1.2638979098002647,-0.0,-5.0,0,1.0,0.0,6.340585348656986,0,0.0,3.44958,2.5,0.027826474107465846
2026-09-24T02:59:25.147879+00:00,26.28140769114411,84.27107788626256,6.89,249.89,170.67,2,3,24,9,3,0,0.49999999999999994,0.8660254037844387,-0.8660254037844384,-0.5000000000000004,1,0.08950344015564977,0.8921517669395517,0.4427802603402053,9436.552888542285,0.0,0.0,0.0,0.0,0.0,0,0,0.4,0,0,0.25881904510252074,0.4641016151377546,0,0.0,0.0,0.0,4.8,0.0,0.07071067811865475,0,0,16.68424959549877,1.2638979098002647,-0.0,-5.0,0,1.0,0.0,6.340585348656986,0,0.0,1.8777799999999998,2.5,0.027826474107465846
2026-09-24T01:59:25.147879+00:00,21.59739025726688,88.18014765922493,6.31,354.23,328.35,1,3,24,9,3,0,0.25881904510252074,0.9659258262890683,-0.8660254037844384,-0.5000000000000004,1,0.029527513984036895,0.9293242804752256,0.36808220228248845,9819.396259558835,0.0,0.0,0.0,0.0,0.0,0,0,0.4,0,0,0.25881904510252074,0.4641016151377546,0,0.0,0.0,0.0,4.8,0.0,0.07071067811865475,0,0,16.68424959549877,1.2638979098002647,-0.0,-5.0,0,1.0,0.0,6.340585348656986,0,0.0,1.97046,2.5,0.027826474107465846
2026-09-24T00:59:25.147879+00:00,24.113875507308894,88.60730583256344,10.24,61.54,1184.66,0,3,24,9,3,0,0.0,1.0,-0.8660254037844384,-0.5000000000000004,1,0.02218376149690241,0.9124656390204463,0.4085515124593925,9866.19905885105,0.0,0.0,0.0,0.0,0.0,0,0,0.4,0,0,0.25881904510252074,0.4641016151377546,0,0.0,0.0,0.0,4.8,0.0,0.07071067811865475,0,0,16.68424959549877,1.2638979098002647,-0.0,-5.0,0,1.0,0.0,6.340585348656986,0,0.0,2.17108,2.5,0.027826474107465846
2026-09-23T23:59:25.147879+00:00,24.73931655089634,80.06952130531191,4.1,346.05,213.87,23,2,23,9,3,0,-0.25881904510252157,0.9659258262890681,-0.8660254037844384,-0.5000000000000004,1,0.1566255727917589,0.8946140049551101,0.41849039664708165,9005.556314944539,0.0,0.0,0.0,0.0,0.0,0,0,0.4,0,0,0.25881904510252074,0.4641016151377546,0,0.0,0.0,0.0,4.8,0.0,0.07071067811865475,0,0,16.68424959549877,1.2638979098002647,-0.0,-5.0,0,1.0,0.0,6.340585348656986,0,0.0,1.5121,2.5,0.027826474107465846
2026-09-23T22:59:25.147879+00:00,20.371603301759983,85.10747302577566,13.83,250.45,623.72,22,2,23,9,3,0,-0.5000000000000004,0.8660254037844384,-0.8660254037844384,-0.5000000000000004,1,0.07995266526760955,0.9340389492806009,0.34810747269111647,9497.620706299112,0.0,0.0,0.0,0.0,0.0,0,0,0.4,0,0,0.25881904510252074,0.4641016151377546,0,0.0,0.0,0.0,4.8,0.0,0.07071067811865475,0,0,16.68424959549877,1.2638979098002647,-0.0,-5.0,0,1.0,0.0,6.340585348656986,0,0.0,3.2669,2.5,0.027826474107465846
2026-09-23T21:59:25.147879+00:00,24.860358815211505,84.17411003148779,11.66,433.9,760.88,21,2,23,9,3,0,-0.7071067811865477,0.7071067811865474,-0.8660254037844384,-0.5000000000000004,1,0.0920998102984722,0.9026486617779007,0.42040815683517685,9419.942793254535,0.0,0.0,0.0,0.0,0.0,0,0,0.4,0,0,0.25881904510252074,0.4641016151377546,0,0.0,0.0,0.0,4.8,0.0,0.07071067811865475,0,0,16.68424959549877,1.2638979098002647,-0.0,-5.0,0,1.0,0.0,6.340585348656986,0,0.0,3.1997999999999998,2.5,0.027826474107465846
2026-09-23T20:59:25.147879+00:00,21.36419298949833,82.2210781047073,2.39,163.71,857.83,20,2,23,9,3,0,-0.8660254037844386,0.5000000000000001,-0.8660254037844384,-0.5000000000000004,1,0.12605025400865846,0.922713712933796,0.3642948495769342,9202.335270882384,0.0,0.0,0.0,0.0,0.0,0,0,0.4,0,0,0.25881904510252074,0.4641016151377546,0,0.0,0.0,0.0,4.8,0.0,0.07071067811865475,0,0,16.68424959549877,1.2638979098002647,-0.0,-5.0,0,1.0,0.0,6.340585348656986,0,0.0,0.80542,2.5,0.027826474107465846
2026-09-23T19:59:25.147879+00:00,20.52041274388224,81.19865367333682,6.75,290.19,693.6,19,2,23,9,3,0,-0.9659258262890684,0.2588190451025203,-0.8660254037844384,-0.5000000000000004,1,0.1433002290667324,0.925519316278947,0.3505410668437756,9091.423788368871,0.0,0.0,0.0,0.0,0.0,0,0,0.4,0,0,0.25881904510252074,0.4641016151377546,0,0.0,0.0,0.0,4.8,0.0,0.07071067811865475,0,0,16.68424959549877,1.2638979098002647,-0.0,-5.0,0,1.0,0.0,6.340585348656986,0,0.0,1.93038,2.5,0.027826474107465846
2026-09-23T18:59:25.147879+00:00,27.591084298026665,83.37615171403628,12.89,420.43,61.24,18,2,23,9,3,0,-1.0,-1.8369701987210297e-16,-0.8660254037844384,-0.5000000000000004,1,0.10223244096511783,0.8803596286248672,0.463158128830532,9355.080600087102,0.0,0.0,0.0,0.0,0.0,0,0,0.4,0,0,0.25881904510252074,0.4641016151377546,0,0.0,0.0,0.0,4.8,0.0,0.07071067811865475,0,0,16.68424959549877,1.2638979098002647,-0.0,-5.0,0,1.0,0.0,6.340585348656986,0,0.0,3.4188600000000005,2.5,0.027826474107465846
2026-09-23T17:59:25.147879+00:00,27.725056264596475,89.4290970391252,13.76,59.59,425.43,17,2,23,9,3,0,-0.9659258262890683,-0.25881904510252063,-0.8660254037844384,-0.5000000000000004,1,0.008820010510761065,0.8851463167594978,0.46522919657055567,9951.350382463508,0.0,0.0,0.0,0.0,0.0,0,0,0.4,0,0,0.25881904510252074,0.4641016151377546,0,0.0,0.0,0.0,4.8,0.0,0.07071067811865475,0,0,16.68424959549877,1.2638979098002647,-0.0,-5.0,0,1.0,0.0,6.340585348656986,0,0.0,2.87118,2.5,0.027826474107465846
2026-09-23T16:59:25.147879+00:00,26.46717878493169,83.23202932020756,7.42,422.69,645.37,16,2,23,9,3,0,-0.8660254037844384,-0.5000000000000004,-0.8660254037844384,-0.5000000000000004,1,0.10549710365841351,0.8889517220275523,0.4456850872801727,9334.168318850985,0.0,0.0,0.0,0.0,0.0,0,0,0.4,0,0,0.25881904510252074,0.4641016151377546,0,0.0,0.0,0.0,4.8,0.0,0.07071067811865475,0,0,16.68424959549877,1.2638979098002647,-0.0,-5.0,0,1.0,0.0,6.340585348656986,0,0.0,2.32938,2.5,0.027826474107465846
2026-09-23T15:59:25.147879+00:00,22.436910153386965,85.18790621743366,9.36,314.23,151.05,15,2,23,9,3,0,-0.7071067811865471,-0.7071067811865479,-0.8660254037844384,-0.5000000000000004,1,0.0775378722458518,0.9210423575073556,0.3816658932166698,9513.053278156034,0.0,0.0,0.0,0.0,0.0,0,0,0.4,0,0,0.25881904510252074,0.4641016151377546,0,0.0,0.0,0.0,4.8,0.0,0.07071067811865475,0,0,16.68424959549877,1.2638979098002647,-0.0,-5.0,0,1.0,0.0,6.340585348656986,0,0.0,2.50046,2.5,0.027826474107465846
2026-09-23T14:59:25.147879+00:00,20.781376912051076,87.03018958895177,3.42,44.51,453.22,14,2,23,9,3,0,-0.4999999999999997,-0.8660254037844388,-0.8660254037844384,-0.5000000000000004,1,0.048439074522522094,0.9336853972388781,0.35480309333809357,9698.817244246247,0.0,0.0,0.0,0.0,0.0,0,0,0.4,0,0,0.25881904510252074,0.4641016151377546,0,0.0,0.0,0.0,4.8,0.0,0.07071067811865475,0,0,16.68424959549877,1.2638979098002647,-0.0,-5.0,0,1.0,0.0,6.340585348656986,0,0.0,0.7730199999999999,2.5,0.027826474107465846
2026-09-23T13:59:25.147879+00:00,25.47386421209725,83.63629602379294,14.38,145.92,88.18,13,2,23,9,3,0,-0.2588190451025208,-0.9659258262890683,-0.8660254037844384,-0.5000000000000004,1,0.1000637429482536,0.8972189316548831,0.43009933274449075,9368.968604263764,0.0,0.0,0.0,0.0,0.0,0,0,0.4,0,0,0.25881904510252074,0.4641016151377546,0,0.0,0.0,0.0,4.8,0.0,0.07071067811865475,0,0,16.68424959549877,1.2638979098002647,-0.0,-5.0,0,1.0,0.0,6.340585348656986,0,0.0,3.1678400000000004,2.5,0.027826474107465846
2026-09-23T12:59:25.147879+00:00,23.52121994991681,89.71782082720961,4.28,323.05,140.37,12,2,23,9,3,0,1.2246467991473532e-16,-1.0,-0.8660254037844384,-0.5000000000000004,1,0.004515734309065794,0.916901211671202,0.39908868209901877,9978.773556948254,0.0,0.0,0.0,0.0,0.0,0,0,0.4,0,0,0.25881904510252074,0.4641016151377546,0,0.0,0.0,0.0,4.8,0.0,0.07071067811865475,0,0,16.68424959549877,1.2638979098002647,-0.0,-5.0,0,1.0,0.0,6.340585348656986,0,0.0,1.5021,2.5,0.027826474107465846
2026-09-23T11:59:25.147879+00:00,20.976305878758232,89.62447294942112,13.74,44.3,506.46,11,2,23,9,3,0,0.258819045102521,-0.9659258262890682,-0.8660254037844384,-0.5000000000000004,1,0.006119784381859433,0.9337084911335485,0.3579818456629215,9968.554008340661,0.0,0.0,0.0,0.0,0.0,0,0,0.4,0,0,0.25881904510252074,0.4641016151377546,0,0.0,0.0,0.0,4.8,0.0,0.07071067811865475,0,0,16.68424959549877,1.2638979098002647,-0.0,-5.0,0,1.0,0.0,6.340585348656986,0,0.0,2.8366000000000002,2.5,0.027826474107465846
2026-09-23T10:59:25.147879+00:00,23.96141528089016,82.51782295825365,9.84,268.24,202.62,10,2,23,9,3,0,0.49999999999999994,-0.8660254037844387,-0.8660254037844384,-0.5000000000000004,1,0.11899550027638738,0.9060383693834102,0.40612134161974717,9247.622413262125,0.0,0.0,0.0,0.0,0.0,0,0,0.4,0,0,0.25881904510252074,0.4641016151377546,0,0.0,0.0,0.0,4.8,0.0,0.07071067811865475,0,0,16.68424959549877,1.2638979098002647,-0.0,-5.0,0,1.0,0.0,6.340585348656986,0,0.0,2.50448,2.5,0.027826474107465846
2026-09-23T09:59:25.147879+00:00,20.275108168921747,84.97248505892385,9.28,165.46,702.67,9,2,23,9,3,0,0.7071067811865476,-0.7071067811865475,-0.8660254037844384,-0.5000000000000004,1,0.08220428314354132,0.9344306776742234,0.3465281582413585,9483.228261757176,0.0,0.0,0.0,0.0,0.0,0,0,0.4,0,0,0.25881904510252074,0.4641016151377546,0,0.0,0.0,0.0,4.8,0.0,0.07071067811865475,0,0,16.68424959549877,1.2638979098002647,-0.0,-5.0,0,1.0,0.0,6.340585348656986,0,0.0,2.1869199999999998,2.5,0.027826474107465846
2026-09-23T08:59:25.147879+00:00,27.274563216630256,83.0087830981677,8.02,285.1,842.88,8,2,23,9,3,0,0.8660254037844387,-0.4999999999999998,-0.8660254037844384,-0.5000000000000004,1,0.1081847664977607,0.8822122243621183,0.45825500268286035,9316.946638779656,0.0,0.0,0.0,0.0,0.0,0,0,0.4,0,0,0.25881904510252074,0.4641016151377546,0,0.0,0.0,0.0,4.8,0.0,0.07071067811865475,0,0,16.68424959549877,1.2638979098002647,-0.0,-5.0,0,1.0,0.0,6.340585348656986,0,0.0,2.1742,2.5,0.027826474107465846
2026-09-23T07:59:25.147879+00:00,22.070239852800132,82.84840494377468,4.27,34.9,970.67,7,2,23,9,3,0,0.9659258262890683,-0.25881904510252063,-0.8660254037844384,-0.5000000000000004,1,0.11537251776998499,0.9195142243574334,0.37574296180735345,9270.864581583404,0.0,0.0,0.0,0.0,0.0,0,0,0.4,0,0,0.25881904510252074,0.4641016151377546,0,0.0,0.0,0.0,4.8,0.0,0.07071067811865475,0,0,16.68424959549877,1.2638979098002647,-0.0,-5.0,0,1.0,0.0,6.340585348656986,0,0.0,0.9237999999999998,2.5,0.027826474107465846
2026-09-23T06:59:25.147879+00:00,25.300178274831858,80.36886947354533,3.55,394.12,280.17,6,2,23,9,3,0,1.0,6.123233995736766e-17,-0.8660254037844384,-0.5000000000000004,1,0.15125680536526176,0.8913384492315304,0.42736067642241715,9040.173412746066,0.0,0.0,0.0,0.0,0.0,0,0,0.4,0,0,0.25881904510252074,0.4641016151377546,0,0.0,0.0,0.0,4.8,0.0,0.07071067811865475,0,0,16.68424959549877,1.2638979098002647,-0.0,-5.0,0,1.0,0.0,6.340585348656986,0,0.0,1.49824,2.5,0.027826474107465846
2026-09-23T05:59:25.147879+00:00,22.49368860871529,86.09564333979897,4.13,438.47,242.6,5,2,23,9,3,0,0.9659258262890683,0.25881904510252074,-0.8660254037844384,-0.5000000000000004,1,0.06291089204897944,0.9217773552812769,0.382581660501724,9606.473249568959,0.0,0.0,0.0,0.0,0.0,0,0,0.4,0,0,0.25881904510252074,0.4641016151377546,0,0.0,0.0,0.0,4.8,0.0,0.07071067811865475,0,0,16.68424959549877,1.2638979098002647,-0.0,-5.0,0,1.0,0.0,6.340585348656986,0,0.0,1.70294,2.5,0.027826474107465846
2026-09-23T04:59:25.147879+00:00,24.160544169422487,85.02679023228862,3.68,436.46,170.25,4,2,23,9,3,0,0.8660254037844386,0.5000000000000001,-0.8660254037844384,-0.5000000000000004,1,0.07909608604724655,0.9089673040295302,0.4092948196316369,9503.095311185789,0.0,0.0,0.0,0.0,0.0,0,0,0.4,0,0,0.25881904510252074,0.4641016151377546,0,0.0,0.0,0.0,4.8,0.0,0.07071067811865475,0,0,16.68424959549877,1.2638979098002647,-0.0,-5.0,0,1.0,0.0,6.340585348656986,0,0.0,1.60892,2.5,0.027826474107465846
2026-09-23T03:59:25.147879+00:00,24.37368223474624,80.5147875124999,11.57,341.1,781.89,3,2,23,9,3,0,0.7071067811865475,0.7071067811865476,-0.8660254037844384,-0.5000000000000004,1,0.15010559123899436,0.8984200078478013,0.41268608042621036,9047.592506577681,0.0,0.0,0.0,0.0,0.0,0,0,0.4,0,0,0.25881904510252074,0.4641016151377546,0,0.0,0.0,0.0,4.8,0.0,0.07071067811865475,0,0,16.68424959549877,1.2638979098002647,-0.0,-5.0,0,1.0,0.0,6.340585348656986,0,0.0,2.9962,2.5,0.027826474107465846
2026-09-23T02:59:25.147879+00:00,21.478835644204217,82.78646464236611,5.86,71.59,862.45,2,2,23,9,3,0,0.49999999999999994,0.8660254037844387,-0.8660254037844384,-0.5000000000000004,1,0.11684729607049571,0.9231876202577253,0.36615751692938353,9261.404785585792,0.0,0.0,0.0,0.0,0.0,0,0,0.4,0,0,0.25881904510252074,0.4641016151377546,0,0.0,0.0,0.0,4.8,0.0,0.07071067811865475,0,0,16.68424959549877,1.2638979098002647,-0.0,-5.0,0,1.0,0.0,6.340585348656986,0,0.0,1.3151800000000002,2.5,0.027826474107465846
2026-09-23T01:59:25.147879+00:00,27.75667702211647,89.08265885966654,1.97,344.84,86.32,1,2,23,9,3,0,0.25881904510252074,0.9659258262890683,-0.8660254037844384,-0.5000000000000004,1,0.014167729498355788,0.8848199510781013,0.465717650100367,9917.277773449889,0.0,0.0,0.0,0.0,0.0,0,0,0.4,0,0,0.25881904510252074,0.4641016151377546,0,0.0,0.0,0.0,4.8,0.0,0.07071067811865475,0,0,16.68424959549877,1.2638979098002647,-0.0,-5.0,0,1.0,0.0,6.340585348656986,0,0.0,1.08368,2.5,0.027826474107465846
2026-09-23T00:59:25.147879+00:00,26.20106258688892,82.39561890666972,14.09,25.7,1126.64,0,2,23,9,3,0,0.0,1.0,-0.8660254037844384,-0.5000000000000004,1,0.11873507492451567,0.8893592469891511,0.44152249294635,9249.29343004042,0.0,0.0,0.0,0.0,0.0,0,0,0.4,0,0,0.25881904510252074,0.4641016151377546,0,0.0,0.0,0.0,4.8,0.0,0.07071067811865475,0,0,16.68424959549877,1.2638979098002647,-0.0,-5.0,0,1.0,0.0,6.340585348656986,0,0.0,2.8694,2.5,0.027826474107465846
2026-09-22T23:59:25.147879+00:00,27.515991532513517,81.44894872091223,12.95,24.62,109.77,23,1,22,9,3,0,-0.25881904510252157,0.9659258262890681,-0.8660254037844384,-0.5000000000000004,1,0.13187098586200408,0.877023139517249,0.46199616431209817,9164.939063339154,0.0,0.0,0.0,0.0,0.0,0,0,0.4,0,0,0.25881904510252074,0.4641016151377546,0,0.0,0.0,0.0,4.8,0.0,0.07071067811865475,0,0,16.68424959549877,1.2638979098002647,-0.0,-5.0,0,1.0,0.0,6.340585348656986,0,0.0,2.63924,2.5,0.027826474107465846
2026-09-22T22:59:25.147879+00:00,27.15861880342119,84.89452760277563,13.54,155.77,672.49,22,1,22,9,3,0,-0.5000000000000004,0.8660254037844384,-0.8660254037844384,-0.5000000000000004,1,0.07917801356447932,0.88621626918207,0.45645543747993195,9502.57170882315,0.0,0.0,0.0,0.0,0.0,0,0,0.4,0,0,0.25881904510252074,0.4641016151377546,0,0.0,0.0,0.0,4.8,0.0,0.07071067811865475,0,0,16.68424959549877,1.2638979098002647,-0.0,-5.0,0,1.0,0.0,6.340585348656986,0,0.0,3.0195399999999997,2.5,0.027826474107465846
2026-09-22T21:59:25.147879+00:00,24.78319983048868,89.856504541106,14.43,227.56,865.42,21,1,22,9,3,0,-0.7071067811865477,0.7071067811865474,-0.8660254037844384,-0.5000000000000004,1,0.0022738053975637847,0.9078975831841735,0.41918588747398305,9993.056971339458,0.0,0.0,0.0,0.0,0.0,0,0,0.4,0,0,0.25881904510252074,0.4641016151377546,0,0.0,0.0,0.0,4.8,0.0,0.07071067811865475,0,0,16.68424959549877,1.2638979098002647,-0.0,-5.0,0,1.0,0.0,6.340585348656986,0,0.0,3.34112,2.5,0.027826474107465846
2026-09-22T20:59:25.147879+00:00,27.37499388018493,82.42055271511501,3.51,350.13,1051.61,20,1,22,9,3,0,-0.8660254037844386,0.5000000000000001,-0.8660254037844384,-0.5000000000000004,1,0.11713005859614269,0.8802574802965962,0.4598122635980383,9259.590849681557,0.0,0.0,0.0,0.0,0.0,0,0,0.4,0,0,0.25881904510252074,0.4641016151377546,0,0.0,0.0,0.0,4.8,0.0,0.07071067811865475,0,0,16.68424959549877,1.2638979098002647,-0.0,-5.0,0,1.0,0.0,6.340585348656986,0,0.0,1.40226,2.5,0.027826474107465846
2026-09-22T19:59:25.147879+00:00,20.70794001641536,86.72135547405878,6.47,312.23,871.2,19,1,22,9,3,0,-0.9659258262890684,0.2588190451025203,-0.8660254037844384,-0.5000000000000004,1,0.0534970359811569,0.9338639854558837,0.35360447368448833,9666.551000132524,0.0,0.0,0.0,0.0,0.0,0,0,0.4,0,0,0.25881904510252074,0.4641016151377546,0,0.0,0.0,0.0,4.8,0.0,0.07071067811865475,0,0,16.68424959549877,1.2638979098002647,-0.0,-5.0,0,1.0,0.0,6.340585348656986,0,0.0,1.91846,2.5,0.027826474107465846
2026-09-22T18:59:25.147879+00:00,21.56786289935316,87.61619615328718,11.28,208.97,971.99,18,1,22,9,3,0,-1.0,-1.8369701987210297e-16,-0.8660254037844384,-0.5000000000000004,1,0.03868098357646912,0.9291780384045567,0.36760298483039683,9761.045356411394,0.0,0.0,0.0,0.0,0.0,0,0,0.4,0,0,0.25881904510252074,0.4641016151377546,0,0.0,0.0,0.0,4.8,0.0,0.07071067811865475,0,0,16.68424959549877,1.2638979098002647,-0.0,-5.0,0,1.0,0.0,6.340585348656986,0,0.0,2.67394,2.5,0.027826474107465846
2026-09-22T17:59:25.147879+00:00,20.361818311284303,82.37637543992399,10.46,134.03,440.37,17,1,22,9,3,0,-0.9659258262890683,-0.25881904510252063,-0.8660254037844384,-0.5000000000000004,1,0.12437538198104603,0.9292273095860705,0.3479473688311237,9213.090526773707,0.0,0.0,0.0,0.0,0.0,0,0,0.4,0,0,0.25881904510252074,0.4641016151377546,0,0.0,0.0,0.0,4.8,0.0,0.07071067811865475,0,0,16.68424959549877,1.2638979098002647,-0.0,-5.0,0,1.0,0.0,6.340585348656986,0,0.0,2.3600600000000003,2.5,0.027826474107465846
2026-09-22T16:59:25.147879+00:00,22.60264264610612,87.28216348611859,3.25,448.75,987.05,16,1,22,9,3,0,-0.8660254037844384,-0.5000000000000004,-0.8660254037844384,-0.5000000000000004,1,0.04377539569570452,0.9221540493712503,0.38433790336094886,9728.561202029052,0.0,0.0,0.0,0.0,0.0,0,0,0.4,0,0,0.25881904510252074,0.4641016151377546,0,0.0,0.0,0.0,4.8,0.0,0.07071067811865475,0,0,16.68424959549877,1.2638979098002647,-0.0,-5.0,0,1.0,0.0,6.340585348656986,0,0.0,1.5474999999999999,2.5,0.027826474107465846
2026-09-22T15:59:25.147879+00:00,23.109418317515857,83.67783132719254,12.05,200.39,142.13,15,1,22,9,3,0,-0.7071067811865471,-0.7071067811865479,-0.8660254037844384,-0.5000000000000004,1,0.10128261224609768,0.9141634193488819,0.39248831215842184,9361.163534199797,0.0,0.0,0.0,0.0,0.0,0,0,0.4,0,0,0.25881904510252074,0.4641016151377546,0,0.0,0.0,0.0,4.8,0.0,0.07071067811865475,0,0,16.68424959549877,1.2638979098002647,-0.0,-5.0,0,1.0,0.0,6.340585348656986,0,0.0,2.8107800000000003,2.5,0.027826474107465846
2026-09-22T14:59:25.147879+00:00,22.170792254191166,86.32305830593579,4.19,211.35,1079.04,14,1,22,9,3,0,-0.4999999999999997,-0.8660254037844388,-0.8660254037844384,-0.5000000000000004,1,0.05938907199989982,0.9241567835202754,0.3773687554640015,9628.95284544037,0.0,0.0,0.0,0.0,0.0,0,0,0.4,0,0,0.25881904510252074,0.4641016151377546,0,0.0,0.0,0.0,4.8,0.0,0.07071067811865475,0,0,16.68424959549877,1.2638979098002647,-0.0,-5.0,0,1.0,0.0,6.340585348656986,0,0.0,1.2607,2.5,0.027826474107465846
2026-09-22T13:59:25.147879+00:00,26.629900073215435,86.33529710760895,4.18,86.18,679.73,13,1,22,9,3,0,-0.2588190451025208,-0.9659258262890683,-0.8660254037844384,-0.5000000000000004,1,0.05713718662614955,0.8920925471361553,0.44822564546060395,9643.324023108918,0.0,0.0,0.0,0.0,0.0,0,0,0.4,0,0,0.25881904510252074,0.4641016151377546,0,0.0,0.0,0.0,4.8,0.0,0.07071067811865475,0,0,16.68424959549877,1.2638979098002647,-0.0,-5.0,0,1.0,0.0,6.340585348656986,0,0.0,1.00836,2.5,0.027826474107465846
2026-09-22T12:59:25.147879+00:00,22.854026613548715,85.35774684074758,8.34,360.74,989.89,12,1,22,9,3,0,1.2246467991473532e-16,-1.0,-0.8660254037844384,-0.5000000000000004,1,0.07458045051020476,0.9184743319518327,0.3883846777968069,9531.949756365173,0.0,0.0,0.0,0.0,0.0,0,0,0.4,0,0,0.25881904510252074,0.4641016151377546,0,0.0,0.0,0.0,4.8,0.0,0.07071067811865475,0,0,16.68424959549877,1.2638979098002647,-0.0,-5.0,0,1.0,0.0,6.340585348656986,0,0.0,2.38948,2.5,0.027826474107465846
2026-09-22T11:59:25.147879+00:00,22.247476077499044,80.90289770054409,9.09,316.75,570.17,11,1,22,9,3,0,0.258819045102521,-0.9659258262890682,-0.8660254037844384,-0.5000000000000004,1,0.1463381146306039,0.9139153434446468,0.3786078462245778,9071.863206401411,0.0,0.0,0.0,0.0,0.0,0,0,0.4,0,0,0.25881904510252074,0.4641016151377546,0,0.0,0.0,0.0,4.8,0.0,0.07071067811865475,0,0,16.68424959549877,1.2638979098002647,-0.0,-5.0,0,1.0,0.0,6.340585348656986,0,0.0,2.4515000000000002,2.5,0.027826474107465846
2026-09-22T10:59:25.147879+00:00,24.34156866526599,88.35302495589238,8.92,111.03,790.11,10,1,22,9,3,0,0.49999999999999994,-0.8660254037844387,-0.8660254037844384,-0.5000000000000004,1,0.02618621671660476,0.9107280898696086,0.4121754825029324,9840.691938762682,0.0,0.0,0.0,0.0,0.0,0,0,0.4,0,0,0.25881904510252074,0.4641016151377546,0,0.0,0.0,0.0,4.8,0.0,0.07071067811865475,0,0,16.68424959549877,1.2638979098002647,-0.0,-5.0,0,1.0,0.0,6.340585348656986,0,0.0,2.00606,2.5,0.027826474107465846
2026-09-22T09:59:25.147879+00:00,21.1273937997981,83.20780064971736,2.42,50.84,655.36,9,1,22,9,3,0,0.7071067811865476,-0.7071067811865475,-0.8660254037844384,-0.5000000000000004,1,0.11031890552373709,0.9262346950205984,0.36044282323850446,9303.268158359808,0.0,0.0,0.0,0.0,0.0,0,0,0.4,0,0,0.25881904510252074,0.4641016151377546,0,0.0,0.0,0.0,4.8,0.0,0.07071067811865475,0,0,16.68424959549877,1.2638979098002647,-0.0,-5.0,0,1.0,0.0,6.340585348656986,0,0.0,0.58568,2.5,0.027826474107465846
2026-09-22T08:59:25.147879+00:00,26.41757584603232,81.86518510399854,12.87,311.02,891.33,8,1,22,9,3,0,0.8660254037844387,-0.4999999999999998,-0.8660254037844384,-0.5000000000000004,1,0.12672639660413088,0.8865639177870432,0.4449099235596137,9197.99274290191,0.0,0.0,0.0,0.0,0.0,0,0,0.4,0,0,0.25881904510252074,0.4641016151377546,0,0.0,0.0,0.0,4.8,0.0,0.07071067811865475,0,0,16.68424959549877,1.2638979098002647,-0.0,-5.0,0,1.0,0.0,6.340585348656986,0,0.0,3.19604,2.5,0.027826474107465846
2026-09-22T07:59:25.147879+00:00,20.59640514943817,80.40775141554764,4.73,299.71,143.87,7,1,22,9,3,0,0.9659258262890683,-0.25881904510252063,-0.8660254037844384,-0.5000000000000004,1,0.1559842884689633,0.9229938681901168,0.351782917485026,9009.692779354518,0.0,0.0,0.0,0.0,0.0,0,0,0.4,0,0,0.25881904510252074,0.4641016151377546,0,0.0,0.0,0.0,4.8,0.0,0.07071067811865475,0,0,16.68424959549877,1.2638979098002647,-0.0,-5.0,0,1.0,0.0,6.340585348656986,0,0.0,1.54542,2.5,0.027826474107465846
2026-09-22T06:59:25.147879+00:00,27.89509549280414,85.90892943188241,2.92,133.87,119.4,6,1,22,9,3,0,1.0,6.123233995736766e-17,-0.8660254037844384,-0.5000000000000004,1,0.06305245991937733,0.8815536682675533,0.46785416238624605,9605.569526489551,0.0,0.0,0.0,0.0,0.0,0,0,0.4,0,0,0.25881904510252074,0.4641016151377546,0,0.0,0.0,0.0,4.8,0.0,0.07071067811865475,0,0,16.68424959549877,1.2638979098002647,-0.0,-5.0,0,1.0,0.0,6.340585348656986,0,0.0,0.8517399999999999,2.5,0.027826474107465846
2026-09-22T05:59:25.147879+00:00,26.177958154373258,86.77564361842282,13.02,428.63,334.17,5,1,22,9,3,0,0.9659258262890683,0.25881904510252074,-0.8660254037844384,-0.5000000000000004,1,0.05047668653396099,0.8960074730524439,0.44116064234100294,9685.819709603182,0.0,0.0,0.0,0.0,0.0,0,0,0.4,0,0,0.25881904510252074,0.4641016151377546,0,0.0,0.0,0.0,4.8,0.0,0.07071067811865475,0,0,16.68424959549877,1.2638979098002647,-0.0,-5.0,0,1.0,0.0,6.340585348656986,0,0.0,3.4612600000000002,2.5,0.027826474107465846
2026-09-22T04:59:25.147879+00:00,21.589725452273377,80.16587828927857,13.91,80.71,233.48,4,1,22,9,3,0,0.8660254037844386,0.5000000000000001,-0.8660254037844384,-0.5000000000000004,1,0.15881366994732285,0.9161797120105523,0.36795781488932183,8991.439254848437,0.0,0.0,0.0,0.0,0.0,0,0,0.4,0,0,0.25881904510252074,0.4641016151377546,0,0.0,0.0,0.0,4.8,0.0,0.07071067811865475,0,0,16.68424959549877,1.2638979098002647,-0.0,-5.0,0,1.0,0.0,6.340585348656986,0,0.0,2.94342,2.5,0.027826474107465846
2026-09-22T03:59:25.147879+00:00,20.04417693698882,85.12093058299281,12.67,203.07,1052.55,3,1,22,9,3,0,0.7071067811865475,0.7071067811865476,-0.8660254037844384,-0.5000000000000004,1,0.07990117177876342,0.9360245502312458,0.3427445756139324,9497.949824255053,0.0,0.0,0.0,0.0,0.0,0,0,0.4,0,0,0.25881904510252074,0.4641016151377546,0,0.0,0.0,0.0,4.8,0.0,0.07071067811865475,0,0,16.68424959549877,1.2638979098002647,-0.0,-5.0,0,1.0,0.0,6.340585348656986,0,0.0,2.94014,2.5,0.027826474107465846
2026-09-22T02:59:25.147879+00:00,26.523691427638678,82.26495775197938,11.97,425.47,302.1,2,1,22,9,3,0,0.49999999999999994,0.8660254037844387,-0.8660254037844384,-0.5000000000000004,1,0.12042638519724723,0.8866085178587918,0.44656782442151016,9238.440213465594,0.0,0.0,0.0,0.0,0.0,0,0,0.4,0,0,0.25881904510252074,0.4641016151377546,0,0.0,0.0,0.0,4.8,0.0,0.07071067811865475,0,0,16.68424959549877,1.2638979098002647,-0.0,-5.0,0,1.0,0.0,6.340585348656986,0,0.0,3.24494,2.5,0.027826474107465846
2026-09-22T01:59:25.147879+00:00,25.65485875078094,86.4517279040945,9.91,197.58,1172.25,1,1,22,9,3,0,0.25881904510252074,0.9659258262890683,-0.8660254037844384,-0.5000000000000004,1,0.055788292357230686,0.8996903960106211,0.4329490244383467,9651.93156070016,0.0,0.0,0.0,0.0,0.0,0,0,0.4,0,0,0.25881904510252074,0.4641016151377546,0,0.0,0.0,0.0,4.8,0.0,0.07071067811865475,0,0,16.68424959549877,1.2638979098002647,-0.0,-5.0,0,1.0,0.0,6.340585348656986,0,0.0,2.37716,2.5,0.027826474107465846
2026-09-22T00:59:25.147879+00:00,25.8320573443279,81.74366429004992,8.53,292.76,437.43,0,1,22,9,3,0,0.0,1.0,-0.8660254037844384,-0.5000000000000004,1,0.12925263700694972,0.8907462996018265,0.43573476516385845,9181.764592642274,0.0,0.0,0.0,0.0,0.0,0,0,0.4,0,0,0.25881904510252074,0.4641016151377546,0,0.0,0.0,0.0,4.8,0.0,0.07071067811865475,0,0,16.68424959549877,1.2638979098002647,-0.0,-5.0,0,1.0,0.0,6.340585348656986,0,0.0,2.29152,2.5,0.027826474107465846
2026-09-21T23:59:25.147879+00:00,26.170162773487565,86.90937738102465,2.36,187.95,259.44,23,0,21,9,3,0,-0.25881904510252157,0.9659258262890681,-0.8660254037844384,-0.5000000000000004,1,0.048388420507958496,0.8961827761218482,0.4410385386145777,9699.14033984563,0.0,0.0,0.0,0.0,0.0,0,0,0.4,0,0,0.25881904510252074,0.4641016151377546,0,0.0,0.0,0.0,4.8,0.0,0.07071067811865475,0,0,16.68424959549877,1.2638979098002647,-0.0,-5.0,0,1.0,0.0,6.340585348656986,0,0.0,0.8478999999999999,2.5,0.027826474107465846
2026-09-21T22:59:25.147879+00:00,20.592357213872724,83.86735346300537,6.63,134.28,958.15,22,0,21,9,3,0,-0.5000000000000004,0.8660254037844384,-0.8660254037844384,-0.5000000000000004,1,0.10000483112788364,0.9307493425035246,0.3517167826253678,9369.345823607195,0.0,0.0,0.0,0.0,0.0,0,0,0.4,0,0,0.25881904510252074,0.4641016151377546,0,0.0,0.0,0.0,4.8,0.0,0.07071067811865475,0,0,16.68424959549877,1.2638979098002647,-0.0,-5.0,0,1.0,0.0,6.340585348656986,0,0.0,1.59456,2.5,0.027826474107465846
2026-09-21T21:59:25.147879+00:00,22.86772582835418,89.36729988736735,6.16,443.03,807.51,21,0,21,9,3,0,-0.7071067811865477,0.7071067811865474,-0.8660254037844384,-0.5000000000000004,1,0.010174586257206289,0.9213482712335946,0.388604993392212,9942.719990489131,0.0,0.0,0.0,0.0,0.0,0,0,0.4,0,0,0.25881904510252074,0.4641016151377546,0,0.0,0.0,0.0,4.8,0.0,0.07071067811865475,0,0,16.68424959549877,1.2638979098002647,-0.0,-5.0,0,1.0,0.0,6.340585348656986,0,0.0,2.11806,2.5,0.027826474107465846
2026-09-21T20:59:25.147879+00:00,20.92695247620104,81.37520944145993,4.65,193.06,622.93,20,0,21,9,3,0,-0.8660254037844386,0.5000000000000001,-0.8660254037844384,-0.5000000000000004,1,0.14007105647180657,0.9234740878282882,0.35717741844716766,9112.206519024397,0.0,0.0,0.0,0.0,0.0,0,0,0.4,0,0,0.25881904510252074,0.4641016151377546,0,0.0,0.0,0.0,4.8,0.0,0.07071067811865475,0,0,16.68424959549877,1.2638979098002647,-0.0,-5.0,0,1.0,0.0,6.340585348656986,0,0.0,1.3161200000000002,2.5,0.027826474107465846
2026-09-21T19:59:25.147879+00:00,26.90482740700475,83.41066351050259,10.82,403.93,688.67,19,0,21,9,3,0,-0.9659258262890684,0.2588190451025203,-0.8660254037844384,-0.5000000000000004,1,0.10233141494904203,0.8858685689084075,0.452509845345598,9354.446712380084,0.0,0.0,0.0,0.0,0.0,0,0,0.4,0,0,0.25881904510252074,0.4641016151377546,0,0.0,0.0,0.0,4.8,0.0,0.07071067811865475,0,0,16.68424959549877,1.2638979098002647,-0.0,-5.0,0,1.0,0.0,6.340585348656986,0,0.0,2.9718600000000004,2.5,0.027826474107465846
2026-09-21T18:59:25.147879+00:00,24.986385014620463,81.13473521240589,7.8,115.03,877.08,18,0,21,9,3,0,-1.0,-1.8369701987210297e-16,-0.8660254037844384,-0.5000000000000004,1,0.13968784671067672,0.8955797599018257,0.42240288722441605,9114.672189568266,0.0,0.0,0.0,0.0,0.0,0,0,0.4,0,0,0.25881904510252074,0.4641016151377546,0,0.0,0.0,0.0,4.8,0.0,0.07071067811865475,0,0,16.68424959549877,1.2638979098002647,-0.0,-5.0,0,1.0,0.0,6.340585348656986,0,0.0,1.79006,2.5,0.027826474107465846
2026-09-21T17:59:25.147879+00:00,22.647184198821197,89.24693618278563,2.28,107.7,312.72,17,0,21,9,3,0,-0.9659258262890683,-0.25881904510252063,-0.8660254037844384,-0.5000000000000004,1,0.012129648025033449,0.9228137155387545,0.3850554739934853,9930.263515353381,0.0,0.0,0.0,0.0,0.0,0,0,0.4,0,0,0.25881904510252074,0.4641016151377546,0,0.0,0.0,0.0,4.8,0.0,0.07071067811865475,0,0,16.68424959549877,1.2638979098002647,-0.0,-5.0,0,1.0,0.0,6.340585348656986,0,0.0,0.6714,2.5,0.027826474107465846
2026-09-21T16:59:25.147879+00:00,20.50846680228819,88.77339353380981,4.13,28.54,1195.78,16,0,21,9,3,0,-0.8660254037844384,-0.5000000000000004,-0.8660254037844384,-0.5000000000000004,1,0.020049939584427922,0.9364058016508529,0.35034579283514233,9879.79667291059,0.0,0.0,0.0,0.0,0.0,0,0,0.4,0,0,0.25881904510252074,0.4641016151377546,0,0.0,0.0,0.0,4.8,0.0,0.07071067811865475,0,0,16.68424959549877,1.2638979098002647,-0.0,-5.0,0,1.0,0.0,6.340585348656986,0,0.0,0.88308,2.5,0.027826474107465846
2026-09-21T15:59:25.147879+00:00,22.487858573725298,82.57941627715155,10.29,298.48,1171.01,15,0,21,9,3,0,-0.7071067811865471,-0.7071067811865479,-0.8660254037844384,-0.5000000000000004,1,0.11933122135558163,0.9162222764885577,0.3824876464356857,9245.468184647854,0.0,0.0,0.0,0.0,0.0,0,0,0.4,0,0,0.25881904510252074,0.4641016151377546,0,0.0,0.0,0.0,4.8,0.0,0.07071067811865475,0,0,16.68424959549877,1.2638979098002647,-0.0,-5.0,0,1.0,0.0,6.340585348656986,0,0.0,2.65496,2.5,0.027826474107465846
2026-09-21T14:59:25.147879+00:00,22.601466576213976,86.5998404603418,2.21,175.31,797.87,14,0,21,9,3,0,-0.4999999999999997,-0.8660254037844388,-0.8660254037844384,-0.5000000000000004,1,0.05475423275080928,0.921575236174066,0.38431895356147183,9658.52964073711,0.0,0.0,0.0,0.0,0.0,0,0,0.4,0,0,0.25881904510252074,0.4641016151377546,0,0.0,0.0,0.0,4.8,0.0,0.07071067811865475,0,0,16.68424959549877,1.2638979098002647,-0.0,-5.0,0,1.0,0.0,6.340585348656986,0,0.0,0.79262,2.5,0.027826474107465846
2026-09-21T13:59:25.147879+00:00,25.83684942670451,88.17222200201216,12.52,391.0,279.47,13,0,21,9,3,0,-0.2588190451025208,-0.9659258262890683,-0.8660254037844384,-0.5000000000000004,1,0.028707033659066947,0.8995807423251565,0.43581004377620497,9824.625757151312,0.0,0.0,0.0,0.0,0.0,0,0,0.4,0,0,0.25881904510252074,0.4641016151377546,0,0.0,0.0,0.0,4.8,0.0,0.07071067811865475,0,0,16.68424959549877,1.2638979098002647,-0.0,-5.0,0,1.0,0.0,6.340585348656986,0,0.0,3.286,2.5,0.027826474107465846
2026-09-21T12:59:25.147879+00:00,25.100459770841702,85.55200811599462,7.79,220.85,832.26,12,0,21,9,3,0,1.2246467991473532e-16,-1.0,-0.8660254037844384,-0.5000000000000004,1,0.07023035343007368,0.9028379600214499,0.4242066894821367,9559.737181267263,0.0,0.0,0.0,0.0,0.0,0,0,0.4,0,0,0.25881904510252074,0.4641016151377546,0,0.0,0.0,0.0,4.8,0.0,0.07071067811865475,0,0,16.68424959549877,1.2638979098002647,-0.0,-5.0,0,1.0,0.0,6.340585348656986,0,0.0,1.9997,2.5,0.027826474107465846
2026-09-21T11:59:25.147879+00:00,27.09770194061061,85.29650578356006,7.59,436.16,133.03,11,0,21,9,3,0,0.258819045102521,-0.9659258262890682,-0.8660254037844384,-0.5000000000000004,1,0.07299831520259388,0.8872331222670611,0.45550920158634023,9542.057095632237,0.0,0.0,0.0,0.0,0.0,0,0,0.4,0,0,0.25881904510252074,0.4641016151377546,0,0.0,0.0,0.0,4.8,0.0,0.07071067811865475,0,0,16.68424959549877,1.2638979098002647,-0.0,-5.0,0,1.0,0.0,6.340585348656986,0,0.0,2.39032,2.5,0.027826474107465846
2026-09-21T10:59:25.147879+00:00,23.777719401295595,82.41852290900452,9.08,95.7,85.25,10,0,21,9,3,0,0.49999999999999994,-0.8660254037844387,-0.8660254037844384,-0.5000000000000004,1,0.12073675667372587,0.9071168008413113,0.40318946566017116,9236.448302648594,0.0,0.0,0.0,0.0,0.0,0,0,0.4,0,0,0.25881904510252074,0.4641016151377546,0,0.0,0.0,0.0,4.8,0.0,0.07071067811865475,0,0,16.68424959549877,1.2638979098002647,-0.0,-5.0,0,1.0,0.0,6.340585348656986,0,0.0,2.0074,2.5,0.027826474107465846
2026-09-21T09:59:25.147879+00:00,20.956753967506412,80.931027678059,12.17,392.85,346.34,9,0,21,9,3,0,0.7071067811865476,-0.7071067811865475,-0.8660254037844384,-0.5000000000000004,1,0.14719664457400344,0.9221768741330323,0.357663194416736,9066.333632384949,0.0,0.0,0.0,0.0,0.0,0,0,0.4,0,0,0.25881904510252074,0.4641016151377546,0,0.0,0.0,0.0,4.8,0.0,0.07071067811865475,0,0,16.68424959549877,1.2638979098002647,-0.0,-5.0,0,1.0,0.0,6.340585348656986,0,0.0,3.2197000000000005,2.5,0.027826474107465846
2026-09-21T08:59:25.147879+00:00,25.70595829778396,88.97215757953327,5.83,352.82,582.02,8,0,21,9,3,0,0.8660254037844387,-0.4999999999999998,-0.8660254037844384,-0.5000000000000004,1,0.016162955880961095,0.9008869399962278,0.4337527869667505,9904.564722049598,0.0,0.0,0.0,0.0,0.0,0,0,0.4,0,0,0.25881904510252074,0.4641016151377546,0,0.0,0.0,0.0,4.8,0.0,0.07071067811865475,0,0,16.68424959549877,1.2638979098002647,-0.0,-5.0,0,1.0,0.0,6.340585348656986,0,0.0,1.8716399999999997,2.5,0.027826474107465846
2026-09-21T07:59:25.147879+00:00,26.08628038893518,89.0041805716333,10.22,350.35,1048.51,7,0,21,9,3,0,0.9659258262890683,-0.25881904510252063,-0.8660254037844384,-0.5000000000000004,1,0.015609058215861914,0.8979972458090931,0.4397241224005081,9908.094049486948,0.0,0.0,0.0,0.0,0.0,0,0,0.4,0,0,0.25881904510252074,0.4641016151377546,0,0.0,0.0,0.0,4.8,0.0,0.07071067811865475,0,0,16.68424959549877,1.2638979098002647,-0.0,-5.0,0,1.0,0.0,6.340585348656986,0,0.0,2.7447,2.5,0.027826474107465846
2026-09-21T06:59:25.147879+00:00,24.49021758055597,86.33101457273268,8.72,382.48,886.24,6,0,21,9,3,0,1.0,6.123233995736766e-17,-0.8660254037844384,-0.5000000000000004,1,0.05823488145615323,0.9081668622083222,0.4145378739855722,9636.318943952963,0.0,0.0,0.0,0.0,0.0,0,0,0.4,0,0,0.25881904510252074,0.4641016151377546,0,0.0,0.0,0.0,4.8,0.0,0.07071067811865475,0,0,16.68424959549877,1.2638979098002647,-0.0,-5.0,0,1.0,0.0,6.340585348656986,0,0.0,2.50896,2.5,0.027826474107465846
2026-09-21T05:59:25.147879+00:00,26.16773743963649,83.390297910487,4.75,346.05,904.11,5,0,21,9,3,0,0.9659258262890683,0.25881904510252074,-0.8660254037844384,-0.5000000000000004,1,0.10330784726679934,0.8915413651683068,0.4410005474905122,9348.192715748915,0.0,0.0,0.0,0.0,0.0,0,0,0.4,0,0,0.25881904510252074,0.4641016151377546,0,0.0,0.0,0.0,4.8,0.0,0.07071067811865475,0,0,16.68424959549877,1.2638979098002647,-0.0,-5.0,0,1.0,0.0,6.340585348656986,0,0.0,1.6421000000000001,2.5,0.027826474107465846
2026-09-21T04:59:25.147879+00:00,23.95036477091513,83.49209574612661,12.89,287.41,539.32,4,0,21,9,3,0,0.8660254037844386,0.5000000000000001,-0.8660254037844384,-0.5000000000000004,1,0.10358139619268683,0.9080085242222793,0.4059450877919969,9346.440535465312,0.0,0.0,0.0,0.0,0.0,0,0,0.4,0,0,0.25881904510252074,0.4641016151377546,0,0.0,0.0,0.0,4.8,0.0,0.07071067811865475,0,0,16.68424959549877,1.2638979098002647,-0.0,-5.0,0,1.0,0.0,6.340585348656986,0,0.0,3.15282,2.5,0.027826474107465846
2026-09-21T03:59:25.147879+00:00,24.181862635055957,87.2595567887024,11.81,72.09,447.83,3,0,21,9,3,0,0.7071067811865475,0.7071067811865476,-0.8660254037844384,-0.5000000000000004,1,0.0436160534924904,0.9112065628494275,0.4096342755408446,9729.577341736373,0.0,0.0,0.0,0.0,0.0,0,0,0.4,0,0,0.25881904510252074,0.4641016151377546,0,0.0,0.0,0.0,4.8,0.0,0.07071067811865475,0,0,16.68424959549877,1.2638979098002647,-0.0,-5.0,0,1.0,0.0,6.340585348656986,0,0.0,2.50618,2.5,0.027826474107465846
2026-09-21T02:59:25.147879+00:00,23.4203281468684,88.97110259952578,9.96,29.15,476.69,2,0,21,9,3,0,0.49999999999999994,0.8660254037844387,-0.8660254037844384,-0.5000000000000004,1,0.01647729688862119,0.917465711876613,0.3974734786347187,9902.56178872661,0.0,0.0,0.0,0.0,0.0,0,0,0.4,0,0,0.25881904510252074,0.4641016151377546,0,0.0,0.0,0.0,4.8,0.0,0.07071067811865475,0,0,16.68424959549877,1.2638979098002647,-0.0,-5.0,0,1.0,0.0,6.340585348656986,0,0.0,2.0503,2.5,0.027826474107465846
2026-09-21T01:59:25.147879+00:00,20.20335301395276,88.87086424265118,12.51,415.57,1185.8,1,0,21,9,3,0,0.25881904510252074,0.9659258262890683,-0.8660254037844384,-0.5000000000000004,1,0.01849341489671819,0.9382905818853262,0.3453531200825524,9889.715134715772,0.0,0.0,0.0,0.0,0.0,0,0,0.4,0,0,0.25881904510252074,0.4641016151377546,0,0.0,0.0,0.0,4.8,0.0,0.07071067811865475,0,0,16.68424959549877,1.2638979098002647,-0.0,-5.0,0,1.0,0.0,6.340585348656986,0,0.0,3.3331399999999998,2.5,0.027826474107465846
2026-09-21T00:59:25.147879+00:00,20.863131415946437,87.79875545857624,12.74,283.24,96.13,0,0,21,9,3,0,0.0,1.0,-0.8660254037844384,-0.5000000000000004,1,0.03589114981606692,0.933744298786047,0.3561367853078842,9778.83176117679,0.0,0.0,0.0,0.0,0.0,0,0,0.4,0,0,0.25881904510252074,0.4641016151377546,0,0.0,0.0,0.0,4.8,0.0,0.07071067811865475,0,0,16.68424959549877,1.2638979098002647,-0.0,-5.0,0,1.0,0.0,6.340585348656986,0,0.0,3.11448,2.5,0.027826474107465846
