timestamp,latitude,longitude,slope_angle,displacement,pore_pressure,factor_of_safety,crack_width,hour,day_of_week,day_of_month,month,quarter,is_weekend,hour_sin,hour_cos,month_sin,month_cos,is_monsoon_season,geo_x,geo_y,geo_z,dist_to_origin_km,rain_intensity_mm_per_h,rain_rolling_3h,rain_rolling_6h,rain_rolling_24h,antecedent_precipitation_index,is_heavy_rain,is_extreme_rain,soil_saturation_ratio,is_soil_supersaturated,is_soil_dry,gravitational_shear_index,slope_friction_ratio,is_critical_fos,pore_pressure_impact,displacement_velocity,crack_dilation_rate,seismic_energy_log10_j,arias_intensity_proxy,depth_attenuation_factor,is_strong_motion,is_major_quake,dew_point_c,vapor_pressure_deficit_kpa,wind_u,wind_v,is_low_pressure_system,aspect_northness,aspect_eastness,topographic_wetness_index,is_steep_slope,landslide_susceptibility_index,flood_potential_index,fire_danger_index,cyclone_power_dissipation_index
2026-09-25T03:59:25.147879+00:00,22.9963209507789,80.31429185686734,16.4,14.87,46.0,1.76,2.2,3,4,25,9,3,0,0.7071067811865475,0.7071067811865476,-0.8660254037844384,-0.5000000000000004,1,0.15487317958197877,0.9074082160279219,0.39067202066591905,9016.85874164063,0.0,0.0,0.0,0.0,0.0,0,0,0.4,0,0,0.2823414568428764,0.5097702747104695,0,12.987707014772315,0.0,0.0,4.8,0.0,0.07071067811865475,0,0,16.68424959549877,1.2638979098002647,-0.0,-5.0,0,1.0,0.0,5.828271426809446,0,0.0,0.0,2.5,0.027826474107465846
2026-09-25T02:59:25.147879+00:00,27.60571445127933,86.3641041126378,22.2,6.66,35.9,0.86,2.1,2,4,25,9,3,0,0.49999999999999994,0.8660254037844387,-0.8660254037844384,-0.5000000000000004,1,0.05619635386867884,0.8843737048603737,0.4633844192065619,9649.327715878902,0.0,0.0,0.0,0.0,0.0,0,0,0.4,0,0,0.3778407868184671,0.7068368416474627,1,13.56448424678297,-8.209999999999999,-0.10000000000000009,4.8,0.0,0.07071067811865475,0,0,16.68424959549877,1.2638979098002647,-0.0,-5.0,0,1.0,0.0,5.501431745645219,0,0.0,0.0,2.5,0.027826474107465846
2026-09-25T01:59:25.147879+00:00,25.85595153449124,83.14355981076326,18.0,4.8,18.2,2.11,7.7,1,4,25,9,3,0,0.25881904510252074,0.9659258262890683,-0.8660254037844384,-0.5000000000000004,1,0.1074311081414237,0.8934576366307428,0.4361100876495673,9321.776345070812,0.0,0.0,0.0,0.0,0.0,0,0,0.4,0,0,0.3090169943749474,0.5627774222552396,0,5.6241092976240425,-1.8600000000000003,5.6,4.8,0.0,0.07071067811865475,0,0,16.68424959549877,1.2638979098002647,-0.0,-5.0,0,1.0,0.0,5.729347401686022,0,0.0,0.0,2.5,0.027826474107465846
2026-09-25T00:59:25.147879+00:00,24.789267873576293,85.08570691164702,23.6,7.79,15.6,0.91,2.1,0,4,25,9,3,0,0.0,1.0,-0.8660254037844384,-0.5000000000000004,1,0.07777191375222667,0.9045187127293907,0.41928203843437206,9511.557683467407,0.0,0.0,0.0,0.0,0.0,0,0,0.4,0,0,0.40034903255689497,0.7567143913424418,1,6.245444907887562,2.99,-5.6,4.8,0.0,0.07071067811865475,0,0,16.68424959549877,1.2638979098002647,-0.0,-5.0,0,1.0,0.0,5.433245717227182,0,0.0,0.0,2.5,0.027826474107465846
2026-09-24T23:59:25.147879+00:00,21.24814912353949,89.07566473926093,11.1,6.77,18.1,2.08,2.3,23,3,24,9,3,0,-0.25881904510252157,0.9659258262890681,-0.8660254037844384,-0.5000000000000004,1,0.015035334138100119,0.9318982941038232,0.36240793061650867,9911.749674776755,0.0,0.0,0.0,0.0,0.0,0,0,0.4,0,0,0.19252196652590742,0.3398148583311752,0,3.4846475941189246,-1.0200000000000005,0.19999999999999973,4.8,0.0,0.07071067811865475,0,0,16.68424959549877,1.2638979098002647,-0.0,-5.0,0,1.0,0.0,6.233830674326805,0,0.0,0.0,2.5,0.027826474107465846
2026-09-24T22:59:25.147879+00:00,21.247956162689626,82.49292229148875,30.8,1.63,37.6,1.18,6.5,22,3,24,9,3,0,-0.5000000000000004,0.8660254037844384,-0.8660254037844384,-0.5000000000000004,1,0.12176727175808955,0.9240321955647548,0.36240479175691126,9229.83408945447,0.0,0.0,0.0,0.0,0.0,0,0,0.4,0,0,0.5120428648705715,1.0325095045508796,1,19.25281171913349,-5.14,4.2,4.8,0.0,0.07071067811865475,0,0,16.68424959549877,1.2638979098002647,-0.0,-5.0,0,1.0,0.0,5.12248407913531,1,0.0,0.0,2.5,0.027826474107465846
2026-09-24T21:59:25.147879+00:00,20.4646688973456,84.1038292303563,11.0,9.87,32.4,2.43,3.8,21,3,24,9,3,0,-0.7071067811865477,0.7071067811865474,-0.8660254037844384,-0.5000000000000004,1,0.09624280728718161,0.9319315318121218,0.34962972136217857,9393.429916865192,0.0,0.0,0.0,0.0,0.0,0,0,0.4,0,0,0.1908089953765448,0.3366765714174733,0,6.182211450200051,8.239999999999998,-2.7,4.8,0.0,0.07071067811865475,0,0,16.68424959549877,1.2638979098002647,-0.0,-5.0,0,1.0,0.0,6.2431088685179486,0,0.0,0.0,2.5,0.027826474107465846
2026-09-24T20:59:25.147879+00:00,26.92940916619948,87.55551138543049,43.2,3.33,10.5,1.46,6.6,20,3,24,9,3,0,-0.8660254037844386,0.5000000000000001,-0.8660254037844384,-0.5000000000000004,1,0.03802653244605058,0.8907538711952696,0.45289239757449073,9765.217934721368,0.0,0.0,0.0,0.0,0.0,0,0,0.4,0,0,0.6845471059286887,1.6265039715588414,0,7.187744612251231,-6.539999999999999,2.8,4.8,0.0,0.07071067811865475,0,0,16.68424959549877,1.2638979098002647,-0.0,-5.0,0,1.0,0.0,4.668043421611602,1,0.0,0.0,2.5,0.027826474107465846
2026-09-24T19:59:25.147879+00:00,24.80892009394567,82.28798165491622,18.3,9.54,10.0,1.39,0.6,19,3,24,9,3,0,-0.9659258262890684,0.2588190451025203,-0.8660254037844384,-0.5000000000000004,1,0.1218095723995341,0.8995019748717025,0.4195934047071639,9229.562570906593,0.0,0.0,0.0,0.0,0.0,0,0,0.4,0,0,0.31399245596740494,0.5728210372863028,0,3.1399245596740495,6.209999999999999,-6.0,4.8,0.0,0.07071067811865475,0,0,16.68424959549877,1.2638979098002647,-0.0,-5.0,0,1.0,0.0,5.711658267226295,0,0.0,0.0,2.5,0.027826474107465846
2026-09-24T18:59:25.147879+00:00,25.66458062236836,80.76979909828793,31.8,10.01,6.5,1.1,4.1,18,3,24,9,3,0,-1.0,-1.8369701987210297e-16,-0.8660254037844384,-0.5000000000000004,1,0.14457706994605857,0.8896741845782724,0.4331019696801189,9083.203432784892,0.0,0.0,0.0,0.0,0.0,0,0,0.4,0,0,0.5269557954966776,1.0739169999632265,1,3.4252126707284045,0.47000000000000064,3.4999999999999996,4.8,0.0,0.07071067811865475,0,0,16.68424959549877,1.2638979098002647,-0.0,-5.0,0,1.0,0.0,5.083163618447867,1,0.0,0.0,2.5,0.027826474107465846
2026-09-24T17:59:25.147879+00:00,20.16467595436642,82.89751452913768,46.7,2.34,32.4,1.35,0.3,17,3,24,9,3,0,-0.9659258262890683,-0.25881904510252063,-0.8660254037844384,-0.5000000000000004,1,0.11606582256625664,0.9315026400958856,0.3447195328472315,9266.417662098404,0.0,0.0,0.0,0.0,0.0,0,0,0.4,0,0,0.7277727576572105,1.8380076695910228,0,23.57983734809362,-7.67,-3.8,4.8,0.0,0.07071067811865475,0,0,16.68424959549877,1.2638979098002647,-0.0,-5.0,0,1.0,0.0,4.545794133605724,1,0.0,0.0,2.5,0.027826474107465846
2026-09-24T16:59:25.147879+00:00,27.759278817295957,81.61221287254004,36.6,0.94,37.2,2.3,0.5,16,3,24,9,3,0,-0.8660254037844384,-0.5000000000000004,-0.8660254037844384,-0.5000000000000004,1,0.1290840545597395,0.8754467125991686,0.4657578343492753,9182.847704994147,0.0,0.0,0.0,0.0,0.0,0,0,0.4,0,0,0.5962248749656158,1.2863344509672148,0,22.17956534872091,-1.4,0.2,4.8,0.0,0.07071067811865475,0,0,16.68424959549877,1.2638979098002647,-0.0,-5.0,0,1.0,0.0,4.902679667582691,1,0.0,0.0,2.5,0.027826474107465846
2026-09-24T15:59:25.147879+00:00,26.659541126403376,89.29697652342573,31.5,12.02,14.2,2.49,7.7,15,3,24,9,3,0,-0.7071067811865471,-0.7071067811865479,-0.8660254037844384,-0.5000000000000004,1,0.010965348580884467,0.8936211742706457,0.4486880408765672,9937.681762139753,0.0,0.0,0.0,0.0,0.0,0,0,0.4,0,0,0.5224985647159488,1.0614020999766138,0,7.419479618966473,11.08,7.2,4.8,0.0,0.07071067811865475,0,0,16.68424959549877,1.2638979098002647,-0.0,-5.0,0,1.0,0.0,5.094885560415542,1,0.0,0.0,2.5,0.027826474107465846
2026-09-24T14:59:25.147879+00:00,21.69871288542621,88.08120379564417,22.3,7.08,3.0,1.46,1.2,14,3,24,9,3,0,-0.4999999999999997,-0.8660254037844388,-0.8660254037844384,-0.5000000000000004,1,0.0311104722137967,0.9286198945948283,0.36972588478672225,9809.306593134743,0.0,0.0,0.0,0.0,0.0,0,0,0.4,0,0,0.3794561595290051,0.7103658062475643,0,1.1383684785870152,-4.9399999999999995,-6.5,4.8,0.0,0.07071067811865475,0,0,16.68424959549877,1.2638979098002647,-0.0,-5.0,0,1.0,0.0,5.496451551882218,0,0.0,0.0,2.5,0.027826474107465846
2026-09-24T13:59:25.147879+00:00,21.454599737656807,86.33403756510424,22.7,0.9,5.8,1.59,4.5,13,3,24,9,3,0,-0.2588190451025208,-0.9659258262890683,-0.8660254037844384,-0.5000000000000004,1,0.05950895389270624,0.9288032517288493,0.3657638636942033,9628.187724664893,0.0,0.0,0.0,0.0,0.0,0,0,0.4,0,0,0.38590604232431863,0.7245325476452822,0,2.238255045481048,-6.18,3.3,4.8,0.0,0.07071067811865475,0,0,16.68424959549877,1.2638979098002647,-0.0,-5.0,0,1.0,0.0,5.476704924266508,0,0.0,0.0,2.5,0.027826474107465846
2026-09-24T12:59:25.147879+00:00,21.46723607882747,88.71460590187718,37.5,15.32,46.5,2.04,3.5,12,3,24,9,3,0,1.2246467991473532e-16,-1.0,-0.8660254037844384,-0.5000000000000004,1,0.0208762690160507,0.9303928126053239,0.3659691184298535,9874.531025371218,0.0,0.0,0.0,0.0,0.0,0,0,0.4,0,0,0.6087614290087207,1.3290493291983525,0,28.30740644890551,14.42,-1.0,4.8,0.0,0.07071067811865475,0,0,16.68424959549877,1.2638979098002647,-0.0,-5.0,0,1.0,0.0,4.870012433749137,1,0.0,0.0,2.5,0.027826474107465846
2026-09-24T11:59:25.147879+00:00,22.433937943676305,88.03672076899115,51.7,0.89,15.6,2.31,3.0,11,3,24,9,3,0,0.258819045102521,-0.9659258262890682,-0.8660254037844384,-0.5000000000000004,1,0.03166626716387689,0.9237775661690467,0.3816179447650472,9805.763877837702,0.0,0.0,0.0,0.0,0.0,0,0,0.4,0,0,0.7847763705330829,2.1931567165248804,0,12.242511380316094,-14.43,-0.5,4.8,0.0,0.07071067811865475,0,0,16.68424959549877,1.2638979098002647,-0.0,-5.0,0,1.0,0.0,4.369134401276046,1,0.0,0.0,2.5,0.027826474107465846
2026-09-24T10:59:25.147879+00:00,24.198051453057904,81.86570058886036,37.1,10.7,37.4,1.83,7.6,10,3,24,9,3,0,0.49999999999999994,-0.8660254037844387,-0.8660254037844384,-0.5000000000000004,1,0.129061379530688,0.9029571957783534,0.40989201371303635,9182.993386208462,0.0,0.0,0.0,0.0,0.0,0,0,0.4,0,0,0.6032079877452825,1.3099397374331423,0,22.559978741673564,9.809999999999999,4.6,4.8,0.0,0.07071067811865475,0,0,16.68424959549877,1.2638979098002647,-0.0,-5.0,0,1.0,0.0,4.884495196126642,1,0.0,0.0,2.5,0.027826474107465846
2026-09-24T09:59:25.147879+00:00,23.455560149136925,88.92558998489977,32.5,15.15,30.7,1.5,0.2,9,3,24,9,3,0,0.7071067811865476,-0.7071067811865475,-0.8660254037844384,-0.5000000000000004,1,0.017201489693343903,0.9172077911176658,0.39803765734586233,9897.947301966544,0.0,0.0,0.0,0.0,0.0,0,0,0.4,0,0,0.5372996083468239,1.103438059709734,0,16.495097976247493,4.450000000000001,-7.3999999999999995,4.8,0.0,0.07071067811865475,0,0,16.68424959549877,1.2638979098002647,-0.0,-5.0,0,1.0,0.0,5.056045515939807,1,0.0,0.0,2.5,0.027826474107465846
2026-09-24T08:59:25.147879+00:00,22.329833121584336,85.39342241915651,40.1,3.68,19.6,1.53,5.6,8,3,24,9,3,0,0.8660254037844387,-0.4999999999999998,-0.8660254037844384,-0.5000000000000004,1,0.07429081786861282,0.9220239167170566,0.3799378519997063,9533.800139226209,0.0,0.0,0.0,0.0,0.0,0,0,0.4,0,0,0.6441236297613865,1.4585222112531466,0,12.624823143323177,-11.47,5.3999999999999995,4.8,0.0,0.07071067811865475,0,0,16.68424959549877,1.2638979098002647,-0.0,-5.0,0,1.0,0.0,4.7770525912793165,1,0.0,0.0,2.5,0.027826474107465846
2026-09-24T07:59:25.147879+00:00,24.89482315777904,88.07440155164062,28.5,2.19,11.5,2.0,8.2,7,3,24,9,3,0,0.9659258262890683,-0.25881904510252063,-0.8660254037844384,-0.5000000000000004,1,0.030479505024423068,0.9065698260938048,0.4209538575541444,9813.328392616724,0.0,0.0,0.0,0.0,0.0,0,0,0.4,0,0,0.4771587602596084,0.9404268580328795,0,5.4873257429854965,-1.4900000000000002,2.5999999999999996,4.8,0.0,0.07071067811865475,0,0,16.68424959549877,1.2638979098002647,-0.0,-5.0,0,1.0,0.0,5.215897732824087,1,0.0,0.0,2.5,0.027826474107465846
2026-09-24T06:59:25.147879+00:00,21.115950885216336,88.96091299923494,10.6,1.87,7.6,0.86,4.8,6,3,24,9,3,0,1.0,6.123233995736766e-17,-0.8660254037844384,-0.5000000000000004,1,0.016916823351703088,0.932699875554372,0.36025652419983506,9899.76117518647,0.0,0.0,0.0,0.0,0.0,0,0,0.4,0,0,0.18395135061272017,0.3241444980667497,1,1.3980302646566731,-0.31999999999999984,-3.3999999999999995,4.8,0.0,0.07071067811865475,0,0,16.68424959549877,1.2638979098002647,-0.0,-5.0,0,1.0,0.0,6.281042211244729,0,0.0,0.0,2.5,0.027826474107465846
2026-09-24T05:59:25.147879+00:00,22.337157188281743,83.18003474971864,32.7,4.67,30.3,1.87,8.0,5,3,24,9,3,0,0.9659258262890683,0.25881904510252074,-0.8660254037844384,-0.5000000000000004,1,0.10983938012522076,0.9184185741030555,0.380056092328774,9306.341894335503,0.0,0.0,0.0,0.0,0.0,0,0,0.4,0,0,0.540240320477655,1.1119568559793078,0,16.369281710472947,2.8,3.2,4.8,0.0,0.07071067811865475,0,0,16.68424959549877,1.2638979098002647,-0.0,-5.0,0,1.0,0.0,5.048354933826199,1,0.0,0.0,2.5,0.027826474107465846
2026-09-24T04:59:25.147879+00:00,22.930894746349534,81.10051924527677,50.1,1.56,37.6,1.44,0.4,4,3,24,9,3,0,0.8660254037844386,0.5000000000000001,-0.8660254037844384,-0.5000000000000004,1,0.14247622177700275,0.909888073359467,0.3896206105769399,9096.727966032371,0.0,0.0,0.0,0.0,0.0,0,0,0.4,0,0,0.7671651518152995,2.0715095236548264,0,28.845409708255264,-3.11,-7.6,4.8,0.0,0.07071067811865475,0,0,16.68424959549877,1.2638979098002647,-0.0,-5.0,0,1.0,0.0,4.426198750329461,1,0.0,0.0,2.5,0.027826474107465846
2026-09-24T03:59:25.147879+00:00,23.64855987373629,82.27935162541942,15.7,10.66,31.6,2.16,3.6,3,3,24,9,3,0,0.7071067811865475,0.7071067811865476,-0.8660254037844384,-0.5000000000000004,1,0.12306157371665624,0.9077192052710238,0.40112553328917006,9221.52560354425,0.0,0.0,0.0,0.0,0.0,0,0,0.4,0,0,0.27060044597586363,0.4868575249770123,0,8.550974092837292,9.1,3.2,4.8,0.0,0.07071067811865475,0,0,16.68424959549877,1.2638979098002647,-0.0,-5.0,0,1.0,0.0,5.874260085540074,0,0.0,0.0,2.5,0.027826474107465846
2026-09-24T02:59:25.147879+00:00,26.28140769114411,84.27107788626256,38.4,0.96,26.4,1.0,2.2,2,3,24,9,3,0,0.49999999999999994,0.8660254037844387,-0.8660254037844384,-0.5000000000000004,1,0.08950344015564977,0.8921517669395517,0.4427802603402053,9436.552888542285,0.0,0.0,0.0,0.0,0.0,0,0,0.4,0,0,0.6211477802783103,1.3728065538811152,1,16.398301399347393,-9.7,-1.4,4.8,0.0,0.07071067811865475,0,0,16.68424959549877,1.2638979098002647,-0.0,-5.0,0,1.0,0.0,4.837619106484433,1,0.0,0.0,2.5,0.027826474107465846
2026-09-24T01:59:25.147879+00:00,21.59739025726688,88.18014765922493,16.8,7.85,3.9,1.82,6.2,1,3,24,9,3,0,0.25881904510252074,0.9659258262890683,-0.8660254037844384,-0.5000000000000004,1,0.029527513984036895,0.9293242804752256,0.36808220228248845,9819.396259558835,0.0,0.0,0.0,0.0,0.0,0,0,0.4,0,0,0.2890317969444716,0.5229369699471589,0,1.1272240080834393,6.89,4.0,4.8,0.0,0.07071067811865475,0,0,16.68424959549877,1.2638979098002647,-0.0,-5.0,0,1.0,0.0,5.802770668855464,0,0.0,0.0,2.5,0.027826474107465846
2026-09-24T00:59:25.147879+00:00,24.113875507308894,88.60730583256344,31.6,15.35,46.6,1.64,8.3,0,3,24,9,3,0,0.0,1.0,-0.8660254037844384,-0.5000000000000004,1,0.02218376149690241,0.9124656390204463,0.4085515124593925,9866.19905885105,0.0,0.0,0.0,0.0,0.0,0,0,0.4,0,0,0.5239859059700791,1.0655647663688406,0,24.417743218205686,7.5,2.1000000000000005,4.8,0.0,0.07071067811865475,0,0,16.68424959549877,1.2638979098002647,-0.0,-5.0,0,1.0,0.0,5.0909713746586105,1,0.0,0.0,2.5,0.027826474107465846
2026-09-23T23:59:25.147879+00:00,24.73931655089634,80.06952130531191,12.3,12.54,38.7,1.91,2.2,23,2,23,9,3,0,-0.25881904510252157,0.9659258262890681,-0.8660254037844384,-0.5000000000000004,1,0.1566255727917589,0.8946140049551101,0.41849039664708165,9005.556314944539,0.0,0.0,0.0,0.0,0.0,0,0,0.4,0,0,0.21303038627497659,0.3776481489080535,0,8.244275948841594,-2.8100000000000005,-6.1000000000000005,4.8,0.0,0.07071067811865475,0,0,16.68424959549877,1.2638979098002647,-0.0,-5.0,0,1.0,0.0,6.128268670164006,0,0.0,0.0,2.5,0.027826474107465846
2026-09-23T22:59:25.147879+00:00,20.371603301759983,85.10747302577566,27.8,9.47,15.5,0.96,5.6,22,2,23,9,3,0,-0.5000000000000004,0.8660254037844384,-0.8660254037844384,-0.5000000000000004,1,0.07995266526760955,0.9340389492806009,0.34810747269111647,9497.620706299112,0.0,0.0,0.0,0.0,0.0,0,0,0.4,0,0,0.4663866403398912,0.9132067947127486,1,7.228992925268313,-3.0699999999999985,3.3999999999999995,4.8,0.0,0.07071067811865475,0,0,16.68424959549877,1.2638979098002647,-0.0,-5.0,0,1.0,0.0,5.245269254123598,1,0.0,0.0,2.5,0.027826474107465846
2026-09-23T21:59:25.147879+00:00,24.860358815211505,84.17411003148779,41.3,4.72,47.1,1.81,1.7,21,2,23,9,3,0,-0.7071067811865477,0.7071067811865474,-0.8660254037844384,-0.5000000000000004,1,0.0920998102984722,0.9026486617779007,0.42040815683517685,9419.942793254535,0.0,0.0,0.0,0.0,0.0,0,0,0.4,0,0,0.6600016679609367,1.5216438147492155,0,31.08607856096012,-4.750000000000001,-3.8999999999999995,4.8,0.0,0.07071067811865475,0,0,16.68424959549877,1.2638979098002647,-0.0,-5.0,0,1.0,0.0,4.734685122745544,1,0.0,0.0,2.5,0.027826474107465846
2026-09-23T20:59:25.147879+00:00,21.36419298949833,82.2210781047073,23.3,9.61,29.7,1.78,4.8,20,2,23,9,3,0,-0.8660254037844386,0.5000000000000001,-0.8660254037844384,-0.5000000000000004,1,0.12605025400865846,0.922713712933796,0.3642948495769342,9202.335270882384,0.0,0.0,0.0,0.0,0.0,0,0,0.4,0,0,0.39554550256296495,0.7459389258440541,0,11.74770142612006,4.89,3.0999999999999996,4.8,0.0,0.07071067811865475,0,0,16.68424959549877,1.2638979098002647,-0.0,-5.0,0,1.0,0.0,5.4475878812937095,0,0.0,0.0,2.5,0.027826474107465846
2026-09-23T19:59:25.147879+00:00,20.52041274388224,81.19865367333682,37.3,8.12,28.8,1.78,3.9,19,2,23,9,3,0,-0.9659258262890684,0.2588190451025203,-0.8660254037844384,-0.5000000000000004,1,0.1433002290667324,0.925519316278947,0.3505410668437756,9091.423788368871,0.0,0.0,0.0,0.0,0.0,0,0,0.4,0,0,0.605988400265711,1.319469125393832,0,17.452465927652476,-1.4900000000000002,-0.8999999999999999,4.8,0.0,0.07071067811865475,0,0,16.68424959549877,1.2638979098002647,-0.0,-5.0,0,1.0,0.0,4.877246852350966,1,0.0,0.0,2.5,0.027826474107465846
2026-09-23T18:59:25.147879+00:00,27.591084298026665,83.37615171403628,43.0,6.56,36.4,1.85,8.3,18,2,23,9,3,0,-1.0,-1.8369701987210297e-16,-0.8660254037844384,-0.5000000000000004,1,0.10223244096511783,0.8803596286248672,0.463158128830532,9355.080600087102,0.0,0.0,0.0,0.0,0.0,0,0,0.4,0,0,0.6819983600624985,1.6151635080148983,0,24.824740306274943,-1.5599999999999996,4.4,4.8,0.0,0.07071067811865475,0,0,16.68424959549877,1.2638979098002647,-0.0,-5.0,0,1.0,0.0,4.675040135419411,1,0.0,0.0,2.5,0.027826474107465846
2026-09-23T17:59:25.147879+00:00,27.725056264596475,89.4290970391252,48.8,2.01,39.3,1.97,5.2,17,2,23,9,3,0,-0.9659258262890683,-0.25881904510252063,-0.8660254037844384,-0.5000000000000004,1,0.008820010510761065,0.8851463167594978,0.46522919657055567,9951.350382463508,0.0,0.0,0.0,0.0,0.0,0,0,0.4,0,0,0.7524149088957244,1.9785056987930132,0,29.569905919601965,-4.55,-3.1000000000000005,4.8,0.0,0.07071067811865475,0,0,16.68424959549877,1.2638979098002647,-0.0,-5.0,0,1.0,0.0,4.472134468122572,1,0.0,0.0,2.5,0.027826474107465846
2026-09-23T16:59:25.147879+00:00,26.46717878493169,83.23202932020756,18.3,13.65,32.2,2.18,3.0,16,2,23,9,3,0,-0.8660254037844384,-0.5000000000000004,-0.8660254037844384,-0.5000000000000004,1,0.10549710365841351,0.8889517220275523,0.4456850872801727,9334.168318850985,0.0,0.0,0.0,0.0,0.0,0,0,0.4,0,0,0.31399245596740494,0.5728210372863028,0,10.11055708215044,11.64,-2.2,4.8,0.0,0.07071067811865475,0,0,16.68424959549877,1.2638979098002647,-0.0,-5.0,0,1.0,0.0,5.711658267226295,0,0.0,0.0,2.5,0.027826474107465846
2026-09-23T15:59:25.147879+00:00,22.436910153386965,85.18790621743366,25.6,6.93,7.9,1.3,1.0,15,2,23,9,3,0,-0.7071067811865471,-0.7071067811865479,-0.8660254037844384,-0.5000000000000004,1,0.0775378722458518,0.9210423575073556,0.3816658932166698,9513.053278156034,0.0,0.0,0.0,0.0,0.0,0,0,0.4,0,0,0.4320857488019823,0.8298597003755539,0,3.4134774155356604,-6.720000000000001,-2.0,4.8,0.0,0.07071067811865475,0,0,16.68424959549877,1.2638979098002647,-0.0,-5.0,0,1.0,0.0,5.340974958493886,1,0.0,0.0,2.5,0.027826474107465846
2026-09-23T14:59:25.147879+00:00,20.781376912051076,87.03018958895177,14.7,3.0,17.6,2.21,1.3,14,2,23,9,3,0,-0.4999999999999997,-0.8660254037844388,-0.8660254037844384,-0.5000000000000004,1,0.048439074522522094,0.9336853972388781,0.35480309333809357,9698.817244246247,0.0,0.0,0.0,0.0,0.0,0,0,0.4,0,0,0.2537579445848056,0.4543950230779289,0,4.466139824692579,-3.9299999999999997,0.30000000000000004,4.8,0.0,0.07071067811865475,0,0,16.68424959549877,1.2638979098002647,-0.0,-5.0,0,1.0,0.0,5.943264694690755,0,0.0,0.0,2.5,0.027826474107465846
2026-09-23T13:59:25.147879+00:00,25.47386421209725,83.63629602379294,51.7,5.66,44.7,1.67,1.9,13,2,23,9,3,0,-0.2588190451025208,-0.9659258262890683,-0.8660254037844384,-0.5000000000000004,1,0.1000637429482536,0.8972189316548831,0.43009933274449075,9368.968604263764,0.0,0.0,0.0,0.0,0.0,0,0,0.4,0,0,0.7847763705330829,2.1931567165248804,0,35.07950376282881,2.66,0.5999999999999999,4.8,0.0,0.07071067811865475,0,0,16.68424959549877,1.2638979098002647,-0.0,-5.0,0,1.0,0.0,4.369134401276046,1,0.0,0.0,2.5,0.027826474107465846
2026-09-23T12:59:25.147879+00:00,23.52121994991681,89.71782082720961,48.8,6.38,12.3,0.98,2.1,12,2,23,9,3,0,1.2246467991473532e-16,-1.0,-0.8660254037844384,-0.5000000000000004,1,0.004515734309065794,0.916901211671202,0.39908868209901877,9978.773556948254,0.0,0.0,0.0,0.0,0.0,0,0,0.4,0,0,0.7524149088957244,1.9785056987930132,1,9.25470337941741,0.7199999999999998,0.20000000000000018,4.8,0.0,0.07071067811865475,0,0,16.68424959549877,1.2638979098002647,-0.0,-5.0,0,1.0,0.0,4.472134468122572,1,0.0,0.0,2.5,0.027826474107465846
2026-09-23T11:59:25.147879+00:00,20.976305878758232,89.62447294942112,31.8,12.74,19.1,0.95,7.2,11,2,23,9,3,0,0.258819045102521,-0.9659258262890682,-0.8660254037844384,-0.5000000000000004,1,0.006119784381859433,0.9337084911335485,0.3579818456629215,9968.554008340661,0.0,0.0,0.0,0.0,0.0,0,0,0.4,0,0,0.5269557954966776,1.0739169999632265,1,10.064855693986543,6.36,5.1,4.8,0.0,0.07071067811865475,0,0,16.68424959549877,1.2638979098002647,-0.0,-5.0,0,1.0,0.0,5.083163618447867,1,0.0,0.0,2.5,0.027826474107465846
2026-09-23T10:59:25.147879+00:00,23.96141528089016,82.51782295825365,45.0,11.3,21.9,1.4,4.8,10,2,23,9,3,0,0.49999999999999994,-0.8660254037844387,-0.8660254037844384,-0.5000000000000004,1,0.11899550027638738,0.9060383693834102,0.40612134161974717,9247.622413262125,0.0,0.0,0.0,0.0,0.0,0,0,0.4,0,0,0.7071067811865475,1.7320508075688772,0,15.485638507985389,-1.4399999999999995,-2.4000000000000004,4.8,0.0,0.07071067811865475,0,0,16.68424959549877,1.2638979098002647,-0.0,-5.0,0,1.0,0.0,4.605170185988092,1,0.0,0.0,2.5,0.027826474107465846
2026-09-23T09:59:25.147879+00:00,20.275108168921747,84.97248505892385,30.9,11.85,22.2,2.15,4.4,9,2,23,9,3,0,0.7071067811865476,-0.7071067811865475,-0.8660254037844384,-0.5000000000000004,1,0.08220428314354132,0.9344306776742234,0.3465281582413585,9483.228261757176,0.0,0.0,0.0,0.0,0.0,0,0,0.4,0,0,0.51354125205817,1.0366110237280337,0,11.400615795691374,0.5499999999999989,-0.39999999999999947,4.8,0.0,0.07071067811865475,0,0,16.68424959549877,1.2638979098002647,-0.0,-5.0,0,1.0,0.0,5.118519569100077,1,0.0,0.0,2.5,0.027826474107465846
2026-09-23T08:59:25.147879+00:00,27.274563216630256,83.0087830981677,35.4,0.17,30.2,2.02,1.0,8,2,23,9,3,0,0.8660254037844387,-0.4999999999999998,-0.8660254037844384,-0.5000000000000004,1,0.1081847664977607,0.8822122243621183,0.45825500268286035,9316.946638779656,0.0,0.0,0.0,0.0,0.0,0,0,0.4,0,0,0.5792811723426788,1.2309044393079518,0,17.4942914047489,-11.68,-3.4000000000000004,4.8,0.0,0.07071067811865475,0,0,16.68424959549877,1.2638979098002647,-0.0,-5.0,0,1.0,0.0,4.946727114640022,1,0.0,0.0,2.5,0.027826474107465846
2026-09-23T07:59:25.147879+00:00,22.070239852800132,82.84840494377468,11.9,6.41,45.4,2.15,7.3,7,2,23,9,3,0,0.9659258262890683,-0.25881904510252063,-0.8660254037844384,-0.5000000000000004,1,0.11537251776998499,0.9195142243574334,0.37574296180735345,9270.864581583404,0.0,0.0,0.0,0.0,0.0,0,0,0.4,0,0,0.20620418539662966,0.36500035388348095,0,9.361670017006986,6.24,6.3,4.8,0.0,0.07071067811865475,0,0,16.68424959549877,1.2638979098002647,-0.0,-5.0,0,1.0,0.0,6.1623332861784785,0,0.0,0.0,2.5,0.027826474107465846
2026-09-23T06:59:25.147879+00:00,25.300178274831858,80.36886947354533,41.2,7.41,13.1,1.7,6.1,6,2,23,9,3,0,1.0,6.123233995736766e-17,-0.8660254037844384,-0.5000000000000004,1,0.15125680536526176,0.8913384492315304,0.42736067642241715,9040.173412746066,0.0,0.0,0.0,0.0,0.0,0,0,0.4,0,0,0.6586894601186805,1.5162958599665137,0,8.628831927554714,1.0,-1.2000000000000002,4.8,0.0,0.07071067811865475,0,0,16.68424959549877,1.2638979098002647,-0.0,-5.0,0,1.0,0.0,4.738205903853611,1,0.0,0.0,2.5,0.027826474107465846
2026-09-23T05:59:25.147879+00:00,22.49368860871529,86.09564333979897,13.6,0.3,7.6,1.58,0.6,5,2,23,9,3,0,0.9659258262890683,0.25881904510252074,-0.8660254037844384,-0.5000000000000004,1,0.06291089204897944,0.9217773552812769,0.382581660501724,9606.473249568959,0.0,0.0,0.0,0.0,0.0,0,0,0.4,0,0,0.23514211310259,0.41902719003166455,0,1.7870800595796839,-7.11,-5.5,4.8,0.0,0.07071067811865475,0,0,16.68424959549877,1.2638979098002647,-0.0,-5.0,0,1.0,0.0,6.024295798810581,0,0.0,0.0,2.5,0.027826474107465846
2026-09-23T04:59:25.147879+00:00,24.160544169422487,85.02679023228862,44.3,4.0,11.1,1.09,6.0,4,2,23,9,3,0,0.8660254037844386,0.5000000000000001,-0.8660254037844384,-0.5000000000000004,1,0.07909608604724655,0.9089673040295302,0.4092948196316369,9503.095311185789,0.0,0.0,0.0,0.0,0.0,0,0,0.4,0,0,0.6984152854310058,1.690237586860814,1,7.752409668284165,3.7,5.4,4.8,0.0,0.07071067811865475,0,0,16.68424959549877,1.2638979098002647,-0.0,-5.0,0,1.0,0.0,4.629607227326851,1,0.0,0.0,2.5,0.027826474107465846
2026-09-23T03:59:25.147879+00:00,24.37368223474624,80.5147875124999,42.4,11.71,42.8,1.39,4.6,3,2,23,9,3,0,0.7071067811865475,0.7071067811865476,-0.8660254037844384,-0.5000000000000004,1,0.15010559123899436,0.8984200078478013,0.41268608042621036,9047.592506577681,0.0,0.0,0.0,0.0,0.0,0,0,0.4,0,0,0.6743023875837234,1.581579725552699,0,28.86014218858336,7.710000000000001,-1.4000000000000004,4.8,0.0,0.07071067811865475,0,0,16.68424959549877,1.2638979098002647,-0.0,-5.0,0,1.0,0.0,4.696052156477498,1,0.0,0.0,2.5,0.027826474107465846
2026-09-23T02:59:25.147879+00:00,21.478835644204217,82.78646464236611,39.2,2.11,31.7,1.57,0.7,2,2,23,9,3,0,0.49999999999999994,0.8660254037844387,-0.8660254037844384,-0.5000000000000004,1,0.11684729607049571,0.9231876202577253,0.36615751692938353,9261.404785585792,0.0,0.0,0.0,0.0,0.0,0,0,0.4,0,0,0.6320293026648509,1.4126261687703068,0,20.035328894475775,-9.600000000000001,-3.8999999999999995,4.8,0.0,0.07071067811865475,0,0,16.68424959549877,1.2638979098002647,-0.0,-5.0,0,1.0,0.0,4.809025827249525,1,0.0,0.0,2.5,0.027826474107465846
2026-09-23T01:59:25.147879+00:00,27.75667702211647,89.08265885966654,9.6,8.24,15.2,1.0,3.9,1,2,23,9,3,0,0.25881904510252074,0.9659258262890683,-0.8660254037844384,-0.5000000000000004,1,0.014167729498355788,0.8848199510781013,0.465717650100367,9917.277773449889,0.0,0.0,0.0,0.0,0.0,0,0,0.4,0,0,0.16676874671610226,0.29295446590747276,1,2.5348849500847543,6.130000000000001,3.2,4.8,0.0,0.07071067811865475,0,0,16.68424959549877,1.2638979098002647,-0.0,-5.0,0,1.0,0.0,6.382214418823189,0,0.0,0.0,2.5,0.027826474107465846
2026-09-23T00:59:25.147879+00:00,26.20106258688892,82.39561890666972,21.3,3.31,39.5,1.21,4.1,0,2,23,9,3,0,0.0,1.0,-0.8660254037844384,-0.5000000000000004,1,0.11873507492451567,0.8893592469891511,0.44152249294635,9249.29343004042,0.0,0.0,0.0,0.0,0.0,0,0,0.4,0,0,0.36325123047297836,0.6752983912079815,0,14.348423603682646,-4.93,0.19999999999999973,4.8,0.0,0.07071067811865475,0,0,16.68424959549877,1.2638979098002647,-0.0,-5.0,0,1.0,0.0,5.547076955063091,0,0.0,0.0,2.5,0.027826474107465846
2026-09-22T23:59:25.147879+00:00,27.515991532513517,81.44894872091223,19.6,0.19,41.6,1.84,1.4,23,1,22,9,3,0,-0.25881904510252157,0.9659258262890681,-0.8660254037844384,-0.5000000000000004,1,0.13187098586200408,0.877023139517249,0.46199616431209817,9164.939063339154,0.0,0.0,0.0,0.0,0.0,0,0,0.4,0,0,0.33545156975025503,0.6167555498521838,0,13.95478530161061,-3.12,-2.6999999999999997,4.8,0.0,0.07071067811865475,0,0,16.68424959549877,1.2638979098002647,-0.0,-5.0,0,1.0,0.0,5.637758855391025,0,0.0,0.0,2.5,0.027826474107465846
2026-09-22T22:59:25.147879+00:00,27.15861880342119,84.89452760277563,23.8,3.71,40.9,2.06,8.0,22,1,22,9,3,0,-0.5000000000000004,0.8660254037844384,-0.8660254037844384,-0.5000000000000004,1,0.07917801356447932,0.88621626918207,0.45645543747993195,9502.57170882315,0.0,0.0,0.0,0.0,0.0,0,0,0.4,0,0,0.40354529635239006,0.7639254286261083,0,16.505002620812753,3.52,6.6,4.8,0.0,0.07071067811865475,0,0,16.68424959549877,1.2638979098002647,-0.0,-5.0,0,1.0,0.0,5.423761431411918,0,0.0,0.0,2.5,0.027826474107465846
2026-09-22T21:59:25.147879+00:00,24.78319983048868,89.856504541106,11.9,15.03,44.3,2.5,7.2,21,1,22,9,3,0,-0.7071067811865477,0.7071067811865474,-0.8660254037844384,-0.5000000000000004,1,0.0022738053975637847,0.9078975831841735,0.41918588747398305,9993.056971339458,0.0,0.0,0.0,0.0,0.0,0,0,0.4,0,0,0.20620418539662966,0.36500035388348095,0,9.134845413070693,11.32,-0.7999999999999998,4.8,0.0,0.07071067811865475,0,0,16.68424959549877,1.2638979098002647,-0.0,-5.0,0,1.0,0.0,6.1623332861784785,0,0.0,0.0,2.5,0.027826474107465846
2026-09-22T20:59:25.147879+00:00,27.37499388018493,82.42055271511501,49.2,12.34,13.6,2.39,5.7,20,1,22,9,3,0,-0.8660254037844386,0.5000000000000001,-0.8660254037844384,-0.5000000000000004,1,0.11713005859614269,0.8802574802965962,0.4598122635980383,9259.590849681557,0.0,0.0,0.0,0.0,0.0,0,0,0.4,0,0,0.7569950556517565,2.0066001737023993,0,10.295132756863888,-2.6899999999999995,-1.5,4.8,0.0,0.07071067811865475,0,0,16.68424959549877,1.2638979098002647,-0.0,-5.0,0,1.0,0.0,4.458034496247241,1,0.0,0.0,2.5,0.027826474107465846
2026-09-22T19:59:25.147879+00:00,20.70794001641536,86.72135547405878,32.4,14.78,36.7,1.91,3.9,19,1,22,9,3,0,-0.9659258262890684,0.2588190451025203,-0.8660254037844384,-0.5000000000000004,1,0.0534970359811569,0.9338639854558837,0.35360447368448833,9666.551000132524,0.0,0.0,0.0,0.0,0.0,0,0,0.4,0,0,0.5358267949789967,1.0991928668101354,0,19.66484337572918,2.4399999999999995,-1.8000000000000003,4.8,0.0,0.07071067811865475,0,0,16.68424959549877,1.2638979098002647,-0.0,-5.0,0,1.0,0.0,5.059900177294905,1,0.0,0.0,2.5,0.027826474107465846
2026-09-22T18:59:25.147879+00:00,21.56786289935316,87.61619615328718,21.4,7.51,23.2,1.55,3.5,18,1,22,9,3,0,-1.0,-1.8369701987210297e-16,-0.8660254037844384,-0.5000000000000004,1,0.03868098357646912,0.9291780384045567,0.36760298483039683,9761.045356411394,0.0,0.0,0.0,0.0,0.0,0,0,0.4,0,0,0.3648767843376196,0.6787832890444269,0,8.465141396632776,-7.27,-0.3999999999999999,4.8,0.0,0.07071067811865475,0,0,16.68424959549877,1.2638979098002647,-0.0,-5.0,0,1.0,0.0,5.541929694626114,0,0.0,0.0,2.5,0.027826474107465846
2026-09-22T17:59:25.147879+00:00,20.361818311284303,82.37637543992399,25.5,1.69,40.7,1.9,5.5,17,1,22,9,3,0,-0.9659258262890683,-0.25881904510252063,-0.8660254037844384,-0.5000000000000004,1,0.12437538198104603,0.9292273095860705,0.3479473688311237,9213.090526773707,0.0,0.0,0.0,0.0,0.0,0,0,0.4,0,0,0.43051109680829514,0.8261458566004438,0,17.521801640097614,-5.82,2.0,4.8,0.0,0.07071067811865475,0,0,16.68424959549877,1.2638979098002647,-0.0,-5.0,0,1.0,0.0,5.345460269531312,1,0.0,0.0,2.5,0.027826474107465846
2026-09-22T16:59:25.147879+00:00,22.60264264610612,87.28216348611859,27.7,8.44,35.5,2.15,4.6,16,1,22,9,3,0,-0.8660254037844384,-0.5000000000000004,-0.8660254037844384,-0.5000000000000004,1,0.04377539569570452,0.9221540493712503,0.38433790336094886,9728.561202029052,0.0,0.0,0.0,0.0,0.0,0,0,0.4,0,0,0.4648420457246196,0.9093470037163083,0,16.501892623223995,6.75,-0.9000000000000004,4.8,0.0,0.07071067811865475,0,0,16.68424959549877,1.2638979098002647,-0.0,-5.0,0,1.0,0.0,5.249504845709678,1,0.0,0.0,2.5,0.027826474107465846
2026-09-22T15:59:25.147879+00:00,23.109418317515857,83.67783132719254,34.4,7.0,37.7,1.05,0.5,15,1,22,9,3,0,-0.7071067811865471,-0.7071067811865479,-0.8660254037844384,-0.5000000000000004,1,0.10128261224609768,0.9141634193488819,0.39248831215842184,9361.163534199797,0.0,0.0,0.0,0.0,0.0,0,0,0.4,0,0,0.5649670034249379,1.1859599395402032,1,21.29925602912016,-1.4399999999999995,-4.1,4.8,0.0,0.07071067811865475,0,0,16.68424959549877,1.2638979098002647,-0.0,-5.0,0,1.0,0.0,4.983923808107818,1,0.0,0.0,2.5,0.027826474107465846
2026-09-22T14:59:25.147879+00:00,22.170792254191166,86.32305830593579,30.7,13.0,32.2,1.53,4.4,14,1,22,9,3,0,-0.4999999999999997,-0.8660254037844388,-0.8660254037844384,-0.5000000000000004,1,0.05938907199989982,0.9241567835202754,0.3773687554640015,9628.95284544037,0.0,0.0,0.0,0.0,0.0,0,0,0.4,0,0,0.5105429179116057,1.0284165111585002,0,16.439481956753703,6.0,3.9000000000000004,4.8,0.0,0.07071067811865475,0,0,16.68424959549877,1.2638979098002647,-0.0,-5.0,0,1.0,0.0,5.126456078850358,1,0.0,0.0,2.5,0.027826474107465846
2026-09-22T13:59:25.147879+00:00,26.629900073215435,86.33529710760895,48.5,1.51,10.2,2.24,6.9,13,1,22,9,3,0,-0.2588190451025208,-0.9659258262890683,-0.8660254037844384,-0.5000000000000004,1,0.05713718662614955,0.8920925471361553,0.44822564546060395,9643.324023108918,0.0,0.0,0.0,0.0,0.0,0,0,0.4,0,0,0.7489557207890021,1.9577273046884425,0,7.63934835204782,-11.49,2.5,4.8,0.0,0.07071067811865475,0,0,16.68424959549877,1.2638979098002647,-0.0,-5.0,0,1.0,0.0,4.482692068288793,1,0.0,0.0,2.5,0.027826474107465846
2026-09-22T12:59:25.147879+00:00,22.854026613548715,85.35774684074758,29.9,7.52,27.1,1.48,3.9,12,1,22,9,3,0,1.2246467991473532e-16,-1.0,-0.8660254037844384,-0.5000000000000004,1,0.07458045051020476,0.9184743319518327,0.3883846777968069,9531.949756365173,0.0,0.0,0.0,0.0,0.0,0,0,0.4,0,0,0.49848773975383026,0.9959733881386882,0,13.509017747328802,6.01,-3.0000000000000004,4.8,0.0,0.07071067811865475,0,0,16.68424959549877,1.2638979098002647,-0.0,-5.0,0,1.0,0.0,5.158511070812894,1,0.0,0.0,2.5,0.027826474107465846
2026-09-22T11:59:25.147879+00:00,22.247476077499044,80.90289770054409,51.7,2.31,47.3,1.79,0.4,11,1,22,9,3,0,0.258819045102521,-0.9659258262890682,-0.8660254037844384,-0.5000000000000004,1,0.1463381146306039,0.9139153434446468,0.3786078462245778,9071.863206401411,0.0,0.0,0.0,0.0,0.0,0,0,0.4,0,0,0.7847763705330829,2.1931567165248804,0,37.11992232621482,-5.209999999999999,-3.5,4.8,0.0,0.07071067811865475,0,0,16.68424959549877,1.2638979098002647,-0.0,-5.0,0,1.0,0.0,4.369134401276046,1,0.0,0.0,2.5,0.027826474107465846
2026-09-22T10:59:25.147879+00:00,24.34156866526599,88.35302495589238,45.5,5.0,45.1,1.82,6.7,10,1,22,9,3,0,0.49999999999999994,-0.8660254037844387,-0.8660254037844384,-0.5000000000000004,1,0.02618621671660476,0.9107280898696086,0.4121754825029324,9840.691938762682,0.0,0.0,0.0,0.0,0.0,0,0,0.4,0,0,0.7132504491541816,1.7625477067854294,0,32.16759525685359,2.69,6.3,4.8,0.0,0.07071067811865475,0,0,16.68424959549877,1.2638979098002647,-0.0,-5.0,0,1.0,0.0,4.587716007304507,1,0.0,0.0,2.5,0.027826474107465846
2026-09-22T09:59:25.147879+00:00,21.1273937997981,83.20780064971736,17.2,11.36,4.0,1.15,1.7,9,1,22,9,3,0,0.7071067811865476,-0.7071067811865475,-0.8660254037844384,-0.5000000000000004,1,0.11031890552373709,0.9262346950205984,0.36044282323850446,9303.268158359808,0.0,0.0,0.0,0.0,0.0,0,0,0.4,0,0,0.29570805004404666,0.5361592884250982,1,1.1828322001761866,6.359999999999999,-5.0,4.8,0.0,0.07071067811865475,0,0,16.68424959549877,1.2638979098002647,-0.0,-5.0,0,1.0,0.0,5.777800312485109,0,0.0,0.0,2.5,0.027826474107465846
2026-09-22T08:59:25.147879+00:00,26.41757584603232,81.86518510399854,48.9,7.33,9.6,1.45,2.2,8,1,22,9,3,0,0.8660254037844387,-0.4999999999999998,-0.8660254037844384,-0.5000000000000004,1,0.12672639660413088,0.8865639177870432,0.4449099235596137,9197.99274290191,0.0,0.0,0.0,0.0,0.0,0,0,0.4,0,0,0.7535633923016378,1.9854871179606524,0,7.234208566095723,-4.029999999999999,0.5000000000000002,4.8,0.0,0.07071067811865475,0,0,16.68424959549877,1.2638979098002647,-0.0,-5.0,0,1.0,0.0,4.46861204681212,1,0.0,0.0,2.5,0.027826474107465846
2026-09-22T07:59:25.147879+00:00,20.59640514943817,80.40775141554764,13.1,5.79,8.1,1.4,1.4,7,1,22,9,3,0,0.9659258262890683,-0.25881904510252063,-0.8660254037844384,-0.5000000000000004,1,0.1559842884689633,0.9229938681901168,0.351782917485026,9009.692779354518,0.0,0.0,0.0,0.0,0.0,0,0,0.4,0,0,0.22665130743685502,0.40306084880025783,0,1.8358755902385255,-1.54,-0.8000000000000003,4.8,0.0,0.07071067811865475,0,0,16.68424959549877,1.2638979098002647,-0.0,-5.0,0,1.0,0.0,6.063144069176576,0,0.0,0.0,2.5,0.027826474107465846
2026-09-22T06:59:25.147879+00:00,27.89509549280414,85.90892943188241,44.0,6.07,35.4,0.89,2.8,6,1,22,9,3,0,1.0,6.123233995736766e-17,-0.8660254037844384,-0.5000000000000004,1,0.06305245991937733,0.8815536682675533,0.46785416238624605,9605.569526489551,0.0,0.0,0.0,0.0,0.0,0,0,0.4,0,0,0.6946583704589973,1.6726220222647923,1,24.590906314248503,0.28000000000000025,1.4,4.8,0.0,0.07071067811865475,0,0,16.68424959549877,1.2638979098002647,-0.0,-5.0,0,1.0,0.0,4.640083861957351,1,0.0,0.0,2.5,0.027826474107465846
2026-09-22T05:59:25.147879+00:00,26.177958154373258,86.77564361842282,24.7,7.08,39.6,0.89,6.4,5,1,22,9,3,0,0.9659258262890683,0.25881904510252074,-0.8660254037844384,-0.5000000000000004,1,0.05047668653396099,0.8960074730524439,0.44116064234100294,9685.819709603182,0.0,0.0,0.0,0.0,0.0,0,0,0.4,0,0,0.41786707380107674,0.7966543621037584,1,16.54753612252264,1.0099999999999998,3.6000000000000005,4.8,0.0,0.07071067811865475,0,0,16.68424959549877,1.2638979098002647,-0.0,-5.0,0,1.0,0.0,5.3818106982241565,0,0.0,0.0,2.5,0.027826474107465846
2026-09-22T04:59:25.147879+00:00,21.589725452273377,80.16587828927857,46.6,12.09,11.8,2.22,4.4,4,1,22,9,3,0,0.8660254037844386,0.5000000000000001,-0.8660254037844384,-0.5000000000000004,1,0.15881366994732285,0.9161797120105523,0.36795781488932183,8991.439254848437,0.0,0.0,0.0,0.0,0.0,0,0,0.4,0,0,0.7265746709709759,1.831592374806806,0,8.573581117457516,5.01,-2.0,4.8,0.0,0.07071067811865475,0,0,16.68424959549877,1.2638979098002647,-0.0,-5.0,0,1.0,0.0,4.5492905916623485,1,0.0,0.0,2.5,0.027826474107465846
2026-09-22T03:59:25.147879+00:00,20.04417693698882,85.12093058299281,46.2,13.74,25.3,1.3,1.7,3,1,22,9,3,0,0.7071067811865475,0.7071067811865476,-0.8660254037844384,-0.5000000000000004,1,0.07990117177876342,0.9360245502312458,0.3427445756139324,9497.949824255053,0.0,0.0,0.0,0.0,0.0,0,0,0.4,0,0,0.7217602280983622,1.8061658817759754,0,18.260533770888564,1.6500000000000004,-2.7,4.8,0.0,0.07071067811865475,0,0,16.68424959549877,1.2638979098002647,-0.0,-5.0,0,1.0,0.0,4.563270029171046,1,0.0,0.0,2.5,0.027826474107465846
2026-09-22T02:59:25.147879+00:00,26.523691427638678,82.26495775197938,43.5,14.71,40.7,1.7,7.5,2,1,22,9,3,0,0.49999999999999994,0.8660254037844387,-0.8660254037844384,-0.5000000000000004,1,0.12042638519724723,0.8866085178587918,0.44656782442151016,9238.440213465594,0.0,0.0,0.0,0.0,0.0,0,0,0.4,0,0,0.6883545756937539,1.643654844132757,0,28.016031230735788,0.9700000000000006,5.8,4.8,0.0,0.07071067811865475,0,0,16.68424959549877,1.2638979098002647,-0.0,-5.0,0,1.0,0.0,4.6575540045548545,1,0.0,0.0,2.5,0.027826474107465846
2026-09-22T01:59:25.147879+00:00,25.65485875078094,86.4517279040945,42.8,12.12,35.7,1.34,7.5,1,1,22,9,3,0,0.25881904510252074,0.9659258262890683,-0.8660254037844384,-0.5000000000000004,1,0.055788292357230686,0.8996903960106211,0.4329490244383467,9651.93156070016,0.0,0.0,0.0,0.0,0.0,0,0,0.4,0,0,0.6794413042615165,1.6038966337279263,0,24.25605456213614,-2.5900000000000016,0.0,4.8,0.0,0.07071067811865475,0,0,16.68424959549877,1.2638979098002647,-0.0,-5.0,0,1.0,0.0,4.682040265767364,1,0.0,0.0,2.5,0.027826474107465846
2026-09-22T00:59:25.147879+00:00,25.8320573443279,81.74366429004992,21.4,4.86,26.9,2.4,7.4,0,1,22,9,3,0,0.0,1.0,-0.8660254037844384,-0.5000000000000004,1,0.12925263700694972,0.8907462996018265,0.43573476516385845,9181.764592642274,0.0,0.0,0.0,0.0,0.0,0,0,0.4,0,0,0.3648767843376196,0.6787832890444269,0,9.815185498681966,-7.259999999999999,-0.09999999999999964,4.8,0.0,0.07071067811865475,0,0,16.68424959549877,1.2638979098002647,-0.0,-5.0,0,1.0,0.0,5.541929694626114,0,0.0,0.0,2.5,0.027826474107465846
2026-09-21T23:59:25.147879+00:00,26.170162773487565,86.90937738102465,11.6,10.6,29.2,1.28,2.0,23,0,21,9,3,0,-0.25881904510252157,0.9659258262890681,-0.8660254037844384,-0.5000000000000004,1,0.048388420507958496,0.8961827761218482,0.4410385386145777,9699.14033984563,0.0,0.0,0.0,0.0,0.0,0,0,0.4,0,0,0.20107792114596468,0.35553897043395893,0,5.871475297462168,5.739999999999999,-5.4,4.8,0.0,0.07071067811865475,0,0,16.68424959549877,1.2638979098002647,-0.0,-5.0,0,1.0,0.0,6.1885967445951175,0,0.0,0.0,2.5,0.027826474107465846
2026-09-21T22:59:25.147879+00:00,20.592357213872724,83.86735346300537,25.7,6.74,25.4,1.56,3.8,22,0,21,9,3,0,-0.5000000000000004,0.8660254037844384,-0.8660254037844384,-0.5000000000000004,1,0.10000483112788364,0.9307493425035246,0.3517167826253678,9369.345823607195,0.0,0.0,0.0,0.0,0.0,0,0,0.4,0,0,0.4336590845875443,0.8335797605485128,0,11.014940748523625,-3.8599999999999994,1.7999999999999998,4.8,0.0,0.07071067811865475,0,0,16.68424959549877,1.2638979098002647,-0.0,-5.0,0,1.0,0.0,5.336502218172256,1,0.0,0.0,2.5,0.027826474107465846
2026-09-21T21:59:25.147879+00:00,22.86772582835418,89.36729988736735,15.6,3.92,15.7,2.29,8.4,21,0,21,9,3,0,-0.7071067811865477,0.7071067811865474,-0.8660254037844384,-0.5000000000000004,1,0.010174586257206289,0.9213482712335946,0.388604993392212,9942.719990489131,0.0,0.0,0.0,0.0,0.0,0,0,0.4,0,0,0.2689198206152657,0.48359727477428066,0,4.222041183659671,-2.8200000000000003,4.6000000000000005,4.8,0.0,0.07071067811865475,0,0,16.68424959549877,1.2638979098002647,-0.0,-5.0,0,1.0,0.0,5.880979125868439,0,0.0,0.0,2.5,0.027826474107465846
2026-09-21T20:59:25.147879+00:00,20.92695247620104,81.37520944145993,38.6,12.95,28.0,2.24,6.6,20,0,21,9,3,0,-0.8660254037844386,0.5000000000000001,-0.8660254037844384,-0.5000000000000004,1,0.14007105647180657,0.9234740878282882,0.35717741844716766,9112.206519024397,0.0,0.0,0.0,0.0,0.0,0,0,0.4,0,0,0.6238795967093862,1.3826779942971812,0,17.468628707862813,9.03,-1.8000000000000007,4.8,0.0,0.07071067811865475,0,0,16.68424959549877,1.2638979098002647,-0.0,-5.0,0,1.0,0.0,4.83045413605973,1,0.0,0.0,2.5,0.027826474107465846
2026-09-21T19:59:25.147879+00:00,26.90482740700475,83.41066351050259,23.2,0.59,33.7,1.16,0.2,19,0,21,9,3,0,-0.9659258262890684,0.2588190451025203,-0.8660254037844384,-0.5000000000000004,1,0.10233141494904203,0.8858685689084075,0.452509845345598,9354.446712380084,0.0,0.0,0.0,0.0,0.0,0,0,0.4,0,0,0.3939419095909511,0.7423579243456303,1,13.275842353215053,-12.36,-6.3999999999999995,4.8,0.0,0.07071067811865475,0,0,16.68424959549877,1.2638979098002647,-0.0,-5.0,0,1.0,0.0,5.452400104619385,0,0.0,0.0,2.5,0.027826474107465846
2026-09-21T18:59:25.147879+00:00,24.986385014620463,81.13473521240589,50.9,13.89,42.2,2.17,0.6,18,0,21,9,3,0,-1.0,-1.8369701987210297e-16,-0.8660254037844384,-0.5000000000000004,1,0.13968784671067672,0.8955797599018257,0.42240288722441605,9114.672189568266,0.0,0.0,0.0,0.0,0.0,0,0,0.4,0,0,0.7760464070665459,2.131288040911551,0,32.74915837820824,13.3,0.39999999999999997,4.8,0.0,0.07071067811865475,0,0,16.68424959549877,1.2638979098002647,-0.0,-5.0,0,1.0,0.0,4.397749819323691,1,0.0,0.0,2.5,0.027826474107465846
2026-09-21T17:59:25.147879+00:00,22.647184198821197,89.24693618278563,36.2,7.11,31.3,1.61,3.9,17,0,21,9,3,0,-0.9659258262890683,-0.25881904510252063,-0.8660254037844384,-0.5000000000000004,1,0.012129648025033449,0.9228137155387545,0.3850554739934853,9930.263515353381,0.0,0.0,0.0,0.0,0.0,0,0,0.4,0,0,0.5906056676199254,1.2676695596568006,0,18.485957396503665,-6.78,3.3,4.8,0.0,0.07071067811865475,0,0,16.68424959549877,1.2638979098002647,-0.0,-5.0,0,1.0,0.0,4.917296107908846,1,0.0,0.0,2.5,0.027826474107465846
2026-09-21T16:59:25.147879+00:00,20.50846680228819,88.77339353380981,44.2,9.81,37.0,1.65,7.7,16,0,21,9,3,0,-0.8660254037844384,-0.5000000000000004,-0.8660254037844384,-0.5000000000000004,1,0.020049939584427922,0.9364058016508529,0.35034579283514233,9879.79667291059,0.0,0.0,0.0,0.0,0.0,0,0,0.4,0,0,0.6971651028545646,1.684345811767924,0,25.795108805618888,2.7,3.8000000000000003,4.8,0.0,0.07071067811865475,0,0,16.68424959549877,1.2638979098002647,-0.0,-5.0,0,1.0,0.0,4.633099084177594,1,0.0,0.0,2.5,0.027826474107465846
2026-09-21T15:59:25.147879+00:00,22.487858573725298,82.57941627715155,13.8,10.15,9.4,1.07,4.6,15,0,21,9,3,0,-0.7071067811865471,-0.7071067811865479,-0.8660254037844384,-0.5000000000000004,1,0.11933122135558163,0.9162222764885577,0.3824876464356857,9245.468184647854,0.0,0.0,0.0,0.0,0.0,0,0,0.4,0,0,0.23853345757858088,0.4254324827969427,1,2.2422145012386605,0.33999999999999986,-3.1000000000000005,4.8,0.0,0.07071067811865475,0,0,16.68424959549877,1.2638979098002647,-0.0,-5.0,0,1.0,0.0,6.009125351209418,0,0.0,0.0,2.5,0.027826474107465846
2026-09-21T14:59:25.147879+00:00,22.601466576213976,86.5998404603418,45.9,13.78,23.2,0.98,4.2,14,0,21,9,3,0,-0.4999999999999997,-0.8660254037844388,-0.8660254037844384,-0.5000000000000004,1,0.05475423275080928,0.921575236174066,0.38431895356147183,9658.52964073711,0.0,0.0,0.0,0.0,0.0,0,0,0.4,0,0,0.7181262977631888,1.7873377814977174,1,16.66053010810598,3.629999999999999,-0.39999999999999947,4.8,0.0,0.07071067811865475,0,0,16.68424959549877,1.2638979098002647,-0.0,-5.0,0,1.0,0.0,4.5737490904639655,1,0.0,0.0,2.5,0.027826474107465846
2026-09-21T13:59:25.147879+00:00,25.83684942670451,88.17222200201216,48.6,9.8,2.4,2.05,0.9,13,0,21,9,3,0,-0.2588190451025208,-0.9659258262890683,-0.8660254037844384,-0.5000000000000004,1,0.028707033659066947,0.8995807423251565,0.43581004377620497,9824.625757151312,0.0,0.0,0.0,0.0,0.0,0,0,0.4,0,0,0.7501110696304596,1.964625998784911,0,1.8002665671131028,-3.9799999999999986,-3.3000000000000003,4.8,0.0,0.07071067811865475,0,0,16.68424959549877,1.2638979098002647,-0.0,-5.0,0,1.0,0.0,4.479174434523412,1,0.0,0.0,2.5,0.027826474107465846
2026-09-21T12:59:25.147879+00:00,25.100459770841702,85.55200811599462,29.4,9.45,13.3,1.67,5.6,12,0,21,9,3,0,1.2246467991473532e-16,-1.0,-0.8660254037844384,-0.5000000000000004,1,0.07023035343007368,0.9028379600214499,0.4242066894821367,9559.737181267263,0.0,0.0,0.0,0.0,0.0,0,0,0.4,0,0,0.49090375361514077,0.9759604726587577,0,6.529019923081373,-0.3500000000000014,4.699999999999999,4.8,0.0,0.07071067811865475,0,0,16.68424959549877,1.2638979098002647,-0.0,-5.0,0,1.0,0.0,5.178809523036354,1,0.0,0.0,2.5,0.027826474107465846
2026-09-21T11:59:25.147879+00:00,27.09770194061061,85.29650578356006,34.7,1.03,35.4,1.57,7.0,11,0,21,9,3,0,0.258819045102521,-0.9659258262890682,-0.8660254037844384,-0.5000000000000004,1,0.07299831520259388,0.8872331222670611,0.45550920158634023,9542.057095632237,0.0,0.0,0.0,0.0,0.0,0,0,0.4,0,0,0.5692795234308442,1.199328839085942,0,20.152495129451886,-8.42,1.4000000000000004,4.8,0.0,0.07071067811865475,0,0,16.68424959549877,1.2638979098002647,-0.0,-5.0,0,1.0,0.0,4.972714230756922,1,0.0,0.0,2.5,0.027826474107465846
2026-09-21T10:59:25.147879+00:00,23.777719401295595,82.41852290900452,41.7,7.98,47.6,2.05,3.2,10,0,21,9,3,0,0.49999999999999994,-0.8660254037844387,-0.8660254037844384,-0.5000000000000004,1,0.12073675667372587,0.9071168008413113,0.40318946566017116,9236.448302648594,0.0,0.0,0.0,0.0,0.0,0,0,0.4,0,0,0.6652303546543609,1.5432009778439113,0,31.66496488154758,6.95,-3.8,4.8,0.0,0.07071067811865475,0,0,16.68424959549877,1.2638979098002647,-0.0,-5.0,0,1.0,0.0,4.7206175140660545,1,0.0,0.0,2.5,0.027826474107465846
2026-09-21T09:59:25.147879+00:00,20.956753967506412,80.931027678059,15.7,2.31,6.6,2.11,6.6,9,0,21,9,3,0,0.7071067811865476,-0.7071067811865475,-0.8660254037844384,-0.5000000000000004,1,0.14719664457400344,0.9221768741330323,0.357663194416736,9066.333632384949,0.0,0.0,0.0,0.0,0.0,0,0,0.4,0,0,0.27060044597586363,0.4868575249770123,0,1.7859629434406998,-5.67,3.3999999999999995,4.8,0.0,0.07071067811865475,0,0,16.68424959549877,1.2638979098002647,-0.0,-5.0,0,1.0,0.0,5.874260085540074,0,0.0,0.0,2.5,0.027826474107465846
2026-09-21T08:59:25.147879+00:00,25.70595829778396,88.97215757953327,30.1,11.36,20.5,1.11,8.2,8,0,21,9,3,0,0.8660254037844387,-0.4999999999999998,-0.8660254037844384,-0.5000000000000004,1,0.016162955880961095,0.9008869399962278,0.4337527869667505,9904.564722049598,0.0,0.0,0.0,0.0,0.0,0,0,0.4,0,0,0.5015107371594574,1.0040347350172507,1,10.280970111768877,9.049999999999999,1.5999999999999996,4.8,0.0,0.07071067811865475,0,0,16.68424959549877,1.2638979098002647,-0.0,-5.0,0,1.0,0.0,5.150449713020331,1,0.0,0.0,2.5,0.027826474107465846
2026-09-21T07:59:25.147879+00:00,26.08628038893518,89.0041805716333,25.5,7.89,38.8,1.86,1.7,7,0,21,9,3,0,0.9659258262890683,-0.25881904510252063,-0.8660254037844384,-0.5000000000000004,1,0.015609058215861914,0.8979972458090931,0.4397241224005081,9908.094049486948,0.0,0.0,0.0,0.0,0.0,0,0,0.4,0,0,0.43051109680829514,0.8261458566004438,0,16.70383055616185,-3.4699999999999998,-6.499999999999999,4.8,0.0,0.07071067811865475,0,0,16.68424959549877,1.2638979098002647,-0.0,-5.0,0,1.0,0.0,5.345460269531312,1,0.0,0.0,2.5,0.027826474107465846
2026-09-21T06:59:25.147879+00:00,24.49021758055597,86.33101457273268,14.4,10.48,11.4,1.07,4.4,6,0,21,9,3,0,1.0,6.123233995736766e-17,-0.8660254037844384,-0.5000000000000004,1,0.05823488145615323,0.9081668622083222,0.4145378739855722,9636.318943952963,0.0,0.0,0.0,0.0,0.0,0,0,0.4,0,0,0.2486898871648548,0.4447150613233669,1,2.8350647136793445,2.5900000000000007,2.7,4.8,0.0,0.07071067811865475,0,0,16.68424959549877,1.2638979098002647,-0.0,-5.0,0,1.0,0.0,5.964797843857971,0,0.0,0.0,2.5,0.027826474107465846
2026-09-21T05:59:25.147879+00:00,26.16773743963649,83.390297910487,24.2,0.64,27.5,2.09,2.4,5,0,21,9,3,0,0.9659258262890683,0.25881904510252074,-0.8660254037844384,-0.5000000000000004,1,0.10330784726679934,0.8915413651683068,0.4410005474905122,9348.192715748915,0.0,0.0,0.0,0.0,0.0,0,0,0.4,0,0,0.40992303384157275,0.7784144974084537,0,11.272883430643251,-9.84,-2.0000000000000004,4.8,0.0,0.07071067811865475,0,0,16.68424959549877,1.2638979098002647,-0.0,-5.0,0,1.0,0.0,5.40497245398047,0,0.0,0.0,2.5,0.027826474107465846
2026-09-21T04:59:25.147879+00:00,23.95036477091513,83.49209574612661,11.0,1.31,35.7,1.93,6.7,4,0,21,9,3,0,0.8660254037844386,0.5000000000000001,-0.8660254037844384,-0.5000000000000004,1,0.10358139619268683,0.9080085242222793,0.4059450877919969,9346.440535465312,0.0,0.0,0.0,0.0,0.0,0,0,0.4,0,0,0.1908089953765448,0.3366765714174733,0,6.8118811349426505,0.67,4.300000000000001,4.8,0.0,0.07071067811865475,0,0,16.68424959549877,1.2638979098002647,-0.0,-5.0,0,1.0,0.0,6.2431088685179486,0,0.0,0.0,2.5,0.027826474107465846
2026-09-21T03:59:25.147879+00:00,24.181862635055957,87.2595567887024,9.1,11.03,30.3,2.43,4.9,3,0,21,9,3,0,0.7071067811865475,0.7071067811865476,-0.8660254037844384,-0.5000000000000004,1,0.0436160534924904,0.9112065628494275,0.4096342755408446,9729.577341736373,0.0,0.0,0.0,0.0,0.0,0,0,0.4,0,0,0.15815806725448353,0.2774295905513559,0,4.792189437810851,9.719999999999999,-1.7999999999999998,4.8,0.0,0.07071067811865475,0,0,16.68424959549877,1.2638979098002647,-0.0,-5.0,0,1.0,0.0,6.436664436054985,0,0.0,0.0,2.5,0.027826474107465846
2026-09-21T02:59:25.147879+00:00,23.4203281468684,88.97110259952578,13.9,1.11,10.6,0.96,5.4,2,0,21,9,3,0,0.49999999999999994,0.8660254037844387,-0.8660254037844384,-0.5000000000000004,1,0.01647729688862119,0.917465711876613,0.3974734786347187,9902.56178872661,0.0,0.0,0.0,0.0,0.0,0,0,0.4,0,0,0.24022804247726373,0.4286392400559232,1,2.5464172502589957,-9.92,0.5,4.8,0.0,0.07071067811865475,0,0,16.68424959549877,1.2638979098002647,-0.0,-5.0,0,1.0,0.0,6.001615976428735,0,0.0,0.0,2.5,0.027826474107465846
2026-09-21T01:59:25.147879+00:00,20.20335301395276,88.87086424265118,50.4,1.1,18.3,0.94,6.8,1,0,21,9,3,0,0.25881904510252074,0.9659258262890683,-0.8660254037844384,-0.5000000000000004,1,0.01849341489671819,0.9382905818853262,0.3453531200825524,9889.715134715772,0.0,0.0,0.0,0.0,0.0,0,0,0.4,0,0,0.7705132427757893,2.093689766710045,1,14.100392342796944,-0.010000000000000009,1.3999999999999995,4.8,0.0,0.07071067811865475,0,0,16.68424959549877,1.2638979098002647,-0.0,-5.0,0,1.0,0.0,4.415548382283204,1,0.0,0.0,2.5,0.027826474107465846
2026-09-21T00:59:25.147879+00:00,20.863131415946437,87.79875545857624,32.2,0.19,38.1,1.32,3.4,0,0,21,9,3,0,0.0,1.0,-0.8660254037844384,-0.5000000000000004,1,0.03589114981606692,0.933744298786047,0.3561367853078842,9778.83176117679,0.0,0.0,0.0,0.0,0.0,0,0,0.4,0,0,0.53287627607073,1.090730605313664,0,20.302586118294812,-0.9100000000000001,-3.4,4.8,0.0,0.07071067811865475,0,0,16.68424959549877,1.2638979098002647,-0.0,-5.0,0,1.0,0.0,5.067628578514195,1,0.0,0.0,2.5,0.027826474107465846
