timestamp,latitude,longitude,ndvi,ndwi,surface_temperature,elevation,satellite
2026-09-25T03:59:25.147879+00:00,22.9963209507789,80.31429185686734,0.572,0.121,33.9,401.6,MODIS
2026-09-25T02:59:25.147879+00:00,27.60571445127933,86.3641041126378,0.141,0.576,36.2,2155.3,Sentinel-2
2026-09-25T01:59:25.147879+00:00,25.85595153449124,83.14355981076326,0.661,-0.274,36.9,50.0,Sentinel-2
2026-09-25T00:59:25.147879+00:00,24.789267873576293,85.08570691164702,0.338,-0.383,37.2,1195.6,MODIS
2026-09-24T23:59:25.147879+00:00,21.24814912353949,89.07566473926093,0.1,0.37,28.4,1486.9,Landsat-8
2026-09-24T22:59:25.147879+00:00,21.247956162689622,82.49292229148875,0.483,0.407,37.5,200.2,MODIS
2026-09-24T21:59:25.147879+00:00,20.464668897345597,84.1038292303563,0.135,-0.28,33.1,2726.0,MODIS
2026-09-24T20:59:25.147879+00:00,26.92940916619948,87.55551138543049,0.307,-0.134,21.2,671.8,Landsat-8
2026-09-24T19:59:25.147879+00:00,24.80892009394567,82.28798165491622,0.63,-0.382,27.5,886.5,MODIS
2026-09-24T18:59:25.147879+00:00,25.664580622368362,80.76979909828793,0.147,-0.107,32.4,885.8,MODIS
2026-09-24T17:59:25.147879+00:00,20.16467595436642,82.89751452913768,0.73,0.373,22.9,683.6,MODIS
2026-09-24T16:59:25.147879+00:00,27.759278817295954,81.61221287254004,0.103,0.118,30.8,54.1,Landsat-8
2026-09-24T15:59:25.147879+00:00,26.659541126403376,89.29697652342573,0.285,-0.052,31.3,2055.7,Sentinel-2
2026-09-24T14:59:25.147879+00:00,21.69871288542621,88.08120379564417,0.656,-0.028,21.3,2708.8,Sentinel-2
2026-09-24T13:59:25.147879+00:00,21.454599737656807,86.33403756510424,0.337,-0.399,29.3,666.8,Landsat-8
2026-09-24T12:59:25.147879+00:00,21.46723607882747,88.71460590187718,0.176,-0.1,33.4,1873.4,Sentinel-2
2026-09-24T11:59:25.147879+00:00,22.433937943676302,88.03672076899115,0.37,0.246,28.0,2090.2,MODIS
2026-09-24T10:59:25.147879+00:00,24.198051453057904,81.86570058886036,0.303,0.574,18.2,2383.2,Sentinel-2
2026-09-24T09:59:25.147879+00:00,23.455560149136925,88.92558998489977,0.732,0.447,18.2,1212.2,MODIS
2026-09-24T08:59:25.147879+00:00,22.329833121584336,85.39342241915651,0.335,-0.376,25.1,883.1,Sentinel-2
2026-09-24T07:59:25.147879+00:00,24.894823157779037,88.07440155164062,0.692,0.499,36.5,944.6,Landsat-8
2026-09-24T06:59:25.147879+00:00,21.115950885216336,88.96091299923494,0.769,0.383,22.6,2009.7,Sentinel-2
2026-09-24T05:59:25.147879+00:00,22.337157188281743,83.18003474971864,0.425,0.38,30.7,2296.1,Sentinel-2
2026-09-24T04:59:25.147879+00:00,22.930894746349534,81.10051924527677,0.782,0.058,22.4,549.4,Sentinel-2
2026-09-24T03:59:25.147879+00:00,23.64855987373629,82.27935162541942,0.383,-0.002,24.4,1070.1,Landsat-8
2026-09-24T02:59:25.147879+00:00,26.28140769114411,84.27107788626256,0.823,-0.097,35.0,2530.3,Sentinel-2
2026-09-24T01:59:25.147879+00:00,21.597390257266877,88.18014765922493,0.167,-0.334,32.6,2268.4,Landsat-8
2026-09-24T00:59:25.147879+00:00,24.113875507308894,88.60730583256344,0.615,-0.172,19.9,2758.4,MODIS
2026-09-23T23:59:25.147879+00:00,24.73931655089634,80.06952130531191,0.47,-0.153,26.6,2124.2,Sentinel-2
2026-09-23T22:59:25.147879+00:00,20.371603301759983,85.10747302577566,0.391,0.084,18.6,1131.3,Landsat-8
2026-09-23T21:59:25.147879+00:00,24.860358815211505,84.17411003148779,0.575,0.347,27.6,1674.3,Landsat-8
2026-09-23T20:59:25.147879+00:00,21.36419298949833,82.2210781047073,0.628,0.074,31.2,1867.8,Sentinel-2
2026-09-23T19:59:25.147879+00:00,20.520412743882236,81.19865367333682,0.103,-0.342,20.4,265.8,MODIS
2026-09-23T18:59:25.147879+00:00,27.591084298026665,83.37615171403628,0.225,0.558,23.8,1547.4,Landsat-8
2026-09-23T17:59:25.147879+00:00,27.725056264596475,89.4290970391252,0.635,0.543,26.0,2000.6,Sentinel-2
2026-09-23T16:59:25.147879+00:00,26.46717878493169,83.23202932020756,0.6,0.385,36.4,510.1,MODIS
2026-09-23T15:59:25.147879+00:00,22.436910153386965,85.18790621743366,0.825,0.591,37.9,2196.7,Landsat-8
2026-09-23T14:59:25.147879+00:00,20.781376912051073,87.03018958895177,0.671,0.144,18.9,1655.4,Landsat-8
2026-09-23T13:59:25.147879+00:00,25.473864212097254,83.63629602379294,0.813,0.563,33.2,2668.6,MODIS
2026-09-23T12:59:25.147879+00:00,23.521219949916812,89.71782082720961,0.627,-0.324,25.4,166.7,MODIS
2026-09-23T11:59:25.147879+00:00,20.976305878758232,89.62447294942112,0.324,-0.034,25.8,779.6,Sentinel-2
2026-09-23T10:59:25.147879+00:00,23.96141528089016,82.51782295825365,0.179,-0.175,33.1,1704.3,Sentinel-2
2026-09-23T09:59:25.147879+00:00,20.275108168921747,84.97248505892385,0.686,-0.204,36.4,865.5,Landsat-8
2026-09-23T08:59:25.147879+00:00,27.274563216630256,83.0087830981677,0.583,-0.259,37.0,2014.7,MODIS
2026-09-23T07:59:25.147879+00:00,22.070239852800135,82.84840494377468,0.136,0.222,29.5,2137.3,MODIS
2026-09-23T06:59:25.147879+00:00,25.300178274831858,80.36886947354533,0.37,0.381,25.1,331.9,MODIS
2026-09-23T05:59:25.147879+00:00,22.49368860871529,86.09564333979897,0.818,0.178,33.8,1463.1,Landsat-8
2026-09-23T04:59:25.147879+00:00,24.160544169422487,85.02679023228862,0.475,-0.253,23.0,1449.4,MODIS
2026-09-23T03:59:25.147879+00:00,24.373682234746237,80.5147875124999,0.425,0.411,29.3,1065.5,MODIS
2026-09-23T02:59:25.147879+00:00,21.478835644204217,82.78646464236611,0.443,0.236,25.2,2615.5,Landsat-8
2026-09-23T01:59:25.147879+00:00,27.75667702211647,89.08265885966654,0.257,-0.012,31.1,2325.6,Sentinel-2
2026-09-23T00:59:25.147879+00:00,26.201062586888916,82.39561890666972,0.377,0.274,22.8,1967.3,Sentinel-2
2026-09-22T23:59:25.147879+00:00,27.515991532513514,81.44894872091223,0.377,-0.14,21.8,2014.4,Landsat-8
2026-09-22T22:59:25.147879+00:00,27.15861880342119,84.89452760277563,0.139,-0.055,36.4,1319.7,MODIS
2026-09-22T21:59:25.147879+00:00,24.78319983048868,89.856504541106,0.676,0.517,20.0,2582.7,Landsat-8
2026-09-22T20:59:25.147879+00:00,27.374993880184935,82.42055271511501,0.412,-0.109,28.1,1960.1,Sentinel-2
2026-09-22T19:59:25.147879+00:00,20.707940016415357,86.72135547405878,0.717,0.07,22.4,2054.7,Sentinel-2
2026-09-22T18:59:25.147879+00:00,21.567862899353162,87.61619615328718,0.738,0.49,18.8,2419.6,Landsat-8
2026-09-22T17:59:25.147879+00:00,20.361818311284303,82.37637543992399,0.259,0.308,18.7,803.7,Landsat-8
2026-09-22T16:59:25.147879+00:00,22.602642646106116,87.28216348611859,0.593,-0.338,21.5,2269.4,Sentinel-2
2026-09-22T15:59:25.147879+00:00,23.109418317515857,83.67783132719254,0.454,-0.253,35.3,586.9,Landsat-8
2026-09-22T14:59:25.147879+00:00,22.170792254191166,86.32305830593579,0.76,-0.392,23.6,999.7,Sentinel-2
2026-09-22T13:59:25.147879+00:00,26.629900073215435,86.33529710760895,0.262,0.231,37.0,972.9,Landsat-8
2026-09-22T12:59:25.147879+00:00,22.854026613548715,85.35774684074758,0.608,0.048,29.6,2740.9,Landsat-8
2026-09-22T11:59:25.147879+00:00,22.247476077499044,80.90289770054409,0.556,-0.266,26.7,2405.5,Landsat-8
2026-09-22T10:59:25.147879+00:00,24.34156866526599,88.35302495589238,0.321,0.558,29.6,1978.2,Sentinel-2
2026-09-22T09:59:25.147879+00:00,21.1273937997981,83.20780064971736,0.202,0.13,28.3,2049.4,Landsat-8
2026-09-22T08:59:25.147879+00:00,26.417575846032317,81.86518510399854,0.589,-0.158,33.2,1595.7,Sentinel-2
2026-09-22T07:59:25.147879+00:00,20.596405149438166,80.40775141554764,0.654,0.101,23.6,2654.5,Sentinel-2
2026-09-22T06:59:25.147879+00:00,27.89509549280414,85.90892943188241,0.337,0.28,25.1,1414.7,Landsat-8
2026-09-22T05:59:25.147879+00:00,26.177958154373258,86.77564361842282,0.584,-0.324,35.9,1096.4,Landsat-8
2026-09-22T04:59:25.147879+00:00,21.589725452273377,80.16587828927857,0.396,-0.125,36.9,498.3,Sentinel-2
2026-09-22T03:59:25.147879+00:00,20.04417693698882,85.12093058299281,0.635,0.407,35.9,2212.1,Sentinel-2
2026-09-22T02:59:25.147879+00:00,26.523691427638674,82.26495775197938,0.249,0.06,26.4,2069.7,MODIS
2026-09-22T01:59:25.147879+00:00,25.65485875078094,86.4517279040945,0.768,0.147,33.6,1107.0,Sentinel-2
2026-09-22T00:59:25.147879+00:00,25.8320573443279,81.74366429004992,0.316,0.033,27.5,119.3,MODIS
2026-09-21T23:59:25.147879+00:00,26.170162773487565,86.90937738102465,0.376,-0.356,28.0,2357.2,MODIS
2026-09-21T22:59:25.147879+00:00,20.592357213872724,83.86735346300537,0.144,-0.234,22.1,81.4,MODIS
2026-09-21T21:59:25.147879+00:00,22.86772582835418,89.36729988736735,0.184,0.046,29.8,1985.2,Landsat-8
2026-09-21T20:59:25.147879+00:00,20.926952476201038,81.37520944145993,0.487,-0.191,21.7,2718.2,Landsat-8
2026-09-21T19:59:25.147879+00:00,26.90482740700475,83.41066351050259,0.301,-0.35,24.6,1253.6,Sentinel-2
2026-09-21T18:59:25.147879+00:00,24.986385014620463,81.13473521240589,0.727,0.444,35.1,696.2,MODIS
2026-09-21T17:59:25.147879+00:00,22.647184198821193,89.24693618278563,0.111,0.581,22.1,1988.4,Landsat-8
2026-09-21T16:59:25.147879+00:00,20.50846680228819,88.77339353380981,0.384,0.393,19.4,2297.1,Landsat-8
2026-09-21T15:59:25.147879+00:00,22.487858573725298,82.57941627715155,0.353,0.454,19.4,1552.7,Landsat-8
2026-09-21T14:59:25.147879+00:00,22.601466576213976,86.5998404603418,0.114,-0.158,36.8,2709.3,Landsat-8
2026-09-21T13:59:25.147879+00:00,25.83684942670451,88.17222200201216,0.193,0.561,28.1,192.1,Landsat-8
2026-09-21T12:59:25.147879+00:00,25.100459770841706,85.55200811599462,0.41,-0.203,26.2,1438.2,MODIS
2026-09-21T11:59:25.147879+00:00,27.097701940610612,85.29650578356006,0.47,0.551,34.2,2025.7,MODIS
2026-09-21T10:59:25.147879+00:00,23.777719401295595,82.41852290900452,0.403,0.595,34.7,2422.3,MODIS
2026-09-21T09:59:25.147879+00:00,20.956753967506415,80.931027678059,0.498,0.312,24.6,543.0,MODIS
2026-09-21T08:59:25.147879+00:00,25.70595829778396,88.97215757953327,0.546,0.581,31.9,2250.0,Sentinel-2
2026-09-21T07:59:25.147879+00:00,26.08628038893518,89.0041805716333,0.107,0.17,33.4,1569.9,MODIS
2026-09-21T06:59:25.147879+00:00,24.49021758055597,86.33101457273268,0.448,-0.14,31.1,1140.5,Landsat-8
2026-09-21T05:59:25.147879+00:00,26.16773743963649,83.390297910487,0.823,0.037,21.0,412.2,MODIS
2026-09-21T04:59:25.147879+00:00,23.950364770915126,83.49209574612661,0.489,0.194,35.5,2429.6,Sentinel-2
2026-09-21T03:59:25.147879+00:00,24.181862635055953,87.2595567887024,0.608,-0.327,28.8,482.5,Landsat-8
2026-09-21T02:59:25.147879+00:00,23.420328146868396,88.97110259952578,0.334,0.222,23.6,901.9,MODIS
2026-09-21T01:59:25.147879+00:00,20.20335301395276,88.87086424265118,0.68,0.581,26.5,847.6,MODIS
2026-09-21T00:59:25.147879+00:00,20.863131415946434,87.79875545857624,0.68,-0.21,18.8,2446.4,MODIS
