timestamp,latitude,longitude,ndvi,ndwi,surface_temperature,elevation,satellite,hour,day_of_week,day_of_month,month,quarter,is_weekend,hour_sin,hour_cos,month_sin,month_cos,is_monsoon_season,geo_x,geo_y,geo_z,dist_to_origin_km,rain_intensity_mm_per_h,rain_rolling_3h,rain_rolling_6h,rain_rolling_24h,antecedent_precipitation_index,is_heavy_rain,is_extreme_rain,soil_saturation_ratio,is_soil_supersaturated,is_soil_dry,gravitational_shear_index,slope_friction_ratio,is_critical_fos,pore_pressure_impact,displacement_velocity,crack_dilation_rate,seismic_energy_log10_j,arias_intensity_proxy,depth_attenuation_factor,is_strong_motion,is_major_quake,dew_point_c,vapor_pressure_deficit_kpa,wind_u,wind_v,is_low_pressure_system,aspect_northness,aspect_eastness,topographic_wetness_index,is_steep_slope,landslide_susceptibility_index,flood_potential_index,fire_danger_index,cyclone_power_dissipation_index
2026-09-25T03:59:25.147879+00:00,22.9963209507789,80.31429185686734,0.572,0.121,33.9,401.6,MODIS,3,4,25,9,3,0,0.7071067811865475,0.7071067811865476,-0.8660254037844384,-0.5000000000000004,1,0.15487317958197877,0.9074082160279219,0.39067202066591905,9016.85874164063,0.0,0.0,0.0,0.0,0.0,0,0,0.4,0,0,0.25881904510252074,0.4641016151377546,0,0.0,0.0,0.0,4.8,0.0,0.07071067811865475,0,0,16.68424959549877,1.2638979098002647,-0.0,-5.0,0,1.0,0.0,7.730871731046414,0,0.0,0.0,2.5,0.027826474107465846
2026-09-25T02:59:25.147879+00:00,27.60571445127933,86.3641041126378,0.141,0.576,36.2,2155.3,Sentinel-2,2,4,25,9,3,0,0.49999999999999994,0.8660254037844387,-0.8660254037844384,-0.5000000000000004,1,0.05619635386867884,0.8843737048603737,0.4633844192065619,9649.327715878902,0.0,0.0,0.0,0.0,0.0,0,0,0.4,0,0,0.25881904510252074,0.4641016151377546,0,0.0,0.0,0.0,4.8,0.0,0.07071067811865475,0,0,16.68424959549877,1.2638979098002647,-0.0,-5.0,0,1.0,0.0,9.411100366654663,0,0.0,0.0,2.5,0.027826474107465846
2026-09-25T01:59:25.147879+00:00,25.85595153449124,83.14355981076326,0.661,-0.274,36.9,50.0,Sentinel-2,1,4,25,9,3,0,0.25881904510252074,0.9659258262890683,-0.8660254037844384,-0.5000000000000004,1,0.1074311081414237,0.8934576366307428,0.4361100876495673,9321.776345070812,0.0,0.0,0.0,0.0,0.0,0,0,0.4,0,0,0.25881904510252074,0.4641016151377546,0,0.0,0.0,0.0,4.8,0.0,0.07071067811865475,0,0,16.68424959549877,1.2638979098002647,-0.0,-5.0,0,1.0,0.0,5.6474381680970405,0,0.0,0.0,2.5,0.027826474107465846
2026-09-25T00:59:25.147879+00:00,24.789267873576293,85.08570691164702,0.338,-0.383,37.2,1195.6,MODIS,0,4,25,9,3,0,0.0,1.0,-0.8660254037844384,-0.5000000000000004,1,0.07777191375222667,0.9045187127293907,0.41928203843437206,9511.557683467407,0.0,0.0,0.0,0.0,0.0,0,0,0.4,0,0,0.25881904510252074,0.4641016151377546,0,0.0,0.0,0.0,4.8,0.0,0.07071067811865475,0,0,16.68424959549877,1.2638979098002647,-0.0,-5.0,0,1.0,0.0,8.821818593078676,0,0.0,0.0,2.5,0.027826474107465846
2026-09-24T23:59:25.147879+00:00,21.24814912353949,89.07566473926093,0.1,0.37,28.4,1486.9,Landsat-8,23,3,24,9,3,0,-0.25881904510252157,0.9659258262890681,-0.8660254037844384,-0.5000000000000004,1,0.015035334138100119,0.9318982941038232,0.36240793061650867,9911.749674776755,0.0,0.0,0.0,0.0,0.0,0,0,0.4,0,0,0.25881904510252074,0.4641016151377546,0,0.0,0.0,0.0,4.8,0.0,0.07071067811865475,0,0,16.68424959549877,1.2638979098002647,-0.0,-5.0,0,1.0,0.0,9.039863857372072,0,0.0,0.0,2.5,0.027826474107465846
2026-09-24T22:59:25.147879+00:00,21.247956162689626,82.49292229148875,0.483,0.407,37.5,200.2,MODIS,22,3,24,9,3,0,-0.5000000000000004,0.8660254037844384,-0.8660254037844384,-0.5000000000000004,1,0.12176727175808955,0.9240321955647548,0.36240479175691126,9229.83408945447,0.0,0.0,0.0,0.0,0.0,0,0,0.4,0,0,0.25881904510252074,0.4641016151377546,0,0.0,0.0,0.0,4.8,0.0,0.07071067811865475,0,0,16.68424959549877,1.2638979098002647,-0.0,-5.0,0,1.0,0.0,7.034732029550015,0,0.0,0.0,2.5,0.027826474107465846
2026-09-24T21:59:25.147879+00:00,20.4646688973456,84.1038292303563,0.135,-0.28,33.1,2726.0,MODIS,21,3,24,9,3,0,-0.7071067811865477,0.7071067811865474,-0.8660254037844384,-0.5000000000000004,1,0.09624280728718161,0.9319315318121218,0.34962972136217857,9393.429916865192,0.0,0.0,0.0,0.0,0.0,0,0,0.4,0,0,0.25881904510252074,0.4641016151377546,0,0.0,0.0,0.0,4.8,0.0,0.07071067811865475,0,0,16.68424959549877,1.2638979098002647,-0.0,-5.0,0,1.0,0.0,9.646005774925372,0,0.0,0.0,2.5,0.027826474107465846
2026-09-24T20:59:25.147879+00:00,26.92940916619948,87.55551138543049,0.307,-0.134,21.2,671.8,Landsat-8,20,3,24,9,3,0,-0.8660254037844386,0.5000000000000001,-0.8660254037844384,-0.5000000000000004,1,0.03802653244605058,0.8907538711952696,0.45289239757449073,9765.217934721368,0.0,0.0,0.0,0.0,0.0,0,0,0.4,0,0,0.25881904510252074,0.4641016151377546,0,0.0,0.0,0.0,4.8,0.0,0.07071067811865475,0,0,16.68424959549877,1.2638979098002647,-0.0,-5.0,0,1.0,0.0,8.245375839847087,0,0.0,0.0,2.5,0.027826474107465846
2026-09-24T19:59:25.147879+00:00,24.80892009394567,82.28798165491622,0.63,-0.382,27.5,886.5,MODIS,19,3,24,9,3,0,-0.9659258262890684,0.2588190451025203,-0.8660254037844384,-0.5000000000000004,1,0.1218095723995341,0.8995019748717025,0.4195934047071639,9229.562570906593,0.0,0.0,0.0,0.0,0.0,0,0,0.4,0,0,0.25881904510252074,0.4641016151377546,0,0.0,0.0,0.0,4.8,0.0,0.07071067811865475,0,0,16.68424959549877,1.2638979098002647,-0.0,-5.0,0,1.0,0.0,8.522696288183157,0,0.0,0.0,2.5,0.027826474107465846
2026-09-24T18:59:25.147879+00:00,25.66458062236836,80.76979909828793,0.147,-0.107,32.4,885.8,MODIS,18,3,24,9,3,0,-1.0,-1.8369701987210297e-16,-0.8660254037844384,-0.5000000000000004,1,0.14457706994605857,0.8896741845782724,0.4331019696801189,9083.203432784892,0.0,0.0,0.0,0.0,0.0,0,0,0.4,0,0,0.25881904510252074,0.4641016151377546,0,0.0,0.0,0.0,4.8,0.0,0.07071067811865475,0,0,16.68424959549877,1.2638979098002647,-0.0,-5.0,0,1.0,0.0,8.521906354157991,0,0.0,0.0,2.5,0.027826474107465846
2026-09-24T17:59:25.147879+00:00,20.16467595436642,82.89751452913768,0.73,0.373,22.9,683.6,MODIS,17,3,24,9,3,0,-0.9659258262890683,-0.25881904510252063,-0.8660254037844384,-0.5000000000000004,1,0.11606582256625664,0.9315026400958856,0.3447195328472315,9266.417662098404,0.0,0.0,0.0,0.0,0.0,0,0,0.4,0,0,0.25881904510252074,0.4641016151377546,0,0.0,0.0,0.0,4.8,0.0,0.07071067811865475,0,0,16.68424959549877,1.2638979098002647,-0.0,-5.0,0,1.0,0.0,8.26278811391033,0,0.0,0.0,2.5,0.027826474107465846
2026-09-24T16:59:25.147879+00:00,27.759278817295957,81.61221287254004,0.103,0.118,30.8,54.1,Landsat-8,16,3,24,9,3,0,-0.8660254037844384,-0.5000000000000004,-0.8660254037844384,-0.5000000000000004,1,0.1290840545597395,0.8754467125991686,0.4657578343492753,9182.847704994147,0.0,0.0,0.0,0.0,0.0,0,0,0.4,0,0,0.25881904510252074,0.4641016151377546,0,0.0,0.0,0.0,4.8,0.0,0.07071067811865475,0,0,16.68424959549877,1.2638979098002647,-0.0,-5.0,0,1.0,0.0,5.72624934852133,0,0.0,0.0,2.5,0.027826474107465846
2026-09-24T15:59:25.147879+00:00,26.659541126403376,89.29697652342573,0.285,-0.052,31.3,2055.7,Sentinel-2,15,3,24,9,3,0,-0.7071067811865471,-0.7071067811865479,-0.8660254037844384,-0.5000000000000004,1,0.010965348580884467,0.8936211742706457,0.4486880408765672,9937.681762139753,0.0,0.0,0.0,0.0,0.0,0,0,0.4,0,0,0.25881904510252074,0.4641016151377546,0,0.0,0.0,0.0,4.8,0.0,0.07071067811865475,0,0,16.68424959549877,1.2638979098002647,-0.0,-5.0,0,1.0,0.0,9.363786864200522,0,0.0,0.0,2.5,0.027826474107465846
2026-09-24T14:59:25.147879+00:00,21.69871288542621,88.08120379564417,0.656,-0.028,21.3,2708.8,Sentinel-2,14,3,24,9,3,0,-0.4999999999999997,-0.8660254037844388,-0.8660254037844384,-0.5000000000000004,1,0.0311104722137967,0.9286198945948283,0.36972588478672225,9809.306593134743,0.0,0.0,0.0,0.0,0.0,0,0,0.4,0,0,0.25881904510252074,0.4641016151377546,0,0.0,0.0,0.0,4.8,0.0,0.07071067811865475,0,0,16.68424959549877,1.2638979098002647,-0.0,-5.0,0,1.0,0.0,9.639676174047766,0,0.0,0.0,2.5,0.027826474107465846
2026-09-24T13:59:25.147879+00:00,21.454599737656807,86.33403756510424,0.337,-0.399,29.3,666.8,Landsat-8,13,3,24,9,3,0,-0.2588190451025208,-0.9659258262890683,-0.8660254037844384,-0.5000000000000004,1,0.05950895389270624,0.9288032517288493,0.3657638636942033,9628.187724664893,0.0,0.0,0.0,0.0,0.0,0,0,0.4,0,0,0.25881904510252074,0.4641016151377546,0,0.0,0.0,0.0,4.8,0.0,0.07071067811865475,0,0,16.68424959549877,1.2638979098002647,-0.0,-5.0,0,1.0,0.0,8.237905313545534,0,0.0,0.0,2.5,0.027826474107465846
2026-09-24T12:59:25.147879+00:00,21.46723607882747,88.71460590187718,0.176,-0.1,33.4,1873.4,Sentinel-2,12,3,24,9,3,0,1.2246467991473532e-16,-1.0,-0.8660254037844384,-0.5000000000000004,1,0.0208762690160507,0.9303928126053239,0.3659691184298535,9874.531025371218,0.0,0.0,0.0,0.0,0.0,0,0,0.4,0,0,0.25881904510252074,0.4641016151377546,0,0.0,0.0,0.0,4.8,0.0,0.07071067811865475,0,0,16.68424959549877,1.2638979098002647,-0.0,-5.0,0,1.0,0.0,9.270925403443925,0,0.0,0.0,2.5,0.027826474107465846
2026-09-24T11:59:25.147879+00:00,22.433937943676305,88.03672076899115,0.37,0.246,28.0,2090.2,MODIS,11,3,24,9,3,0,0.258819045102521,-0.9659258262890682,-0.8660254037844384,-0.5000000000000004,1,0.03166626716387689,0.9237775661690467,0.3816179447650472,9805.763877837702,0.0,0.0,0.0,0.0,0.0,0,0,0.4,0,0,0.25881904510252074,0.4641016151377546,0,0.0,0.0,0.0,4.8,0.0,0.07071067811865475,0,0,16.68424959549877,1.2638979098002647,-0.0,-5.0,0,1.0,0.0,9.380430196829298,0,0.0,0.0,2.5,0.027826474107465846
2026-09-24T10:59:25.147879+00:00,24.198051453057904,81.86570058886036,0.303,0.574,18.2,2383.2,Sentinel-2,10,3,24,9,3,0,0.49999999999999994,-0.8660254037844387,-0.8660254037844384,-0.5000000000000004,1,0.129061379530688,0.9029571957783534,0.40989201371303635,9182.993386208462,0.0,0.0,0.0,0.0,0.0,0,0,0.4,0,0,0.25881904510252074,0.4641016151377546,0,0.0,0.0,0.0,4.8,0.0,0.07071067811865475,0,0,16.68424959549877,1.2638979098002647,-0.0,-5.0,0,1.0,0.0,9.511614564067967,0,0.0,0.0,2.5,0.027826474107465846
2026-09-24T09:59:25.147879+00:00,23.455560149136925,88.92558998489977,0.732,0.447,18.2,1212.2,MODIS,9,3,24,9,3,0,0.7071067811865476,-0.7071067811865475,-0.8660254037844384,-0.5000000000000004,1,0.017201489693343903,0.9172077911176658,0.39803765734586233,9897.947301966544,0.0,0.0,0.0,0.0,0.0,0,0,0.4,0,0,0.25881904510252074,0.4641016151377546,0,0.0,0.0,0.0,4.8,0.0,0.07071067811865475,0,0,16.68424959549877,1.2638979098002647,-0.0,-5.0,0,1.0,0.0,8.835607332186079,0,0.0,0.0,2.5,0.027826474107465846
2026-09-24T08:59:25.147879+00:00,22.329833121584336,85.39342241915651,0.335,-0.376,25.1,883.1,Sentinel-2,8,3,24,9,3,0,0.8660254037844387,-0.4999999999999998,-0.8660254037844384,-0.5000000000000004,1,0.07429081786861282,0.9220239167170566,0.3799378519997063,9533.800139226209,0.0,0.0,0.0,0.0,0.0,0,0,0.4,0,0,0.25881904510252074,0.4641016151377546,0,0.0,0.0,0.0,4.8,0.0,0.07071067811865475,0,0,16.68424959549877,1.2638979098002647,-0.0,-5.0,0,1.0,0.0,8.518853607143651,0,0.0,0.0,2.5,0.027826474107465846
2026-09-24T07:59:25.147879+00:00,24.89482315777904,88.07440155164062,0.692,0.499,36.5,944.6,Landsat-8,7,3,24,9,3,0,0.9659258262890683,-0.25881904510252063,-0.8660254037844384,-0.5000000000000004,1,0.030479505024423068,0.9065698260938048,0.4209538575541444,9813.328392616724,0.0,0.0,0.0,0.0,0.0,0,0,0.4,0,0,0.25881904510252074,0.4641016151377546,0,0.0,0.0,0.0,4.8,0.0,0.07071067811865475,0,0,16.68424959549877,1.2638979098002647,-0.0,-5.0,0,1.0,0.0,8.586176720130911,0,0.0,0.0,2.5,0.027826474107465846
2026-09-24T06:59:25.147879+00:00,21.115950885216336,88.96091299923494,0.769,0.383,22.6,2009.7,Sentinel-2,6,3,24,9,3,0,1.0,6.123233995736766e-17,-0.8660254037844384,-0.5000000000000004,1,0.016916823351703088,0.932699875554372,0.36025652419983506,9899.76117518647,0.0,0.0,0.0,0.0,0.0,0,0,0.4,0,0,0.25881904510252074,0.4641016151377546,0,0.0,0.0,0.0,4.8,0.0,0.07071067811865475,0,0,16.68424959549877,1.2638979098002647,-0.0,-5.0,0,1.0,0.0,9.341155898851227,0,0.0,0.0,2.5,0.027826474107465846
2026-09-24T05:59:25.147879+00:00,22.337157188281743,83.18003474971864,0.425,0.38,30.7,2296.1,Sentinel-2,5,3,24,9,3,0,0.9659258262890683,0.25881904510252074,-0.8660254037844384,-0.5000000000000004,1,0.10983938012522076,0.9184185741030555,0.380056092328774,9306.341894335503,0.0,0.0,0.0,0.0,0.0,0,0,0.4,0,0,0.25881904510252074,0.4641016151377546,0,0.0,0.0,0.0,4.8,0.0,0.07071067811865475,0,0,16.68424959549877,1.2638979098002647,-0.0,-5.0,0,1.0,0.0,9.474382473166871,0,0.0,0.0,2.5,0.027826474107465846
2026-09-24T04:59:25.147879+00:00,22.930894746349534,81.10051924527677,0.782,0.058,22.4,549.4,Sentinel-2,4,3,24,9,3,0,0.8660254037844386,0.5000000000000001,-0.8660254037844384,-0.5000000000000004,1,0.14247622177700275,0.909888073359467,0.3896206105769399,9096.727966032371,0.0,0.0,0.0,0.0,0.0,0,0,0.4,0,0,0.25881904510252074,0.4641016151377546,0,0.0,0.0,0.0,4.8,0.0,0.07071067811865475,0,0,16.68424959549877,1.2638979098002647,-0.0,-5.0,0,1.0,0.0,8.044241936330067,0,0.0,0.0,2.5,0.027826474107465846
2026-09-24T03:59:25.147879+00:00,23.64855987373629,82.27935162541942,0.383,-0.002,24.4,1070.1,Landsat-8,3,3,24,9,3,0,0.7071067811865475,0.7071067811865476,-0.8660254037844384,-0.5000000000000004,1,0.12306157371665624,0.9077192052710238,0.40112553328917006,9221.52560354425,0.0,0.0,0.0,0.0,0.0,0,0,0.4,0,0,0.25881904510252074,0.4641016151377546,0,0.0,0.0,0.0,4.8,0.0,0.07071067811865475,0,0,16.68424959549877,1.2638979098002647,-0.0,-5.0,0,1.0,0.0,8.71092254370185,0,0.0,0.0,2.5,0.027826474107465846
2026-09-24T02:59:25.147879+00:00,26.28140769114411,84.27107788626256,0.823,-0.097,35.0,2530.3,Sentinel-2,2,3,24,9,3,0,0.49999999999999994,0.8660254037844387,-0.8660254037844384,-0.5000000000000004,1,0.08950344015564977,0.8921517669395517,0.4427802603402053,9436.552888542285,0.0,0.0,0.0,0.0,0.0,0,0,0.4,0,0,0.25881904510252074,0.4641016151377546,0,0.0,0.0,0.0,4.8,0.0,0.07071067811865475,0,0,16.68424959549877,1.2638979098002647,-0.0,-5.0,0,1.0,0.0,9.571508314435853,0,0.0,0.0,2.5,0.027826474107465846
2026-09-24T01:59:25.147879+00:00,21.59739025726688,88.18014765922493,0.167,-0.334,32.6,2268.4,Landsat-8,1,3,24,9,3,0,0.25881904510252074,0.9659258262890683,-0.8660254037844384,-0.5000000000000004,1,0.029527513984036895,0.9293242804752256,0.36808220228248845,9819.396259558835,0.0,0.0,0.0,0.0,0.0,0,0,0.4,0,0,0.25881904510252074,0.4641016151377546,0,0.0,0.0,0.0,4.8,0.0,0.07071067811865475,0,0,16.68424959549877,1.2638979098002647,-0.0,-5.0,0,1.0,0.0,9.462245178808768,0,0.0,0.0,2.5,0.027826474107465846
2026-09-24T00:59:25.147879+00:00,24.113875507308894,88.60730583256344,0.615,-0.172,19.9,2758.4,MODIS,0,3,24,9,3,0,0.0,1.0,-0.8660254037844384,-0.5000000000000004,1,0.02218376149690241,0.9124656390204463,0.4085515124593925,9866.19905885105,0.0,0.0,0.0,0.0,0.0,0,0,0.4,0,0,0.25881904510252074,0.4641016151377546,0,0.0,0.0,0.0,4.8,0.0,0.07071067811865475,0,0,16.68424959549877,1.2638979098002647,-0.0,-5.0,0,1.0,0.0,9.657821243138269,0,0.0,0.0,2.5,0.027826474107465846
2026-09-23T23:59:25.147879+00:00,24.73931655089634,80.06952130531191,0.47,-0.153,26.6,2124.2,Sentinel-2,23,2,23,9,3,0,-0.25881904510252157,0.9659258262890681,-0.8660254037844384,-0.5000000000000004,1,0.1566255727917589,0.8946140049551101,0.41849039664708165,9005.556314944539,0.0,0.0,0.0,0.0,0.0,0,0,0.4,0,0,0.25881904510252074,0.4641016151377546,0,0.0,0.0,0.0,4.8,0.0,0.07071067811865475,0,0,16.68424959549877,1.2638979098002647,-0.0,-5.0,0,1.0,0.0,9.396565702556334,0,0.0,0.0,2.5,0.027826474107465846
2026-09-23T22:59:25.147879+00:00,20.371603301759983,85.10747302577566,0.391,0.084,18.6,1131.3,Landsat-8,22,2,23,9,3,0,-0.5000000000000004,0.8660254037844384,-0.8660254037844384,-0.5000000000000004,1,0.07995266526760955,0.9340389492806009,0.34810747269111647,9497.620706299112,0.0,0.0,0.0,0.0,0.0,0,0,0.4,0,0,0.25881904510252074,0.4641016151377546,0,0.0,0.0,0.0,4.8,0.0,0.07071067811865475,0,0,16.68424959549877,1.2638979098002647,-0.0,-5.0,0,1.0,0.0,8.766537855601316,0,0.0,0.0,2.5,0.027826474107465846
2026-09-23T21:59:25.147879+00:00,24.860358815211505,84.17411003148779,0.575,0.347,27.6,1674.3,Landsat-8,21,2,23,9,3,0,-0.7071067811865477,0.7071067811865474,-0.8660254037844384,-0.5000000000000004,1,0.0920998102984722,0.9026486617779007,0.42040815683517685,9419.942793254535,0.0,0.0,0.0,0.0,0.0,0,0,0.4,0,0,0.25881904510252074,0.4641016151377546,0,0.0,0.0,0.0,4.8,0.0,0.07071067811865475,0,0,16.68424959549877,1.2638979098002647,-0.0,-5.0,0,1.0,0.0,9.158565609131392,0,0.0,0.0,2.5,0.027826474107465846
2026-09-23T20:59:25.147879+00:00,21.36419298949833,82.2210781047073,0.628,0.074,31.2,1867.8,Sentinel-2,20,2,23,9,3,0,-0.8660254037844386,0.5000000000000001,-0.8660254037844384,-0.5000000000000004,1,0.12605025400865846,0.922713712933796,0.3642948495769342,9202.335270882384,0.0,0.0,0.0,0.0,0.0,0,0,0.4,0,0,0.25881904510252074,0.4641016151377546,0,0.0,0.0,0.0,4.8,0.0,0.07071067811865475,0,0,16.68424959549877,1.2638979098002647,-0.0,-5.0,0,1.0,0.0,9.267931709344511,0,0.0,0.0,2.5,0.027826474107465846
2026-09-23T19:59:25.147879+00:00,20.52041274388224,81.19865367333682,0.103,-0.342,20.4,265.8,MODIS,19,2,23,9,3,0,-0.9659258262890684,0.2588190451025203,-0.8660254037844384,-0.5000000000000004,1,0.1433002290667324,0.925519316278947,0.3505410668437756,9091.423788368871,0.0,0.0,0.0,0.0,0.0,0,0,0.4,0,0,0.25881904510252074,0.4641016151377546,0,0.0,0.0,0.0,4.8,0.0,0.07071067811865475,0,0,16.68424959549877,1.2638979098002647,-0.0,-5.0,0,1.0,0.0,7.318159308948039,0,0.0,0.0,2.5,0.027826474107465846
2026-09-23T18:59:25.147879+00:00,27.591084298026665,83.37615171403628,0.225,0.558,23.8,1547.4,Landsat-8,18,2,23,9,3,0,-1.0,-1.8369701987210297e-16,-0.8660254037844384,-0.5000000000000004,1,0.10223244096511783,0.8803596286248672,0.463158128830532,9355.080600087102,0.0,0.0,0.0,0.0,0.0,0,0,0.4,0,0,0.25881904510252074,0.4641016151377546,0,0.0,0.0,0.0,4.8,0.0,0.07071067811865475,0,0,16.68424959549877,1.2638979098002647,-0.0,-5.0,0,1.0,0.0,9.079746544784248,0,0.0,0.0,2.5,0.027826474107465846
2026-09-23T17:59:25.147879+00:00,27.725056264596475,89.4290970391252,0.635,0.543,26.0,2000.6,Sentinel-2,17,2,23,9,3,0,-0.9659258262890683,-0.25881904510252063,-0.8660254037844384,-0.5000000000000004,1,0.008820010510761065,0.8851463167594978,0.46522919657055567,9951.350382463508,0.0,0.0,0.0,0.0,0.0,0,0,0.4,0,0,0.25881904510252074,0.4641016151377546,0,0.0,0.0,0.0,4.8,0.0,0.07071067811865475,0,0,16.68424959549877,1.2638979098002647,-0.0,-5.0,0,1.0,0.0,9.336617577219975,0,0.0,0.0,2.5,0.027826474107465846
2026-09-23T16:59:25.147879+00:00,26.46717878493169,83.23202932020756,0.6,0.385,36.4,510.1,MODIS,16,2,23,9,3,0,-0.8660254037844384,-0.5000000000000004,-0.8660254037844384,-0.5000000000000004,1,0.10549710365841351,0.8889517220275523,0.4456850872801727,9334.168318850985,0.0,0.0,0.0,0.0,0.0,0,0,0.4,0,0,0.25881904510252074,0.4641016151377546,0,0.0,0.0,0.0,4.8,0.0,0.07071067811865475,0,0,16.68424959549877,1.2638979098002647,-0.0,-5.0,0,1.0,0.0,7.970021947597775,0,0.0,0.0,2.5,0.027826474107465846
2026-09-23T15:59:25.147879+00:00,22.436910153386965,85.18790621743366,0.825,0.591,37.9,2196.7,Landsat-8,15,2,23,9,3,0,-0.7071067811865471,-0.7071067811865479,-0.8660254037844384,-0.5000000000000004,1,0.0775378722458518,0.9210423575073556,0.3816658932166698,9513.053278156034,0.0,0.0,0.0,0.0,0.0,0,0,0.4,0,0,0.25881904510252074,0.4641016151377546,0,0.0,0.0,0.0,4.8,0.0,0.07071067811865475,0,0,16.68424959549877,1.2638979098002647,-0.0,-5.0,0,1.0,0.0,9.430126675889035,0,0.0,0.0,2.5,0.027826474107465846
2026-09-23T14:59:25.147879+00:00,20.781376912051076,87.03018958895177,0.671,0.144,18.9,1655.4,Landsat-8,14,2,23,9,3,0,-0.4999999999999997,-0.8660254037844388,-0.8660254037844384,-0.5000000000000004,1,0.048439074522522094,0.9336853972388781,0.35480309333809357,9698.817244246247,0.0,0.0,0.0,0.0,0.0,0,0,0.4,0,0,0.25881904510252074,0.4641016151377546,0,0.0,0.0,0.0,4.8,0.0,0.07071067811865475,0,0,16.68424959549877,1.2638979098002647,-0.0,-5.0,0,1.0,0.0,9.14721311312019,0,0.0,0.0,2.5,0.027826474107465846
2026-09-23T13:59:25.147879+00:00,25.47386421209725,83.63629602379294,0.813,0.563,33.2,2668.6,MODIS,13,2,23,9,3,0,-0.2588190451025208,-0.9659258262890683,-0.8660254037844384,-0.5000000000000004,1,0.1000637429482536,0.8972189316548831,0.43009933274449075,9368.968604263764,0.0,0.0,0.0,0.0,0.0,0,0,0.4,0,0,0.25881904510252074,0.4641016151377546,0,0.0,0.0,0.0,4.8,0.0,0.07071067811865475,0,0,16.68424959549877,1.2638979098002647,-0.0,-5.0,0,1.0,0.0,9.624724431977215,0,0.0,0.0,2.5,0.027826474107465846
2026-09-23T12:59:25.147879+00:00,23.52121994991681,89.71782082720961,0.627,-0.324,25.4,166.7,MODIS,12,2,23,9,3,0,1.2246467991473532e-16,-1.0,-0.8660254037844384,-0.5000000000000004,1,0.004515734309065794,0.916901211671202,0.39908868209901877,9978.773556948254,0.0,0.0,0.0,0.0,0.0,0,0,0.4,0,0,0.25881904510252074,0.4641016151377546,0,0.0,0.0,0.0,4.8,0.0,0.07071067811865475,0,0,16.68424959549877,1.2638979098002647,-0.0,-5.0,0,1.0,0.0,6.851610952425642,0,0.0,0.0,2.5,0.027826474107465846
2026-09-23T11:59:25.147879+00:00,20.976305878758232,89.62447294942112,0.324,-0.034,25.8,779.6,Sentinel-2,11,2,23,9,3,0,0.258819045102521,-0.9659258262890682,-0.8660254037844384,-0.5000000000000004,1,0.006119784381859433,0.9337084911335485,0.3579818456629215,9968.554008340661,0.0,0.0,0.0,0.0,0.0,0,0,0.4,0,0,0.25881904510252074,0.4641016151377546,0,0.0,0.0,0.0,4.8,0.0,0.07071067811865475,0,0,16.68424959549877,1.2638979098002647,-0.0,-5.0,0,1.0,0.0,8.3941961303023,0,0.0,0.0,2.5,0.027826474107465846
2026-09-23T10:59:25.147879+00:00,23.96141528089016,82.51782295825365,0.179,-0.175,33.1,1704.3,Sentinel-2,10,2,23,9,3,0,0.49999999999999994,-0.8660254037844387,-0.8660254037844384,-0.5000000000000004,1,0.11899550027638738,0.9060383693834102,0.40612134161974717,9247.622413262125,0.0,0.0,0.0,0.0,0.0,0,0,0.4,0,0,0.25881904510252074,0.4641016151377546,0,0.0,0.0,0.0,4.8,0.0,0.07071067811865475,0,0,16.68424959549877,1.2638979098002647,-0.0,-5.0,0,1.0,0.0,9.176324910900085,0,0.0,0.0,2.5,0.027826474107465846
2026-09-23T09:59:25.147879+00:00,20.275108168921747,84.97248505892385,0.686,-0.204,36.4,865.5,Landsat-8,9,2,23,9,3,0,0.7071067811865476,-0.7071067811865475,-0.8660254037844384,-0.5000000000000004,1,0.08220428314354132,0.9344306776742234,0.3465281582413585,9483.228261757176,0.0,0.0,0.0,0.0,0.0,0,0,0.4,0,0,0.25881904510252074,0.4641016151377546,0,0.0,0.0,0.0,4.8,0.0,0.07071067811865475,0,0,16.68424959549877,1.2638979098002647,-0.0,-5.0,0,1.0,0.0,8.498722537285158,0,0.0,0.0,2.5,0.027826474107465846
2026-09-23T08:59:25.147879+00:00,27.274563216630256,83.0087830981677,0.583,-0.259,37.0,2014.7,MODIS,8,2,23,9,3,0,0.8660254037844387,-0.4999999999999998,-0.8660254037844384,-0.5000000000000004,1,0.1081847664977607,0.8822122243621183,0.45825500268286035,9316.946638779656,0.0,0.0,0.0,0.0,0.0,0,0,0.4,0,0,0.25881904510252074,0.4641016151377546,0,0.0,0.0,0.0,4.8,0.0,0.07071067811865475,0,0,16.68424959549877,1.2638979098002647,-0.0,-5.0,0,1.0,0.0,9.343640742590757,0,0.0,0.0,2.5,0.027826474107465846
2026-09-23T07:59:25.147879+00:00,22.070239852800132,82.84840494377468,0.136,0.222,29.5,2137.3,MODIS,7,2,23,9,3,0,0.9659258262890683,-0.25881904510252063,-0.8660254037844384,-0.5000000000000004,1,0.11537251776998499,0.9195142243574334,0.37574296180735345,9270.864581583404,0.0,0.0,0.0,0.0,0.0,0,0,0.4,0,0,0.25881904510252074,0.4641016151377546,0,0.0,0.0,0.0,4.8,0.0,0.07071067811865475,0,0,16.68424959549877,1.2638979098002647,-0.0,-5.0,0,1.0,0.0,9.40271379185066,0,0.0,0.0,2.5,0.027826474107465846
2026-09-23T06:59:25.147879+00:00,25.300178274831858,80.36886947354533,0.37,0.381,25.1,331.9,MODIS,6,2,23,9,3,0,1.0,6.123233995736766e-17,-0.8660254037844384,-0.5000000000000004,1,0.15125680536526176,0.8913384492315304,0.42736067642241715,9040.173412746066,0.0,0.0,0.0,0.0,0.0,0,0,0.4,0,0,0.25881904510252074,0.4641016151377546,0,0.0,0.0,0.0,4.8,0.0,0.07071067811865475,0,0,16.68424959549877,1.2638979098002647,-0.0,-5.0,0,1.0,0.0,7.540248881394823,0,0.0,0.0,2.5,0.027826474107465846
2026-09-23T05:59:25.147879+00:00,22.49368860871529,86.09564333979897,0.818,0.178,33.8,1463.1,Landsat-8,5,2,23,9,3,0,0.9659258262890683,0.25881904510252074,-0.8660254037844384,-0.5000000000000004,1,0.06291089204897944,0.9217773552812769,0.382581660501724,9606.473249568959,0.0,0.0,0.0,0.0,0.0,0,0,0.4,0,0,0.25881904510252074,0.4641016151377546,0,0.0,0.0,0.0,4.8,0.0,0.07071067811865475,0,0,16.68424959549877,1.2638979098002647,-0.0,-5.0,0,1.0,0.0,9.02372791405301,0,0.0,0.0,2.5,0.027826474107465846
2026-09-23T04:59:25.147879+00:00,24.160544169422487,85.02679023228862,0.475,-0.253,23.0,1449.4,MODIS,4,2,23,9,3,0,0.8660254037844386,0.5000000000000001,-0.8660254037844384,-0.5000000000000004,1,0.07909608604724655,0.9089673040295302,0.4092948196316369,9503.095311185789,0.0,0.0,0.0,0.0,0.0,0,0,0.4,0,0,0.25881904510252074,0.4641016151377546,0,0.0,0.0,0.0,4.8,0.0,0.07071067811865475,0,0,16.68424959549877,1.2638979098002647,-0.0,-5.0,0,1.0,0.0,9.014320119344076,0,0.0,0.0,2.5,0.027826474107465846
2026-09-23T03:59:25.147879+00:00,24.37368223474624,80.5147875124999,0.425,0.411,29.3,1065.5,MODIS,3,2,23,9,3,0,0.7071067811865475,0.7071067811865476,-0.8660254037844384,-0.5000000000000004,1,0.15010559123899436,0.8984200078478013,0.41268608042621036,9047.592506577681,0.0,0.0,0.0,0.0,0.0,0,0,0.4,0,0,0.25881904510252074,0.4641016151377546,0,0.0,0.0,0.0,4.8,0.0,0.07071067811865475,0,0,16.68424959549877,1.2638979098002647,-0.0,-5.0,0,1.0,0.0,8.706614614207567,0,0.0,0.0,2.5,0.027826474107465846
2026-09-23T02:59:25.147879+00:00,21.478835644204217,82.78646464236611,0.443,0.236,25.2,2615.5,Landsat-8,2,2,23,9,3,0,0.49999999999999994,0.8660254037844387,-0.8660254037844384,-0.5000000000000004,1,0.11684729607049571,0.9231876202577253,0.36615751692938353,9261.404785585792,0.0,0.0,0.0,0.0,0.0,0,0,0.4,0,0,0.25881904510252074,0.4641016151377546,0,0.0,0.0,0.0,4.8,0.0,0.07071067811865475,0,0,16.68424959549877,1.2638979098002647,-0.0,-5.0,0,1.0,0.0,9.60462572547956,0,0.0,0.0,2.5,0.027826474107465846
2026-09-23T01:59:25.147879+00:00,27.75667702211647,89.08265885966654,0.257,-0.012,31.1,2325.6,Sentinel-2,1,2,23,9,3,0,0.25881904510252074,0.9659258262890683,-0.8660254037844384,-0.5000000000000004,1,0.014167729498355788,0.8848199510781013,0.465717650100367,9917.277773449889,0.0,0.0,0.0,0.0,0.0,0,0,0.4,0,0,0.25881904510252074,0.4641016151377546,0,0.0,0.0,0.0,4.8,0.0,0.07071067811865475,0,0,16.68424959549877,1.2638979098002647,-0.0,-5.0,0,1.0,0.0,9.48714851191356,0,0.0,0.0,2.5,0.027826474107465846
2026-09-23T00:59:25.147879+00:00,26.20106258688892,82.39561890666972,0.377,0.274,22.8,1967.3,Sentinel-2,0,2,23,9,3,0,0.0,1.0,-0.8660254037844384,-0.5000000000000004,1,0.11873507492451567,0.8893592469891511,0.44152249294635,9249.29343004042,0.0,0.0,0.0,0.0,0.0,0,0,0.4,0,0,0.25881904510252074,0.4641016151377546,0,0.0,0.0,0.0,4.8,0.0,0.07071067811865475,0,0,16.68424959549877,1.2638979098002647,-0.0,-5.0,0,1.0,0.0,9.319832485951114,0,0.0,0.0,2.5,0.027826474107465846
2026-09-22T23:59:25.147879+00:00,27.515991532513517,81.44894872091223,0.377,-0.14,21.8,2014.4,Landsat-8,23,1,22,9,3,0,-0.25881904510252157,0.9659258262890681,-0.8660254037844384,-0.5000000000000004,1,0.13187098586200408,0.877023139517249,0.46199616431209817,9164.939063339154,0.0,0.0,0.0,0.0,0.0,0,0,0.4,0,0,0.25881904510252074,0.4641016151377546,0,0.0,0.0,0.0,4.8,0.0,0.07071067811865475,0,0,16.68424959549877,1.2638979098002647,-0.0,-5.0,0,1.0,0.0,9.343491825958978,0,0.0,0.0,2.5,0.027826474107465846
2026-09-22T22:59:25.147879+00:00,27.15861880342119,84.89452760277563,0.139,-0.055,36.4,1319.7,MODIS,22,1,22,9,3,0,-0.5000000000000004,0.8660254037844384,-0.8660254037844384,-0.5000000000000004,1,0.07917801356447932,0.88621626918207,0.45645543747993195,9502.57170882315,0.0,0.0,0.0,0.0,0.0,0,0,0.4,0,0,0.25881904510252074,0.4641016151377546,0,0.0,0.0,0.0,4.8,0.0,0.07071067811865475,0,0,16.68424959549877,1.2638979098002647,-0.0,-5.0,0,1.0,0.0,8.920574879691678,0,0.0,0.0,2.5,0.027826474107465846
2026-09-22T21:59:25.147879+00:00,24.78319983048868,89.856504541106,0.676,0.517,20.0,2582.7,Landsat-8,21,1,22,9,3,0,-0.7071067811865477,0.7071067811865474,-0.8660254037844384,-0.5000000000000004,1,0.0022738053975637847,0.9078975831841735,0.41918588747398305,9993.056971339458,0.0,0.0,0.0,0.0,0.0,0,0,0.4,0,0,0.25881904510252074,0.4641016151377546,0,0.0,0.0,0.0,4.8,0.0,0.07071067811865475,0,0,16.68424959549877,1.2638979098002647,-0.0,-5.0,0,1.0,0.0,9.592005805000912,0,0.0,0.0,2.5,0.027826474107465846
2026-09-22T20:59:25.147879+00:00,27.37499388018493,82.42055271511501,0.412,-0.109,28.1,1960.1,Sentinel-2,20,1,22,9,3,0,-0.8660254037844386,0.5000000000000001,-0.8660254037844384,-0.5000000000000004,1,0.11713005859614269,0.8802574802965962,0.4598122635980383,9259.590849681557,0.0,0.0,0.0,0.0,0.0,0,0,0.4,0,0,0.25881904510252074,0.4641016151377546,0,0.0,0.0,0.0,4.8,0.0,0.07071067811865475,0,0,16.68424959549877,1.2638979098002647,-0.0,-5.0,0,1.0,0.0,9.316165934000123,0,0.0,0.0,2.5,0.027826474107465846
2026-09-22T19:59:25.147879+00:00,20.70794001641536,86.72135547405878,0.717,0.07,22.4,2054.7,Sentinel-2,19,1,22,9,3,0,-0.9659258262890684,0.2588190451025203,-0.8660254037844384,-0.5000000000000004,1,0.0534970359811569,0.9338639854558837,0.35360447368448833,9666.551000132524,0.0,0.0,0.0,0.0,0.0,0,0,0.4,0,0,0.25881904510252074,0.4641016151377546,0,0.0,0.0,0.0,4.8,0.0,0.07071067811865475,0,0,16.68424959549877,1.2638979098002647,-0.0,-5.0,0,1.0,0.0,9.363300293540863,0,0.0,0.0,2.5,0.027826474107465846
2026-09-22T18:59:25.147879+00:00,21.56786289935316,87.61619615328718,0.738,0.49,18.8,2419.6,Landsat-8,18,1,22,9,3,0,-1.0,-1.8369701987210297e-16,-0.8660254037844384,-0.5000000000000004,1,0.03868098357646912,0.9291780384045567,0.36760298483039683,9761.045356411394,0.0,0.0,0.0,0.0,0.0,0,0,0.4,0,0,0.25881904510252074,0.4641016151377546,0,0.0,0.0,0.0,4.8,0.0,0.07071067811865475,0,0,16.68424959549877,1.2638979098002647,-0.0,-5.0,0,1.0,0.0,9.526772678901654,0,0.0,0.0,2.5,0.027826474107465846
2026-09-22T17:59:25.147879+00:00,20.361818311284303,82.37637543992399,0.259,0.308,18.7,803.7,Landsat-8,17,1,22,9,3,0,-0.9659258262890683,-0.25881904510252063,-0.8660254037844384,-0.5000000000000004,1,0.12437538198104603,0.9292273095860705,0.3479473688311237,9213.090526773707,0.0,0.0,0.0,0.0,0.0,0,0,0.4,0,0,0.25881904510252074,0.4641016151377546,0,0.0,0.0,0.0,4.8,0.0,0.07071067811865475,0,0,16.68424959549877,1.2638979098002647,-0.0,-5.0,0,1.0,0.0,8.424641227887568,0,0.0,0.0,2.5,0.027826474107465846
2026-09-22T16:59:25.147879+00:00,22.60264264610612,87.28216348611859,0.593,-0.338,21.5,2269.4,Sentinel-2,16,1,22,9,3,0,-0.8660254037844384,-0.5000000000000004,-0.8660254037844384,-0.5000000000000004,1,0.04377539569570452,0.9221540493712503,0.38433790336094886,9728.561202029052,0.0,0.0,0.0,0.0,0.0,0,0,0.4,0,0,0.25881904510252074,0.4641016151377546,0,0.0,0.0,0.0,4.8,0.0,0.07071067811865475,0,0,16.68424959549877,1.2638979098002647,-0.0,-5.0,0,1.0,0.0,9.462685921025784,0,0.0,0.0,2.5,0.027826474107465846
2026-09-22T15:59:25.147879+00:00,23.109418317515857,83.67783132719254,0.454,-0.253,35.3,586.9,Landsat-8,15,1,22,9,3,0,-0.7071067811865471,-0.7071067811865479,-0.8660254037844384,-0.5000000000000004,1,0.10128261224609768,0.9141634193488819,0.39248831215842184,9361.163534199797,0.0,0.0,0.0,0.0,0.0,0,0,0.4,0,0,0.25881904510252074,0.4641016151377546,0,0.0,0.0,0.0,4.8,0.0,0.07071067811865475,0,0,16.68424959549877,1.2638979098002647,-0.0,-5.0,0,1.0,0.0,8.110269610233184,0,0.0,0.0,2.5,0.027826474107465846
2026-09-22T14:59:25.147879+00:00,22.170792254191166,86.32305830593579,0.76,-0.392,23.6,999.7,Sentinel-2,14,1,22,9,3,0,-0.4999999999999997,-0.8660254037844388,-0.8660254037844384,-0.5000000000000004,1,0.05938907199989982,0.9241567835202754,0.3773687554640015,9628.95284544037,0.0,0.0,0.0,0.0,0.0,0,0,0.4,0,0,0.25881904510252074,0.4641016151377546,0,0.0,0.0,0.0,4.8,0.0,0.07071067811865475,0,0,16.68424959549877,1.2638979098002647,-0.0,-5.0,0,1.0,0.0,8.64287039664203,0,0.0,0.0,2.5,0.027826474107465846
2026-09-22T13:59:25.147879+00:00,26.629900073215435,86.33529710760895,0.262,0.231,37.0,972.9,Landsat-8,13,1,22,9,3,0,-0.2588190451025208,-0.9659258262890683,-0.8660254037844384,-0.5000000000000004,1,0.05713718662614955,0.8920925471361553,0.44822564546060395,9643.324023108918,0.0,0.0,0.0,0.0,0.0,0,0,0.4,0,0,0.25881904510252074,0.4641016151377546,0,0.0,0.0,0.0,4.8,0.0,0.07071067811865475,0,0,16.68424959549877,1.2638979098002647,-0.0,-5.0,0,1.0,0.0,8.615696464650277,0,0.0,0.0,2.5,0.027826474107465846
2026-09-22T12:59:25.147879+00:00,22.854026613548715,85.35774684074758,0.608,0.048,29.6,2740.9,Landsat-8,12,1,22,9,3,0,1.2246467991473532e-16,-1.0,-0.8660254037844384,-0.5000000000000004,1,0.07458045051020476,0.9184743319518327,0.3883846777968069,9531.949756365173,0.0,0.0,0.0,0.0,0.0,0,0,0.4,0,0,0.25881904510252074,0.4641016151377546,0,0.0,0.0,0.0,4.8,0.0,0.07071067811865475,0,0,16.68424959549877,1.2638979098002647,-0.0,-5.0,0,1.0,0.0,9.65145677527077,0,0.0,0.0,2.5,0.027826474107465846
2026-09-22T11:59:25.147879+00:00,22.247476077499044,80.90289770054409,0.556,-0.266,26.7,2405.5,Landsat-8,11,1,22,9,3,0,0.258819045102521,-0.9659258262890682,-0.8660254037844384,-0.5000000000000004,1,0.1463381146306039,0.9139153434446468,0.3786078462245778,9071.863206401411,0.0,0.0,0.0,0.0,0.0,0,0,0.4,0,0,0.25881904510252074,0.4641016151377546,0,0.0,0.0,0.0,4.8,0.0,0.07071067811865475,0,0,16.68424959549877,1.2638979098002647,-0.0,-5.0,0,1.0,0.0,9.520928223808403,0,0.0,0.0,2.5,0.027826474107465846
2026-09-22T10:59:25.147879+00:00,24.34156866526599,88.35302495589238,0.321,0.558,29.6,1978.2,Sentinel-2,10,1,22,9,3,0,0.49999999999999994,-0.8660254037844387,-0.8660254037844384,-0.5000000000000004,1,0.02618621671660476,0.9107280898696086,0.4121754825029324,9840.691938762682,0.0,0.0,0.0,0.0,0.0,0,0,0.4,0,0,0.25881904510252074,0.4641016151377546,0,0.0,0.0,0.0,4.8,0.0,0.07071067811865475,0,0,16.68424959549877,1.2638979098002647,-0.0,-5.0,0,1.0,0.0,9.325357781974635,0,0.0,0.0,2.5,0.027826474107465846
2026-09-22T09:59:25.147879+00:00,21.1273937997981,83.20780064971736,0.202,0.13,28.3,2049.4,Landsat-8,9,1,22,9,3,0,0.7071067811865476,-0.7071067811865475,-0.8660254037844384,-0.5000000000000004,1,0.11031890552373709,0.9262346950205984,0.36044282323850446,9303.268158359808,0.0,0.0,0.0,0.0,0.0,0,0,0.4,0,0,0.25881904510252074,0.4641016151377546,0,0.0,0.0,0.0,4.8,0.0,0.07071067811865475,0,0,16.68424959549877,1.2638979098002647,-0.0,-5.0,0,1.0,0.0,9.360717509034512,0,0.0,0.0,2.5,0.027826474107465846
2026-09-22T08:59:25.147879+00:00,26.41757584603232,81.86518510399854,0.589,-0.158,33.2,1595.7,Sentinel-2,8,1,22,9,3,0,0.8660254037844387,-0.4999999999999998,-0.8660254037844384,-0.5000000000000004,1,0.12672639660413088,0.8865639177870432,0.4449099235596137,9197.99274290191,0.0,0.0,0.0,0.0,0.0,0,0,0.4,0,0,0.25881904510252074,0.4641016151377546,0,0.0,0.0,0.0,4.8,0.0,0.07071067811865475,0,0,16.68424959549877,1.2638979098002647,-0.0,-5.0,0,1.0,0.0,9.110482953085276,0,0.0,0.0,2.5,0.027826474107465846
2026-09-22T07:59:25.147879+00:00,20.59640514943817,80.40775141554764,0.654,0.101,23.6,2654.5,Sentinel-2,7,1,22,9,3,0,0.9659258262890683,-0.25881904510252063,-0.8660254037844384,-0.5000000000000004,1,0.1559842884689633,0.9229938681901168,0.351782917485026,9009.692779354518,0.0,0.0,0.0,0.0,0.0,0,0,0.4,0,0,0.25881904510252074,0.4641016151377546,0,0.0,0.0,0.0,4.8,0.0,0.07071067811865475,0,0,16.68424959549877,1.2638979098002647,-0.0,-5.0,0,1.0,0.0,9.61942675469262,0,0.0,0.0,2.5,0.027826474107465846
2026-09-22T06:59:25.147879+00:00,27.89509549280414,85.90892943188241,0.337,0.28,25.1,1414.7,Landsat-8,6,1,22,9,3,0,1.0,6.123233995736766e-17,-0.8660254037844384,-0.5000000000000004,1,0.06305245991937733,0.8815536682675533,0.46785416238624605,9605.569526489551,0.0,0.0,0.0,0.0,0.0,0,0,0.4,0,0,0.25881904510252074,0.4641016151377546,0,0.0,0.0,0.0,4.8,0.0,0.07071067811865475,0,0,16.68424959549877,1.2638979098002647,-0.0,-5.0,0,1.0,0.0,8.990087936133783,0,0.0,0.0,2.5,0.027826474107465846
2026-09-22T05:59:25.147879+00:00,26.177958154373258,86.77564361842282,0.584,-0.324,35.9,1096.4,Landsat-8,5,1,22,9,3,0,0.9659258262890683,0.25881904510252074,-0.8660254037844384,-0.5000000000000004,1,0.05047668653396099,0.8960074730524439,0.44116064234100294,9685.819709603182,0.0,0.0,0.0,0.0,0.0,0,0,0.4,0,0,0.25881904510252074,0.4641016151377546,0,0.0,0.0,0.0,4.8,0.0,0.07071067811865475,0,0,16.68424959549877,1.2638979098002647,-0.0,-5.0,0,1.0,0.0,8.735202527097526,0,0.0,0.0,2.5,0.027826474107465846
2026-09-22T04:59:25.147879+00:00,21.589725452273377,80.16587828927857,0.396,-0.125,36.9,498.3,Sentinel-2,4,1,22,9,3,0,0.8660254037844386,0.5000000000000001,-0.8660254037844384,-0.5000000000000004,1,0.15881366994732285,0.9161797120105523,0.36795781488932183,8991.439254848437,0.0,0.0,0.0,0.0,0.0,0,0,0.4,0,0,0.25881904510252074,0.4641016151377546,0,0.0,0.0,0.0,4.8,0.0,0.07071067811865475,0,0,16.68424959549877,1.2638979098002647,-0.0,-5.0,0,1.0,0.0,7.946617467956253,0,0.0,0.0,2.5,0.027826474107465846
2026-09-22T03:59:25.147879+00:00,20.04417693698882,85.12093058299281,0.635,0.407,35.9,2212.1,Sentinel-2,3,1,22,9,3,0,0.7071067811865475,0.7071067811865476,-0.8660254037844384,-0.5000000000000004,1,0.07990117177876342,0.9360245502312458,0.3427445756139324,9497.949824255053,0.0,0.0,0.0,0.0,0.0,0,0,0.4,0,0,0.25881904510252074,0.4641016151377546,0,0.0,0.0,0.0,4.8,0.0,0.07071067811865475,0,0,16.68424959549877,1.2638979098002647,-0.0,-5.0,0,1.0,0.0,9.437112732245872,0,0.0,0.0,2.5,0.027826474107465846
2026-09-22T02:59:25.147879+00:00,26.523691427638678,82.26495775197938,0.249,0.06,26.4,2069.7,MODIS,2,1,22,9,3,0,0.49999999999999994,0.8660254037844387,-0.8660254037844384,-0.5000000000000004,1,0.12042638519724723,0.8866085178587918,0.44656782442151016,9238.440213465594,0.0,0.0,0.0,0.0,0.0,0,0,0.4,0,0,0.25881904510252074,0.4641016151377546,0,0.0,0.0,0.0,4.8,0.0,0.07071067811865475,0,0,16.68424959549877,1.2638979098002647,-0.0,-5.0,0,1.0,0.0,9.370574110889066,0,0.0,0.0,2.5,0.027826474107465846
2026-09-22T01:59:25.147879+00:00,25.65485875078094,86.4517279040945,0.768,0.147,33.6,1107.0,Sentinel-2,1,1,22,9,3,0,0.25881904510252074,0.9659258262890683,-0.8660254037844384,-0.5000000000000004,1,0.055788292357230686,0.8996903960106211,0.4329490244383467,9651.93156070016,0.0,0.0,0.0,0.0,0.0,0,0,0.4,0,0,0.25881904510252074,0.4641016151377546,0,0.0,0.0,0.0,4.8,0.0,0.07071067811865475,0,0,16.68424959549877,1.2638979098002647,-0.0,-5.0,0,1.0,0.0,8.744824095377531,0,0.0,0.0,2.5,0.027826474107465846
2026-09-22T00:59:25.147879+00:00,25.8320573443279,81.74366429004992,0.316,0.033,27.5,119.3,MODIS,0,1,22,9,3,0,0.0,1.0,-0.8660254037844384,-0.5000000000000004,1,0.12925263700694972,0.8907462996018265,0.43573476516385845,9181.764592642274,0.0,0.0,0.0,0.0,0.0,0,0,0.4,0,0,0.25881904510252074,0.4641016151377546,0,0.0,0.0,0.0,4.8,0.0,0.07071067811865475,0,0,16.68424959549877,1.2638979098002647,-0.0,-5.0,0,1.0,0.0,6.517056491772765,0,0.0,0.0,2.5,0.027826474107465846
2026-09-21T23:59:25.147879+00:00,26.170162773487565,86.90937738102465,0.376,-0.356,28.0,2357.2,MODIS,23,0,21,9,3,0,-0.25881904510252157,0.9659258262890681,-0.8660254037844384,-0.5000000000000004,1,0.048388420507958496,0.8961827761218482,0.4410385386145777,9699.14033984563,0.0,0.0,0.0,0.0,0.0,0,0,0.4,0,0,0.25881904510252074,0.4641016151377546,0,0.0,0.0,0.0,4.8,0.0,0.07071067811865475,0,0,16.68424959549877,1.2638979098002647,-0.0,-5.0,0,1.0,0.0,9.500644915632652,0,0.0,0.0,2.5,0.027826474107465846
2026-09-21T22:59:25.147879+00:00,20.592357213872724,83.86735346300537,0.144,-0.234,22.1,81.4,MODIS,22,0,21,9,3,0,-0.5000000000000004,0.8660254037844384,-0.8660254037844384,-0.5000000000000004,1,0.10000483112788364,0.9307493425035246,0.3517167826253678,9369.345823607195,0.0,0.0,0.0,0.0,0.0,0,0,0.4,0,0,0.25881904510252074,0.4641016151377546,0,0.0,0.0,0.0,4.8,0.0,0.07071067811865475,0,0,16.68424959549877,1.2638979098002647,-0.0,-5.0,0,1.0,0.0,6.134790435677389,0,0.0,0.0,2.5,0.027826474107465846
2026-09-21T21:59:25.147879+00:00,22.86772582835418,89.36729988736735,0.184,0.046,29.8,1985.2,Landsat-8,21,0,21,9,3,0,-0.7071067811865477,0.7071067811865474,-0.8660254037844384,-0.5000000000000004,1,0.010174586257206289,0.9213482712335946,0.388604993392212,9942.719990489131,0.0,0.0,0.0,0.0,0.0,0,0,0.4,0,0,0.25881904510252074,0.4641016151377546,0,0.0,0.0,0.0,4.8,0.0,0.07071067811865475,0,0,16.68424959549877,1.2638979098002647,-0.0,-5.0,0,1.0,0.0,9.32889010638218,0,0.0,0.0,2.5,0.027826474107465846
2026-09-21T20:59:25.147879+00:00,20.92695247620104,81.37520944145993,0.487,-0.191,21.7,2718.2,Landsat-8,20,0,21,9,3,0,-0.8660254037844386,0.5000000000000001,-0.8660254037844384,-0.5000000000000004,1,0.14007105647180657,0.9234740878282882,0.35717741844716766,9112.206519024397,0.0,0.0,0.0,0.0,0.0,0,0,0.4,0,0,0.25881904510252074,0.4641016151377546,0,0.0,0.0,0.0,4.8,0.0,0.07071067811865475,0,0,16.68424959549877,1.2638979098002647,-0.0,-5.0,0,1.0,0.0,9.643140338190141,0,0.0,0.0,2.5,0.027826474107465846
2026-09-21T19:59:25.147879+00:00,26.90482740700475,83.41066351050259,0.301,-0.35,24.6,1253.6,Sentinel-2,19,0,21,9,3,0,-0.9659258262890684,0.2588190451025203,-0.8660254037844384,-0.5000000000000004,1,0.10233141494904203,0.8858685689084075,0.452509845345598,9354.446712380084,0.0,0.0,0.0,0.0,0.0,0,0,0.4,0,0,0.25881904510252074,0.4641016151377546,0,0.0,0.0,0.0,4.8,0.0,0.07071067811865475,0,0,16.68424959549877,1.2638979098002647,-0.0,-5.0,0,1.0,0.0,8.869189853710706,0,0.0,0.0,2.5,0.027826474107465846
2026-09-21T18:59:25.147879+00:00,24.986385014620463,81.13473521240589,0.727,0.444,35.1,696.2,MODIS,18,0,21,9,3,0,-1.0,-1.8369701987210297e-16,-0.8660254037844384,-0.5000000000000004,1,0.13968784671067672,0.8955797599018257,0.42240288722441605,9114.672189568266,0.0,0.0,0.0,0.0,0.0,0,0,0.4,0,0,0.25881904510252074,0.4641016151377546,0,0.0,0.0,0.0,4.8,0.0,0.07071067811865475,0,0,16.68424959549877,1.2638979098002647,-0.0,-5.0,0,1.0,0.0,8.281052138046233,0,0.0,0.0,2.5,0.027826474107465846
2026-09-21T17:59:25.147879+00:00,22.647184198821197,89.24693618278563,0.111,0.581,22.1,1988.4,Landsat-8,17,0,21,9,3,0,-0.9659258262890683,-0.25881904510252063,-0.8660254037844384,-0.5000000000000004,1,0.012129648025033449,0.9228137155387545,0.3850554739934853,9930.263515353381,0.0,0.0,0.0,0.0,0.0,0,0,0.4,0,0,0.25881904510252074,0.4641016151377546,0,0.0,0.0,0.0,4.8,0.0,0.07071067811865475,0,0,16.68424959549877,1.2638979098002647,-0.0,-5.0,0,1.0,0.0,9.330500736889412,0,0.0,0.0,2.5,0.027826474107465846
2026-09-21T16:59:25.147879+00:00,20.50846680228819,88.77339353380981,0.384,0.393,19.4,2297.1,Landsat-8,16,0,21,9,3,0,-0.8660254037844384,-0.5000000000000004,-0.8660254037844384,-0.5000000000000004,1,0.020049939584427922,0.9364058016508529,0.35034579283514233,9879.79667291059,0.0,0.0,0.0,0.0,0.0,0,0,0.4,0,0,0.25881904510252074,0.4641016151377546,0,0.0,0.0,0.0,4.8,0.0,0.07071067811865475,0,0,16.68424959549877,1.2638979098002647,-0.0,-5.0,0,1.0,0.0,9.474817899456081,0,0.0,0.0,2.5,0.027826474107465846
2026-09-21T15:59:25.147879+00:00,22.487858573725298,82.57941627715155,0.353,0.454,19.4,1552.7,Landsat-8,15,0,21,9,3,0,-0.7071067811865471,-0.7071067811865479,-0.8660254037844384,-0.5000000000000004,1,0.11933122135558163,0.9162222764885577,0.3824876464356857,9245.468184647854,0.0,0.0,0.0,0.0,0.0,0,0,0.4,0,0,0.25881904510252074,0.4641016151377546,0,0.0,0.0,0.0,4.8,0.0,0.07071067811865475,0,0,16.68424959549877,1.2638979098002647,-0.0,-5.0,0,1.0,0.0,9.083165792656018,0,0.0,0.0,2.5,0.027826474107465846
2026-09-21T14:59:25.147879+00:00,22.601466576213976,86.5998404603418,0.114,-0.158,36.8,2709.3,Landsat-8,14,0,21,9,3,0,-0.4999999999999997,-0.8660254037844388,-0.8660254037844384,-0.5000000000000004,1,0.05475423275080928,0.921575236174066,0.38431895356147183,9658.52964073711,0.0,0.0,0.0,0.0,0.0,0,0,0.4,0,0,0.25881904510252074,0.4641016151377546,0,0.0,0.0,0.0,4.8,0.0,0.07071067811865475,0,0,16.68424959549877,1.2638979098002647,-0.0,-5.0,0,1.0,0.0,9.639860740593758,0,0.0,0.0,2.5,0.027826474107465846
2026-09-21T13:59:25.147879+00:00,25.83684942670451,88.17222200201216,0.193,0.561,28.1,192.1,Landsat-8,13,0,21,9,3,0,-0.2588190451025208,-0.9659258262890683,-0.8660254037844384,-0.5000000000000004,1,0.028707033659066947,0.8995807423251565,0.43581004377620497,9824.625757151312,0.0,0.0,0.0,0.0,0.0,0,0,0.4,0,0,0.25881904510252074,0.4641016151377546,0,0.0,0.0,0.0,4.8,0.0,0.07071067811865475,0,0,16.68424959549877,1.2638979098002647,-0.0,-5.0,0,1.0,0.0,6.993431232443405,0,0.0,0.0,2.5,0.027826474107465846
2026-09-21T12:59:25.147879+00:00,25.100459770841702,85.55200811599462,0.41,-0.203,26.2,1438.2,MODIS,12,0,21,9,3,0,1.2246467991473532e-16,-1.0,-0.8660254037844384,-0.5000000000000004,1,0.07023035343007368,0.9028379600214499,0.4242066894821367,9559.737181267263,0.0,0.0,0.0,0.0,0.0,0,0,0.4,0,0,0.25881904510252074,0.4641016151377546,0,0.0,0.0,0.0,4.8,0.0,0.07071067811865475,0,0,16.68424959549877,1.2638979098002647,-0.0,-5.0,0,1.0,0.0,9.006562773337288,0,0.0,0.0,2.5,0.027826474107465846
2026-09-21T11:59:25.147879+00:00,27.09770194061061,85.29650578356006,0.47,0.551,34.2,2025.7,MODIS,11,0,21,9,3,0,0.258819045102521,-0.9659258262890682,-0.8660254037844384,-0.5000000000000004,1,0.07299831520259388,0.8872331222670611,0.45550920158634023,9542.057095632237,0.0,0.0,0.0,0.0,0.0,0,0,0.4,0,0,0.25881904510252074,0.4641016151377546,0,0.0,0.0,0.0,4.8,0.0,0.07071067811865475,0,0,16.68424959549877,1.2638979098002647,-0.0,-5.0,0,1.0,0.0,9.349085761488656,0,0.0,0.0,2.5,0.027826474107465846
2026-09-21T10:59:25.147879+00:00,23.777719401295595,82.41852290900452,0.403,0.595,34.7,2422.3,MODIS,10,0,21,9,3,0,0.49999999999999994,-0.8660254037844387,-0.8660254037844384,-0.5000000000000004,1,0.12073675667372587,0.9071168008413113,0.40318946566017116,9236.448302648594,0.0,0.0,0.0,0.0,0.0,0,0,0.4,0,0,0.25881904510252074,0.4641016151377546,0,0.0,0.0,0.0,4.8,0.0,0.07071067811865475,0,0,16.68424959549877,1.2638979098002647,-0.0,-5.0,0,1.0,0.0,9.52788794368608,0,0.0,0.0,2.5,0.027826474107465846
2026-09-21T09:59:25.147879+00:00,20.956753967506412,80.931027678059,0.498,0.312,24.6,543.0,MODIS,9,0,21,9,3,0,0.7071067811865476,-0.7071067811865475,-0.8660254037844384,-0.5000000000000004,1,0.14719664457400344,0.9221768741330323,0.357663194416736,9066.333632384949,0.0,0.0,0.0,0.0,0.0,0,0,0.4,0,0,0.25881904510252074,0.4641016151377546,0,0.0,0.0,0.0,4.8,0.0,0.07071067811865475,0,0,16.68424959549877,1.2638979098002647,-0.0,-5.0,0,1.0,0.0,8.03252448260283,0,0.0,0.0,2.5,0.027826474107465846
2026-09-21T08:59:25.147879+00:00,25.70595829778396,88.97215757953327,0.546,0.581,31.9,2250.0,Sentinel-2,8,0,21,9,3,0,0.8660254037844387,-0.4999999999999998,-0.8660254037844384,-0.5000000000000004,1,0.016162955880961095,0.9008869399962278,0.4337527869667505,9904.564722049598,0.0,0.0,0.0,0.0,0.0,0,0,0.4,0,0,0.25881904510252074,0.4641016151377546,0,0.0,0.0,0.0,4.8,0.0,0.07071067811865475,0,0,16.68424959549877,1.2638979098002647,-0.0,-5.0,0,1.0,0.0,9.454100657867361,0,0.0,0.0,2.5,0.027826474107465846
2026-09-21T07:59:25.147879+00:00,26.08628038893518,89.0041805716333,0.107,0.17,33.4,1569.9,MODIS,7,0,21,9,3,0,0.9659258262890683,-0.25881904510252063,-0.8660254037844384,-0.5000000000000004,1,0.015609058215861914,0.8979972458090931,0.4397241224005081,9908.094049486948,0.0,0.0,0.0,0.0,0.0,0,0,0.4,0,0,0.25881904510252074,0.4641016151377546,0,0.0,0.0,0.0,4.8,0.0,0.07071067811865475,0,0,16.68424959549877,1.2638979098002647,-0.0,-5.0,0,1.0,0.0,9.094182364715166,0,0.0,0.0,2.5,0.027826474107465846
2026-09-21T06:59:25.147879+00:00,24.49021758055597,86.33101457273268,0.448,-0.14,31.1,1140.5,Landsat-8,6,0,21,9,3,0,1.0,6.123233995736766e-17,-0.8660254037844384,-0.5000000000000004,1,0.05823488145615323,0.9081668622083222,0.4145378739855722,9636.318943952963,0.0,0.0,0.0,0.0,0.0,0,0,0.4,0,0,0.25881904510252074,0.4641016151377546,0,0.0,0.0,0.0,4.8,0.0,0.07071067811865475,0,0,16.68424959549877,1.2638979098002647,-0.0,-5.0,0,1.0,0.0,8.774637204393338,0,0.0,0.0,2.5,0.027826474107465846
2026-09-21T05:59:25.147879+00:00,26.16773743963649,83.390297910487,0.823,0.037,21.0,412.2,MODIS,5,0,21,9,3,0,0.9659258262890683,0.25881904510252074,-0.8660254037844384,-0.5000000000000004,1,0.10330784726679934,0.8915413651683068,0.4410005474905122,9348.192715748915,0.0,0.0,0.0,0.0,0.0,0,0,0.4,0,0,0.25881904510252074,0.4641016151377546,0,0.0,0.0,0.0,4.8,0.0,0.07071067811865475,0,0,16.68424959549877,1.2638979098002647,-0.0,-5.0,0,1.0,0.0,7.756923831125253,0,0.0,0.0,2.5,0.027826474107465846
2026-09-21T04:59:25.147879+00:00,23.95036477091513,83.49209574612661,0.489,0.194,35.5,2429.6,Sentinel-2,4,0,21,9,3,0,0.8660254037844386,0.5000000000000001,-0.8660254037844384,-0.5000000000000004,1,0.10358139619268683,0.9080085242222793,0.4059450877919969,9346.440535465312,0.0,0.0,0.0,0.0,0.0,0,0,0.4,0,0,0.25881904510252074,0.4641016151377546,0,0.0,0.0,0.0,4.8,0.0,0.07071067811865475,0,0,16.68424959549877,1.2638979098002647,-0.0,-5.0,0,1.0,0.0,9.530897076400434,0,0.0,0.0,2.5,0.027826474107465846
2026-09-21T03:59:25.147879+00:00,24.181862635055957,87.2595567887024,0.608,-0.327,28.8,482.5,Landsat-8,3,0,21,9,3,0,0.7071067811865475,0.7071067811865476,-0.8660254037844384,-0.5000000000000004,1,0.0436160534924904,0.9112065628494275,0.4096342755408446,9729.577341736373,0.0,0.0,0.0,0.0,0.0,0,0,0.4,0,0,0.25881904510252074,0.4641016151377546,0,0.0,0.0,0.0,4.8,0.0,0.07071067811865475,0,0,16.68424959549877,1.2638979098002647,-0.0,-5.0,0,1.0,0.0,7.914396083447935,0,0.0,0.0,2.5,0.027826474107465846
2026-09-21T02:59:25.147879+00:00,23.4203281468684,88.97110259952578,0.334,0.222,23.6,901.9,MODIS,2,0,21,9,3,0,0.49999999999999994,0.8660254037844387,-0.8660254037844384,-0.5000000000000004,1,0.01647729688862119,0.917465711876613,0.3974734786347187,9902.56178872661,0.0,0.0,0.0,0.0,0.0,0,0,0.4,0,0,0.25881904510252074,0.4641016151377546,0,0.0,0.0,0.0,4.8,0.0,0.07071067811865475,0,0,16.68424959549877,1.2638979098002647,-0.0,-5.0,0,1.0,0.0,8.539918811840558,0,0.0,0.0,2.5,0.027826474107465846
2026-09-21T01:59:25.147879+00:00,20.20335301395276,88.87086424265118,0.68,0.581,26.5,847.6,MODIS,1,0,21,9,3,0,0.25881904510252074,0.9659258262890683,-0.8660254037844384,-0.5000000000000004,1,0.01849341489671819,0.9382905818853262,0.3453531200825524,9889.715134715772,0.0,0.0,0.0,0.0,0.0,0,0,0.4,0,0,0.25881904510252074,0.4641016151377546,0,0.0,0.0,0.0,4.8,0.0,0.07071067811865475,0,0,16.68424959549877,1.2638979098002647,-0.0,-5.0,0,1.0,0.0,8.477823989063038,0,0.0,0.0,2.5,0.027826474107465846
2026-09-21T00:59:25.147879+00:00,20.863131415946437,87.79875545857624,0.68,-0.21,18.8,2446.4,MODIS,0,0,21,9,3,0,0.0,1.0,-0.8660254037844384,-0.5000000000000004,1,0.03589114981606692,0.933744298786047,0.3561367853078842,9778.83176117679,0.0,0.0,0.0,0.0,0.0,0,0,0.4,0,0,0.25881904510252074,0.4641016151377546,0,0.0,0.0,0.0,4.8,0.0,0.07071067811865475,0,0,16.68424959549877,1.2638979098002647,-0.0,-5.0,0,1.0,0.0,9.537787997843692,0,0.0,0.0,2.5,0.027826474107465846
