timestamp,latitude,longitude,temperature,humidity,pressure,wind_speed,wind_direction,visibility,hour,day_of_week,day_of_month,month,quarter,is_weekend,hour_sin,hour_cos,month_sin,month_cos,is_monsoon_season,geo_x,geo_y,geo_z,dist_to_origin_km,rain_intensity_mm_per_h,rain_rolling_3h,rain_rolling_6h,rain_rolling_24h,antecedent_precipitation_index,is_heavy_rain,is_extreme_rain,soil_saturation_ratio,is_soil_supersaturated,is_soil_dry,temp_air_soil_delta,gravitational_shear_index,slope_friction_ratio,is_critical_fos,pore_pressure_impact,displacement_velocity,crack_dilation_rate,seismic_energy_log10_j,arias_intensity_proxy,depth_attenuation_factor,is_strong_motion,is_major_quake,dew_point_c,vapor_pressure_deficit_kpa,wind_u,wind_v,is_low_pressure_system,aspect_northness,aspect_eastness,topographic_wetness_index,is_steep_slope,landslide_susceptibility_index,flood_potential_index,fire_danger_index,cyclone_power_dissipation_index
2026-09-25T03:59:25.147879+00:00,22.9963209507789,80.31429185686734,32.3,33.5,984.6,59.9,60.8,8.5,3,4,25,9,3,0,0.7071067811865475,0.7071067811865476,-0.8660254037844384,-0.5000000000000004,1,0.15487317958197877,0.9074082160279219,0.39067202066591905,9016.85874164063,0.0,0.0,0.0,0.0,0.0,0,0,0.4,0,0,12.299999999999997,0.25881904510252074,0.4641016151377546,0,0.0,0.0,0.0,4.8,0.0,0.07071067811865475,0,0,14.182099176000882,3.2059774332824564,-52.2880324284616,-29.22279358241009,1,1.0,0.0,6.340585348656986,0,0.0,0.0,12.839651741293533,5.980515875003479
2026-09-25T02:59:25.147879+00:00,27.60571445127933,86.3641041126378,17.3,66.1,1020.6,46.5,100.3,1.7,2,4,25,9,3,0,0.49999999999999994,0.8660254037844387,-0.8660254037844384,-0.5000000000000004,1,0.05619635386867884,0.8843737048603737,0.4633844192065619,9649.327715878902,0.0,0.0,0.0,0.0,0.0,0,0,0.4,0,0,-2.6999999999999993,0.25881904510252074,0.4641016151377546,0,0.0,0.0,0.0,4.8,0.0,0.07071067811865475,0,0,10.906581495343843,0.6682301416675487,-45.75065426390969,8.31430300291025,0,1.0,0.0,6.340585348656986,0,0.0,0.0,2.9007816439737777,2.7978024042073635
2026-09-25T01:59:25.147879+00:00,25.85595153449124,83.14355981076326,19.4,66.8,1002.7,27.7,63.7,5.7,1,4,25,9,3,0,0.25881904510252074,0.9659258262890683,-0.8660254037844384,-0.5000000000000004,1,0.1074311081414237,0.8934576366307428,0.4361100876495673,9321.776345070812,0.0,0.0,0.0,0.0,0.0,0,0,0.4,0,0,-0.6000000000000014,0.25881904510252074,0.4641016151377546,0,0.0,0.0,0.0,4.8,0.0,0.07071067811865475,0,0,13.063449145388018,0.7463982200474533,-24.832674121621302,-12.273071985829775,1,1.0,0.0,6.340585348656986,0,0.0,0.0,2.308832335329341,0.5914220163063137
2026-09-25T00:59:25.147879+00:00,24.789267873576293,85.08570691164702,39.3,73.3,1017.2,69.5,31.9,2.9,0,4,25,9,3,0,0.0,1.0,-0.8660254037844384,-0.5000000000000004,1,0.07777191375222667,0.9045187127293907,0.41928203843437206,9511.557683467407,0.0,0.0,0.0,0.0,0.0,0,0,0.4,0,0,19.299999999999997,0.25881904510252074,0.4641016151377546,0,0.0,0.0,0.0,4.8,0.0,0.07071067811865475,0,0,33.613507021826635,1.8902236320512635,-36.72646426320313,-59.00353229022534,0,1.0,0.0,6.340585348656986,0,0.0,0.0,7.997612551159617,9.341413445752288
2026-09-24T23:59:25.147879+00:00,21.24814912353949,89.07566473926093,31.4,79.4,994.4,58.8,43.4,1.9,23,3,24,9,3,0,-0.25881904510252157,0.9659258262890681,-0.8660254037844384,-0.5000000000000004,1,0.015035334138100119,0.9318982941038232,0.36240793061650867,9911.749674776755,0.0,0.0,0.0,0.0,0.0,0,0,0.4,0,0,11.399999999999999,0.25881904510252074,0.4641016151377546,0,0.0,0.0,0.0,4.8,0.0,0.07071067811865475,0,0,27.39149426218722,0.9438921733132029,-40.40074563530007,-42.722590653093384,1,1.0,0.0,6.340585348656986,0,0.0,0.0,5.193786733837111,5.6570518407212615
2026-09-24T22:59:25.147879+00:00,21.247956162689626,82.49292229148875,15.2,96.4,1020.3,15.5,165.9,14.9,22,3,24,9,3,0,-0.5000000000000004,0.8660254037844384,-0.8660254037844384,-0.5000000000000004,1,0.12176727175808955,0.9240321955647548,0.36240479175691126,9229.83408945447,0.0,0.0,0.0,0.0,0.0,0,0,0.4,0,0,-4.800000000000001,0.25881904510252074,0.4641016151377546,0,0.0,0.0,0.0,4.8,0.0,0.07071067811865475,0,0,14.630051067264525,0.062083234256458564,-3.776032682683348,15.033016236913575,0,1.0,0.0,6.340585348656986,0,0.0,0.0,0.932918395573997,0.10362231126693938
2026-09-24T21:59:25.147879+00:00,20.4646688973456,84.1038292303563,17.7,65.1,997.5,77.6,74.3,5.5,21,3,24,9,3,0,-0.7071067811865477,0.7071067811865474,-0.8660254037844384,-0.5000000000000004,1,0.09624280728718161,0.9319315318121218,0.34962972136217857,9393.429916865192,0.0,0.0,0.0,0.0,0.0,0,0,0.4,0,0,-2.3000000000000007,0.25881904510252074,0.4641016151377546,0,0.0,0.0,0.0,4.8,0.0,0.07071067811865475,0,0,11.056756840397918,0.7055073682391604,-74.70487952269474,-20.998594607727025,1,1.0,0.0,6.340585348656986,0,0.0,0.0,4.42273425499232,13.002993460778585
2026-09-24T20:59:25.147879+00:00,26.92940916619948,87.55551138543049,32.9,52.0,980.5,70.3,131.1,12.3,20,3,24,9,3,0,-0.8660254037844386,0.5000000000000001,-0.8660254037844384,-0.5000000000000004,1,0.03802653244605058,0.8907538711952696,0.45289239757449073,9765.217934721368,0.0,0.0,0.0,0.0,0.0,0,0,0.4,0,0,12.899999999999999,0.25881904510252074,0.4641016151377546,0,0.0,0.0,0.0,4.8,0.0,0.07071067811865475,0,0,21.717609809817677,2.3934308099599013,-52.97550647880515,46.21347977932491,1,1.0,0.0,6.340585348656986,0,0.0,0.0,9.52201923076923,9.66772204135014
2026-09-24T19:59:25.147879+00:00,24.80892009394567,82.28798165491622,15.1,84.1,1020.7,80.8,181.2,4.6,19,3,24,9,3,0,-0.9659258262890684,0.2588190451025203,-0.8660254037844384,-0.5000000000000004,1,0.1218095723995341,0.8995019748717025,0.4195934047071639,9229.562570906593,0.0,0.0,0.0,0.0,0.0,0,0,0.4,0,0,-4.9,0.25881904510252074,0.4641016151377546,0,0.0,0.0,0.0,4.8,0.0,0.07071067811865475,0,0,12.43263430755444,0.2724459758567419,1.6921475265752348,80.7822792247675,0,1.0,0.0,6.340585348656986,0,0.0,0.0,3.01640903686088,14.678857778890833
2026-09-24T18:59:25.147879+00:00,25.66458062236836,80.76979909828793,19.3,48.4,984.1,62.2,248.5,10.5,18,3,24,9,3,0,-1.0,-1.8369701987210297e-16,-0.8660254037844384,-0.5000000000000004,1,0.14457706994605857,0.8896741845782724,0.4331019696801189,9083.203432784892,0.0,0.0,0.0,0.0,0.0,0,0,0.4,0,0,-0.6999999999999993,0.25881904510252074,0.4641016151377546,0,0.0,0.0,0.0,4.8,0.0,0.07071067811865475,0,0,8.131655497356114,1.1528798131467881,57.87197272848193,22.796376302251286,1,1.0,0.0,6.340585348656986,0,0.0,0.0,5.46301652892562,6.696214152544733
2026-09-24T17:59:25.147879+00:00,20.16467595436642,82.89751452913768,29.8,59.9,994.4,52.9,14.2,11.6,17,3,24,9,3,0,-0.9659258262890683,-0.25881904510252063,-0.8660254037844384,-0.5000000000000004,1,0.11606582256625664,0.9315026400958856,0.3447195328472315,9266.417662098404,0.0,0.0,0.0,0.0,0.0,0,0,0.4,0,0,9.8,0.25881904510252074,0.4641016151377546,0,0.0,0.0,0.0,4.8,0.0,0.07071067811865475,0,0,21.155340122776764,1.6771534453774621,-12.976760712988654,-51.28365900945285,1,1.0,0.0,6.340585348656986,0,0.0,0.0,6.044574290484141,4.119316832234188
2026-09-24T16:59:25.147879+00:00,27.759278817295957,81.61221287254004,33.7,35.3,1022.8,36.7,287.8,9.3,16,3,24,9,3,0,-0.8660254037844384,-0.5000000000000004,-0.8660254037844384,-0.5000000000000004,1,0.1290840545597395,0.8754467125991686,0.4657578343492753,9182.847704994147,0.0,0.0,0.0,0.0,0.0,0,0,0.4,0,0,13.700000000000003,0.25881904510252074,0.4641016151377546,0,0.0,0.0,0.0,4.8,0.0,0.07071067811865475,0,0,16.21945983441043,3.3736833755130036,34.943148713636496,-11.21901769214598,0,1.0,0.0,6.340585348656986,0,0.0,0.0,9.021671388101986,1.375486629379192
2026-09-24T15:59:25.147879+00:00,26.659541126403376,89.29697652342573,32.6,31.7,1022.8,79.4,226.0,7.6,15,3,24,9,3,0,-0.7071067811865471,-0.7071067811865479,-0.8660254037844384,-0.5000000000000004,1,0.010965348580884467,0.8936211742706457,0.4486880408765672,9937.681762139753,0.0,0.0,0.0,0.0,0.0,0,0,0.4,0,0,12.600000000000001,0.25881904510252074,0.4641016151377546,0,0.0,0.0,0.0,4.8,0.0,0.07071067811865475,0,0,13.590721507887903,3.348791096060842,57.11558014688891,55.155874614444386,0,1.0,0.0,6.340585348656986,0,0.0,0.0,17.037013669821242,13.928991958148986
2026-09-24T14:59:25.147879+00:00,21.69871288542621,88.08120379564417,21.1,95.5,1005.8,73.9,29.4,6.8,14,3,24,9,3,0,-0.4999999999999997,-0.8660254037844388,-0.8660254037844384,-0.5000000000000004,1,0.0311104722137967,0.9286198945948283,0.36972588478672225,9809.306593134743,0.0,0.0,0.0,0.0,0.0,0,0,0.4,0,0,1.1000000000000014,0.25881904510252074,0.4641016151377546,0,0.0,0.0,0.0,4.8,0.0,0.07071067811865475,0,0,20.3509330227415,0.11235567868789831,-36.277787392158906,-64.38270064178201,0,1.0,0.0,6.340585348656986,0,0.0,0.0,3.457748691099477,11.230303559006042
2026-09-24T13:59:25.147879+00:00,21.454599737656807,86.33403756510424,34.2,86.8,1008.4,5.8,314.5,5.9,13,3,24,9,3,0,-0.2588190451025208,-0.9659258262890683,-0.8660254037844384,-0.5000000000000004,1,0.05950895389270624,0.9288032517288493,0.3657638636942033,9628.187724664893,0.0,0.0,0.0,0.0,0.0,0,0,0.4,0,0,14.200000000000003,0.25881904510252074,0.4641016151377546,0,0.0,0.0,0.0,4.8,0.0,0.07071067811865475,0,0,31.674221802880176,0.7077073226634925,4.136852605094251,-4.065273732939136,0,1.0,0.0,6.340585348656986,0,0.0,0.0,1.6942396313364059,0.005429279016055875
2026-09-24T12:59:25.147879+00:00,21.46723607882747,88.71460590187718,21.4,77.3,1000.2,4.2,331.5,14.0,12,3,24,9,3,0,1.2246467991473532e-16,-1.0,-0.8660254037844384,-0.5000000000000004,1,0.0208762690160507,0.9303928126053239,0.3659691184298535,9874.531025371218,0.0,0.0,0.0,0.0,0.0,0,0,0.4,0,0,1.3999999999999986,0.25881904510252074,0.4641016151377546,0,0.0,0.0,0.0,4.8,0.0,0.07071067811865475,0,0,17.256671037370207,0.5772774049130875,2.004066793090357,-3.691031873180254,1,1.0,0.0,6.340585348656986,0,0.0,0.0,1.1166019836136265,0.00206160781367393
2026-09-24T11:59:25.147879+00:00,22.433937943676305,88.03672076899115,23.8,57.8,993.2,33.2,22.0,12.6,11,3,24,9,3,0,0.258819045102521,-0.9659258262890682,-0.8660254037844384,-0.5000000000000004,1,0.03166626716387689,0.9237775661690467,0.3816179447650472,9805.763877837702,0.0,0.0,0.0,0.0,0.0,0,0,0.4,0,0,3.8000000000000007,0.25881904510252074,0.4641016151377546,0,0.0,0.0,0.0,4.8,0.0,0.07071067811865475,0,0,14.976530619454662,1.2411430036337374,-12.43693890140828,-30.782503971617345,1,1.0,0.0,6.340585348656986,0,0.0,0.0,3.650980392156863,1.0182922336310767
2026-09-24T10:59:25.147879+00:00,24.198051453057904,81.86570058886036,35.2,41.8,994.8,69.3,99.7,14.5,10,3,24,9,3,0,0.49999999999999994,-0.8660254037844387,-0.8660254037844384,-0.5000000000000004,1,0.129061379530688,0.9029571957783534,0.40989201371303635,9182.993386208462,0.0,0.0,0.0,0.0,0.0,0,0,0.4,0,0,15.200000000000003,0.25881904510252074,0.4641016151377546,0,0.0,0.0,0.0,4.8,0.0,0.07071067811865475,0,0,20.242540341825098,3.2978385112977597,-68.30925040785755,11.676314003854683,1,1.0,0.0,6.340585348656986,0,0.0,0.0,12.533333333333335,9.261000000000001
2026-09-24T09:59:25.147879+00:00,23.455560149136925,88.92558998489977,32.5,40.6,1010.3,83.9,290.2,2.7,9,3,24,9,3,0,0.7071067811865476,-0.7071067811865475,-0.8660254037844384,-0.5000000000000004,1,0.017201489693343903,0.9172077911176658,0.39803765734586233,9897.947301966544,0.0,0.0,0.0,0.0,0.0,0,0,0.4,0,0,12.5,0.25881904510252074,0.4641016151377546,0,0.0,0.0,0.0,4.8,0.0,0.07071067811865475,0,0,17.366617037883213,2.8960947086069773,78.73956460952675,-28.97051889597706,0,1.0,0.0,6.340585348656986,0,0.0,0.0,13.861863711001641,16.43402952388903
2026-09-24T08:59:25.147879+00:00,22.329833121584336,85.39342241915651,37.9,47.0,1013.9,14.5,269.4,11.2,8,3,24,9,3,0,0.8660254037844387,-0.4999999999999998,-0.8660254037844384,-0.5000000000000004,1,0.07429081786861282,0.9220239167170566,0.3799378519997063,9533.800139226209,0.0,0.0,0.0,0.0,0.0,0,0,0.4,0,0,17.9,0.25881904510252074,0.4641016151377546,0,0.0,0.0,0.0,4.8,0.0,0.07071067811865475,0,0,24.60395502891134,3.4800323643666156,14.499204955799925,0.1518408696855701,0,1.0,0.0,6.340585348656986,0,0.0,0.0,4.636702127659574,0.08483248462587306
2026-09-24T07:59:25.147879+00:00,24.89482315777904,88.07440155164062,32.8,67.3,1015.6,51.3,66.4,14.1,7,3,24,9,3,0,0.9659258262890683,-0.25881904510252063,-0.8660254037844384,-0.5000000000000004,1,0.030479505024423068,0.9065698260938048,0.4209538575541444,9813.328392616724,0.0,0.0,0.0,0.0,0.0,0,0,0.4,0,0,12.799999999999997,0.25881904510252074,0.4641016151377546,0,0.0,0.0,0.0,4.8,0.0,0.07071067811865475,0,0,25.920899026847447,1.6214059620608694,-47.00940802654289,-20.53790537016871,0,1.0,0.0,6.340585348656986,0,0.0,0.0,5.791579990094106,3.7567325319308784
2026-09-24T06:59:25.147879+00:00,21.115950885216336,88.96091299923494,30.3,78.6,1015.5,33.6,75.4,3.5,6,3,24,9,3,0,1.0,6.123233995736766e-17,-0.8660254037844384,-0.5000000000000004,1,0.016916823351703088,0.932699875554372,0.36025652419983506,9899.76117518647,0.0,0.0,0.0,0.0,0.0,0,0,0.4,0,0,10.3,0.25881904510252074,0.4641016151377546,0,0.0,0.0,0.0,4.8,0.0,0.07071067811865475,0,0,26.15210653328696,0.9210355268110337,-32.51502812819424,-8.469530436968618,0,1.0,0.0,6.340585348656986,0,0.0,0.0,3.4437659033078885,1.0555432006010521
2026-09-24T05:59:25.147879+00:00,22.337157188281743,83.18003474971864,17.5,74.9,984.1,82.5,133.4,1.9,5,3,24,9,3,0,0.9659258262890683,0.25881904510252074,-0.8660254037844384,-0.5000000000000004,1,0.10983938012522076,0.9184185741030555,0.380056092328774,9306.341894335503,0.0,0.0,0.0,0.0,0.0,0,0,0.4,0,0,-2.5,0.25881904510252074,0.4641016151377546,0,0.0,0.0,0.0,4.8,0.0,0.07071067811865475,0,0,12.99568922497508,0.5010479125752489,-59.942410355105515,56.684719641364886,1,1.0,0.0,6.340585348656986,0,0.0,0.0,3.9914330218068534,15.625
2026-09-24T04:59:25.147879+00:00,22.930894746349534,81.10051924527677,24.9,49.0,1002.2,71.9,174.4,11.4,4,3,24,9,3,0,0.8660254037844386,0.5000000000000001,-0.8660254037844384,-0.5000000000000004,1,0.14247622177700275,0.909888073359467,0.3896206105769399,9096.727966032371,0.0,0.0,0.0,0.0,0.0,0,0,0.4,0,0,4.899999999999999,0.25881904510252074,0.4641016151377546,0,0.0,0.0,0.0,4.8,0.0,0.07071067811865475,0,0,13.439821527780552,1.6019089659043906,-7.016210492682834,71.55685005869367,1,1.0,0.0,6.340585348656986,0,0.0,0.0,7.783367346938776,10.342960152489084
2026-09-24T03:59:25.147879+00:00,23.64855987373629,82.27935162541942,22.2,94.9,982.6,71.6,222.6,9.0,3,3,24,9,3,0,0.7071067811865475,0.7071067811865476,-0.8660254037844384,-0.5000000000000004,1,0.12306157371665624,0.9077192052710238,0.40112553328917006,9221.52560354425,0.0,0.0,0.0,0.0,0.0,0,0,0.4,0,0,2.1999999999999993,0.25881904510252074,0.4641016151377546,0,0.0,0.0,0.0,4.8,0.0,0.07071067811865475,0,0,21.341497452048124,0.1361785455171427,48.4643194292785,52.70455143777298,1,1.0,0.0,6.340585348656986,0,0.0,0.0,3.5713382507903058,10.214032779586494
2026-09-24T02:59:25.147879+00:00,26.28140769114411,84.27107788626256,21.6,80.2,1004.7,40.9,132.8,12.8,2,3,24,9,3,0,0.49999999999999994,0.8660254037844387,-0.8660254037844384,-0.5000000000000004,1,0.08950344015564977,0.8921517669395517,0.4427802603402053,9436.552888542285,0.0,0.0,0.0,0.0,0.0,0,0,0.4,0,0,1.6000000000000014,0.25881904510252074,0.4641016151377546,0,0.0,0.0,0.0,4.8,0.0,0.07071067811865475,0,0,18.035736544718215,0.5097193230798309,-30.009551458167643,27.78914934429603,1,1.0,0.0,6.340585348656986,0,0.0,0.0,2.733665835411472,1.9038297298049358
2026-09-24T01:59:25.147879+00:00,21.59739025726688,88.18014765922493,41.3,67.7,999.9,36.4,166.5,3.0,1,3,24,9,3,0,0.25881904510252074,0.9659258262890683,-0.8660254037844384,-0.5000000000000004,1,0.029527513984036895,0.9293242804752256,0.36808220228248845,9819.396259558835,0.0,0.0,0.0,0.0,0.0,0,0,0.4,0,0,21.299999999999997,0.25881904510252074,0.4641016151377546,0,0.0,0.0,0.0,4.8,0.0,0.07071067811865475,0,0,34.094219252191124,2.5429728022951457,-8.49741124435496,35.39426510247542,1,1.0,0.0,6.340585348656986,0,0.0,0.0,5.734416543574592,1.3420303308567771
2026-09-24T00:59:25.147879+00:00,24.113875507308894,88.60730583256344,25.6,71.6,1019.9,24.7,269.1,12.1,0,3,24,9,3,0,0.0,1.0,-0.8660254037844384,-0.5000000000000004,1,0.02218376149690241,0.9124656390204463,0.4085515124593925,9866.19905885105,0.0,0.0,0.0,0.0,0.0,0,0,0.4,0,0,5.600000000000001,0.25881904510252074,0.4641016151377546,0,0.0,0.0,0.0,4.8,0.0,0.07071067811865475,0,0,20.07646978173621,0.9298977778838524,24.696952822297014,0.387970737601973,0,1.0,0.0,6.340585348656986,0,0.0,0.0,2.663687150837989,0.41932334362912865
2026-09-23T23:59:25.147879+00:00,24.73931655089634,80.06952130531191,39.1,58.5,995.8,6.7,13.2,3.8,23,2,23,9,3,0,-0.25881904510252157,0.9659258262890681,-0.8660254037844384,-0.5000000000000004,1,0.1566255727917589,0.8946140049551101,0.41849039664708165,9005.556314944539,0.0,0.0,0.0,0.0,0.0,0,0,0.4,0,0,19.1,0.25881904510252074,0.4641016151377546,0,0.0,0.0,0.0,4.8,0.0,0.07071067811865475,0,0,29.4424179005666,2.906696097154729,-1.5299508297413933,-6.522978649250174,1,1.0,0.0,6.340585348656986,0,0.0,0.0,2.9742735042735045,0.00836917383198375
2026-09-23T22:59:25.147879+00:00,20.371603301759983,85.10747302577566,32.0,46.8,985.3,73.8,90.9,3.3,22,2,23,9,3,0,-0.5000000000000004,0.8660254037844384,-0.8660254037844384,-0.5000000000000004,1,0.07995266526760955,0.9340389492806009,0.34810747269111647,9497.620706299112,0.0,0.0,0.0,0.0,0.0,0,0,0.4,0,0,12.0,0.25881904510252074,0.4641016151377546,0,0.0,0.0,0.0,4.8,0.0,0.07071067811865475,0,0,19.18540704860528,2.5217707756016647,-73.79089547714655,1.1592000176123711,1,1.0,0.0,6.340585348656986,0,0.0,0.0,10.68945868945869,11.18477535687453
2026-09-23T21:59:25.147879+00:00,24.860358815211505,84.17411003148779,36.5,54.2,986.4,69.5,256.8,3.3,21,2,23,9,3,0,-0.7071067811865477,0.7071067811865474,-0.8660254037844384,-0.5000000000000004,1,0.0920998102984722,0.9026486617779007,0.42040815683517685,9419.942793254535,0.0,0.0,0.0,0.0,0.0,0,0,0.4,0,0,16.5,0.25881904510252074,0.4641016151377546,0,0.0,0.0,0.0,4.8,0.0,0.07071067811865475,0,0,25.722994519079062,2.787048437776726,67.66373374968464,15.870385472690579,1,1.0,0.0,6.340585348656986,0,0.0,0.0,10.045356703567032,9.341413445752288
2026-09-23T20:59:25.147879+00:00,21.36419298949833,82.2210781047073,28.6,81.5,1014.3,85.0,322.3,12.4,20,2,23,9,3,0,-0.8660254037844386,0.5000000000000001,-0.8660254037844384,-0.5000000000000004,1,0.12605025400865846,0.922713712933796,0.3642948495769342,9202.335270882384,0.0,0.0,0.0,0.0,0.0,0,0,0.4,0,0,8.600000000000001,0.25881904510252074,0.4641016151377546,0,0.0,0.0,0.0,4.8,0.0,0.07071067811865475,0,0,25.112362287317247,0.7220505620104185,51.979798415795656,-67.25400030223665,0,1.0,0.0,6.340585348656986,0,0.0,0.0,6.141104294478528,17.08893341124746
2026-09-23T19:59:25.147879+00:00,20.52041274388224,81.19865367333682,30.6,31.0,1007.8,84.7,184.2,10.3,19,2,23,9,3,0,-0.9659258262890684,0.2588190451025203,-0.8660254037844384,-0.5000000000000004,1,0.1433002290667324,0.925519316278947,0.3505410668437756,9091.423788368871,0.0,0.0,0.0,0.0,0.0,0,0,0.4,0,0,10.600000000000001,0.25881904510252074,0.4641016151377546,0,0.0,0.0,0.0,4.8,0.0,0.07071067811865475,0,0,11.522920589542766,3.0209947067976772,6.203275296710384,84.4725362209116,0,1.0,0.0,6.340585348656986,0,0.0,0.0,17.224838709677417,16.908629629629633
2026-09-23T18:59:25.147879+00:00,27.591084298026665,83.37615171403628,28.3,37.9,984.6,48.1,191.6,8.3,18,2,23,9,3,0,-1.0,-1.8369701987210297e-16,-0.8660254037844384,-0.5000000000000004,1,0.10223244096511783,0.8803596286248672,0.463158128830532,9355.080600087102,0.0,0.0,0.0,0.0,0.0,0,0,0.4,0,0,8.3,0.25881904510252074,0.4641016151377546,0,0.0,0.0,0.0,4.8,0.0,0.07071067811865475,0,0,12.566251137148551,2.38197394666789,9.671848007120886,47.117569505728454,1,1.0,0.0,6.340585348656986,0,0.0,0.0,8.475065963060686,3.0966591813451316
2026-09-23T17:59:25.147879+00:00,27.725056264596475,89.4290970391252,20.3,33.1,983.8,65.8,38.6,6.0,17,2,23,9,3,0,-0.9659258262890683,-0.25881904510252063,-0.8660254037844384,-0.5000000000000004,1,0.008820010510761065,0.8851463167594978,0.46522919657055567,9951.350382463508,0.0,0.0,0.0,0.0,0.0,0,0,0.4,0,0,0.3000000000000007,0.25881904510252074,0.4641016151377546,0,0.0,0.0,0.0,4.8,0.0,0.07071067811865475,0,0,3.5368958189661988,1.5901866770676751,-41.05127746347761,-51.42404708515827,1,1.0,0.0,6.340585348656986,0,0.0,0.0,8.770090634441088,7.9274928903358655
2026-09-23T16:59:25.147879+00:00,26.46717878493169,83.23202932020756,34.5,32.8,1011.5,80.4,161.1,13.3,16,2,23,9,3,0,-0.8660254037844384,-0.5000000000000004,-0.8660254037844384,-0.5000000000000004,1,0.10549710365841351,0.8889517220275523,0.4456850872801727,9334.168318850985,0.0,0.0,0.0,0.0,0.0,0,0,0.4,0,0,14.5,0.25881904510252074,0.4641016151377546,0,0.0,0.0,0.0,4.8,0.0,0.07071067811865475,0,0,15.764793611780606,3.663325931881401,-26.042960423131216,76.06526284973465,0,1.0,0.0,6.340585348656986,0,0.0,0.0,17.600609756097562,14.461932381667921
2026-09-23T15:59:25.147879+00:00,22.436910153386965,85.18790621743366,22.6,88.2,983.3,72.5,191.7,6.5,15,2,23,9,3,0,-0.7071067811865471,-0.7071067811865479,-0.8660254037844384,-0.5000000000000004,1,0.0775378722458518,0.9210423575073556,0.3816658932166698,9513.053278156034,0.0,0.0,0.0,0.0,0.0,0,0,0.4,0,0,2.6000000000000014,0.25881904510252074,0.4641016151377546,0,0.0,0.0,0.0,4.8,0.0,0.07071067811865475,0,0,20.543895574317133,0.322820873966259,14.702078913347128,70.99365377007803,1,1.0,0.0,6.340585348656986,0,0.0,0.0,3.9503023431594864,10.60406057823413
2026-09-23T14:59:25.147879+00:00,20.781376912051076,87.03018958895177,15.7,77.8,1017.0,22.5,87.3,12.4,14,2,23,9,3,0,-0.4999999999999997,-0.8660254037844388,-0.8660254037844384,-0.5000000000000004,1,0.048439074522522094,0.9336853972388781,0.35480309333809357,9698.817244246247,0.0,0.0,0.0,0.0,0.0,0,0,0.4,0,0,-4.300000000000001,0.25881904510252074,0.4641016151377546,0,0.0,0.0,0.0,4.8,0.0,0.07071067811865475,0,0,11.833329855869914,0.39530707901017337,-22.475022186644324,-1.0598951409669604,0,1.0,0.0,6.340585348656986,0,0.0,0.0,1.4294130248500427,0.31696093163035305
2026-09-23T13:59:25.147879+00:00,25.47386421209725,83.63629602379294,32.4,62.2,1011.8,39.4,96.9,7.1,13,2,23,9,3,0,-0.2588190451025208,-0.9659258262890683,-0.8660254037844384,-0.5000000000000004,1,0.1000637429482536,0.8972189316548831,0.43009933274449075,9368.968604263764,0.0,0.0,0.0,0.0,0.0,0,0,0.4,0,0,12.399999999999999,0.25881904510252074,0.4641016151377546,0,0.0,0.0,0.0,4.8,0.0,0.07071067811865475,0,0,24.217387301464157,1.8326320187180714,-39.114639272020156,4.7333914500850955,0,1.0,0.0,6.340585348656986,0,0.0,0.0,5.156913183279742,1.7019501906113472
2026-09-23T12:59:25.147879+00:00,23.52121994991681,89.71782082720961,19.8,36.7,983.7,12.7,135.8,6.3,12,2,23,9,3,0,1.2246467991473532e-16,-1.0,-0.8660254037844384,-0.5000000000000004,1,0.004515734309065794,0.916901211671202,0.39908868209901877,9978.773556948254,0.0,0.0,0.0,0.0,0.0,0,0,0.4,0,0,-0.1999999999999993,0.25881904510252074,0.4641016151377546,0,0.0,0.0,0.0,4.8,0.0,0.07071067811865475,0,0,4.566909402265265,1.4588410572805364,-8.853996806252965,9.104764717161133,1,1.0,0.0,6.340585348656986,0,0.0,0.0,2.940326975476839,0.0569992765116732
2026-09-23T11:59:25.147879+00:00,20.976305878758232,89.62447294942112,40.4,63.4,983.8,81.2,7.2,7.5,11,2,23,9,3,0,0.258819045102521,-0.9659258262890682,-0.8660254037844384,-0.5000000000000004,1,0.006119784381859433,0.9337084911335485,0.3579818456629215,9968.554008340661,0.0,0.0,0.0,0.0,0.0,0,0,0.4,0,0,20.4,0.25881904510252074,0.4641016151377546,0,0.0,0.0,0.0,4.8,0.0,0.07071067811865475,0,0,32.07161529488157,2.7475185300064435,-10.177058565421506,-80.55971374673561,1,1.0,0.0,6.340585348656986,0,0.0,0.0,10.7478443743428,14.897941620057328
2026-09-23T10:59:25.147879+00:00,23.96141528089016,82.51782295825365,40.8,62.2,1024.4,52.3,115.9,5.2,10,2,23,9,3,0,0.49999999999999994,-0.8660254037844387,-0.8660254037844384,-0.5000000000000004,1,0.11899550027638738,0.9060383693834102,0.40612134161974717,9247.622413262125,0.0,0.0,0.0,0.0,0.0,0,0,0.4,0,0,20.799999999999997,0.25881904510252074,0.4641016151377546,0,0.0,0.0,0.0,4.8,0.0,0.07071067811865475,0,0,32.108709896733835,2.898403197602428,-47.04687183935592,22.844733531630837,0,1.0,0.0,6.340585348656986,0,0.0,0.0,7.904180064308681,3.980734813701755
2026-09-23T09:59:25.147879+00:00,20.275108168921747,84.97248505892385,39.7,41.8,996.8,21.0,76.1,11.5,9,2,23,9,3,0,0.7071067811865476,-0.7071067811865475,-0.8660254037844384,-0.5000000000000004,1,0.08220428314354132,0.9344306776742234,0.3465281582413585,9483.228261757176,0.0,0.0,0.0,0.0,0.0,0,0,0.4,0,0,19.700000000000003,0.25881904510252074,0.4641016151377546,0,0.0,0.0,0.0,4.8,0.0,0.07071067811865475,0,0,24.259144724993295,4.209258402318888,-20.385046113142007,-5.04478889202254,1,1.0,0.0,6.340585348656986,0,0.0,0.0,6.4900318979266345,0.25770097670924114
2026-09-23T08:59:25.147879+00:00,27.274563216630256,83.0087830981677,25.0,59.5,996.7,57.8,117.9,8.0,8,2,23,9,3,0,0.8660254037844387,-0.4999999999999998,-0.8660254037844384,-0.5000000000000004,1,0.1081847664977607,0.8822122243621183,0.45825500268286035,9316.946638779656,0.0,0.0,0.0,0.0,0.0,0,0,0.4,0,0,5.0,0.25881904510252074,0.4641016151377546,0,0.0,0.0,0.0,4.8,0.0,0.07071067811865475,0,0,16.552403159577963,1.279696633672768,-51.08165341912647,27.046343264261154,1,1.0,0.0,6.340585348656986,0,0.0,0.0,5.448179271708684,5.373307510365361
2026-09-23T07:59:25.147879+00:00,22.070239852800132,82.84840494377468,15.4,57.1,1016.6,53.3,43.1,4.3,7,2,23,9,3,0,0.9659258262890683,-0.25881904510252063,-0.8660254037844384,-0.5000000000000004,1,0.11537251776998499,0.9195142243574334,0.37574296180735345,9270.864581583404,0.0,0.0,0.0,0.0,0.0,0,0,0.4,0,0,-4.6,0.25881904510252074,0.4641016151377546,0,0.0,0.0,0.0,4.8,0.0,0.07071067811865475,0,0,6.947536513980492,0.7493757475424142,-36.4184921371866,-38.9176493438861,0,1.0,0.0,6.340585348656986,0,0.0,0.0,3.294862813776999,4.213469043047554
2026-09-23T06:59:25.147879+00:00,25.300178274831858,80.36886947354533,40.1,71.9,1022.6,31.7,320.6,13.6,6,2,23,9,3,0,1.0,6.123233995736766e-17,-0.8660254037844384,-0.5000000000000004,1,0.15125680536526176,0.8913384492315304,0.42736067642241715,9040.173412746066,0.0,0.0,0.0,0.0,0.0,0,0,0.4,0,0,20.1,0.25881904510252074,0.4641016151377546,0,0.0,0.0,0.0,4.8,0.0,0.07071067811865475,0,0,34.03363641602364,2.076074204023297,20.120957268511887,-24.495654279866024,0,1.0,0.0,6.340585348656986,0,0.0,0.0,4.8056791840519235,0.8864126944374877
2026-09-23T05:59:25.147879+00:00,22.49368860871529,86.09564333979897,26.6,73.2,1024.4,11.4,213.7,6.4,5,2,23,9,3,0,0.9659258262890683,0.25881904510252074,-0.8660254037844384,-0.5000000000000004,1,0.06291089204897944,0.9217773552812769,0.382581660501724,9606.473249568959,0.0,0.0,0.0,0.0,0.0,0,0,0.4,0,0,6.600000000000001,0.25881904510252074,0.4641016151377546,0,0.0,0.0,0.0,4.8,0.0,0.07071067811865475,0,0,21.395782323047605,0.9308300740135502,6.325226472907189,9.484276992287503,0,1.0,0.0,6.340585348656986,0,0.0,0.0,1.901730418943534,0.04122614575507138
2026-09-23T04:59:25.147879+00:00,24.160544169422487,85.02679023228862,41.1,33.1,1013.9,57.7,244.5,8.6,4,2,23,9,3,0,0.8660254037844386,0.5000000000000001,-0.8660254037844384,-0.5000000000000004,1,0.07909608604724655,0.9089673040295302,0.4092948196316369,9503.095311185789,0.0,0.0,0.0,0.0,0.0,0,0,0.4,0,0,21.1,0.25881904510252074,0.4641016151377546,0,0.0,0.0,0.0,4.8,0.0,0.07071067811865475,0,0,21.627056375615535,5.211723556135422,52.07917090698696,24.84049028583863,0,1.0,0.0,6.340585348656986,0,0.0,0.0,16.079909365558912,5.345466594317834
2026-09-23T03:59:25.147879+00:00,24.37368223474624,80.5147875124999,41.0,55.5,996.9,45.2,284.1,13.7,3,2,23,9,3,0,0.7071067811865475,0.7071067811865476,-0.8660254037844384,-0.5000000000000004,1,0.15010559123899436,0.8984200078478013,0.41268608042621036,9047.592506577681,0.0,0.0,0.0,0.0,0.0,0,0,0.4,0,0,21.0,0.25881904510252074,0.4641016151377546,0,0.0,0.0,0.0,4.8,0.0,0.07071067811865475,0,0,30.287559623681048,3.448425341601345,43.83821509087055,-11.01139853272824,1,1.0,0.0,6.340585348656986,0,0.0,0.0,8.027627627627629,2.56964710465537
2026-09-23T02:59:25.147879+00:00,21.478835644204217,82.78646464236611,38.0,72.6,983.8,66.1,179.4,9.7,2,2,23,9,3,0,0.49999999999999994,0.8660254037844387,-0.8660254037844384,-0.5000000000000004,1,0.11684729607049571,0.9231876202577253,0.36615751692938353,9261.404785585792,0.0,0.0,0.0,0.0,0.0,0,0,0.4,0,0,18.0,0.25881904510252074,0.4641016151377546,0,0.0,0.0,0.0,4.8,0.0,0.07071067811865475,0,0,32.195833078681915,1.8088573138511173,-0.6921849300838413,66.09637569506035,1,1.0,0.0,6.340585348656986,0,0.0,0.0,7.511019283746556,8.036418760608843
2026-09-23T01:59:25.147879+00:00,27.75667702211647,89.08265885966654,23.0,64.2,1015.0,45.2,31.3,2.6,1,2,23,9,3,0,0.25881904510252074,0.9659258262890683,-0.8660254037844384,-0.5000000000000004,1,0.014167729498355788,0.8848199510781013,0.465717650100367,9917.277773449889,0.0,0.0,0.0,0.0,0.0,0,0,0.4,0,0,3.0,0.25881904510252074,0.4641016151377546,0,0.0,0.0,0.0,4.8,0.0,0.07071067811865475,0,0,15.863685891661156,1.0033936948724949,-23.482263856953825,-38.6215391220029,0,1.0,0.0,6.340585348656986,0,0.0,0.0,3.893042575285566,2.56964710465537
2026-09-23T00:59:25.147879+00:00,26.20106258688892,82.39561890666972,25.4,88.2,1005.1,72.7,193.4,14.2,0,2,23,9,3,0,0.0,1.0,-0.8660254037844384,-0.5000000000000004,1,0.11873507492451567,0.8893592469891511,0.44152249294635,9249.29343004042,0.0,0.0,0.0,0.0,0.0,0,0,0.4,0,0,5.399999999999999,0.25881904510252074,0.4641016151377546,0,0.0,0.0,0.0,4.8,0.0,0.07071067811865475,0,0,23.299601844090326,0.3818139213849303,16.848072584025235,70.72080634582314,0,1.0,0.0,6.340585348656986,0,0.0,0.0,4.449319727891156,10.692060633887081
2026-09-22T23:59:25.147879+00:00,27.515991532513517,81.44894872091223,38.0,74.8,999.1,47.8,211.3,9.8,23,1,22,9,3,0,-0.25881904510252157,0.9659258262890681,-0.8660254037844384,-0.5000000000000004,1,0.13187098586200408,0.877023139517249,0.46199616431209817,9164.939063339154,0.0,0.0,0.0,0.0,0.0,0,0,0.4,0,0,18.0,0.25881904510252074,0.4641016151377546,0,0.0,0.0,0.0,4.8,0.0,0.07071067811865475,0,0,32.72660938530038,1.6636205952207357,24.833013547840547,40.84313208034819,1,1.0,0.0,6.340585348656986,0,0.0,0.0,5.740641711229946,3.039078164565768
2026-09-22T22:59:25.147879+00:00,27.15861880342119,84.89452760277563,23.6,41.1,1020.8,48.6,268.4,5.7,22,1,22,9,3,0,-0.5000000000000004,0.8660254037844384,-0.8660254037844384,-0.5000000000000004,1,0.07917801356447932,0.88621626918207,0.45645543747993195,9502.57170882315,0.0,0.0,0.0,0.0,0.0,0,0,0.4,0,0,3.6000000000000014,0.25881904510252074,0.4641016151377546,0,0.0,0.0,0.0,4.8,0.0,0.07071067811865475,0,0,9.603206255110297,1.711616321797289,48.58105159096122,1.3569916419654584,0,1.0,0.0,6.340585348656986,0,0.0,0.0,6.565125709651258,3.194235912847483
2026-09-22T21:59:25.147879+00:00,24.78319983048868,89.856504541106,19.6,34.8,985.0,74.8,155.4,2.9,21,1,22,9,3,0,-0.7071067811865477,0.7071067811865474,-0.8660254037844384,-0.5000000000000004,1,0.0022738053975637847,0.9078975831841735,0.41918588747398305,9993.056971339458,0.0,0.0,0.0,0.0,0.0,0,0,0.4,0,0,-0.3999999999999986,0.25881904510252074,0.4641016151377546,0,0.0,0.0,0.0,4.8,0.0,0.07071067811865475,0,0,3.633289143679502,1.4841239433637234,-31.13780326107801,68.01086095672072,1,1.0,0.0,6.340585348656986,0,0.0,0.0,8.898850574712647,11.645629629629628
2026-09-22T20:59:25.147879+00:00,27.37499388018493,82.42055271511501,30.0,73.7,1002.2,35.5,45.9,12.1,20,1,22,9,3,0,-0.8660254037844386,0.5000000000000001,-0.8660254037844384,-0.5000000000000004,1,0.11713005859614269,0.8802574802965962,0.4598122635980383,9259.590849681557,0.0,0.0,0.0,0.0,0.0,0,0,0.4,0,0,10.0,0.25881904510252074,0.4641016151377546,0,0.0,0.0,0.0,4.8,0.0,0.07071067811865475,0,0,24.77657313990008,1.112662423803612,-25.493483570593202,-24.704904279027158,1,1.0,0.0,6.340585348656986,0,0.0,0.0,3.7652645861601086,1.2449251467846507
2026-09-22T19:59:25.147879+00:00,20.70794001641536,86.72135547405878,40.3,31.8,980.5,13.1,102.2,9.7,19,1,22,9,3,0,-0.9659258262890684,0.2588190451025203,-0.8660254037844384,-0.5000000000000004,1,0.0534970359811569,0.9338639854558837,0.35360447368448833,9666.551000132524,0.0,0.0,0.0,0.0,0.0,0,0,0.4,0,0,20.299999999999997,0.25881904510252074,0.4641016151377546,0,0.0,0.0,0.0,4.8,0.0,0.07071067811865475,0,0,20.283523260791835,5.092580648548507,-12.804148215147857,2.768354833565591,1,1.0,0.0,6.340585348656986,0,0.0,0.0,6.991247379454926,0.062556446002727
2026-09-22T18:59:25.147879+00:00,21.56786289935316,87.61619615328718,33.8,69.8,1001.1,4.4,130.7,8.5,18,1,22,9,3,0,-1.0,-1.8369701987210297e-16,-0.8660254037844384,-0.5000000000000004,1,0.03868098357646912,0.9291780384045567,0.36760298483039683,9761.045356411394,0.0,0.0,0.0,0.0,0.0,0,0,0.4,0,0,13.799999999999997,0.25881904510252074,0.4641016151377546,0,0.0,0.0,0.0,4.8,0.0,0.07071067811865475,0,0,27.493990959485128,1.5835306956869917,-3.3357910792696712,2.869232976853725,1,1.0,0.0,6.340585348656986,0,0.0,0.0,1.969245463228271,0.0023703703703703703
2026-09-22T17:59:25.147879+00:00,20.361818311284303,82.37637543992399,30.4,93.9,982.5,64.7,232.5,13.5,17,1,22,9,3,0,-0.9659258262890683,-0.25881904510252063,-0.8660254037844384,-0.5000000000000004,1,0.12437538198104603,0.9292273095860705,0.3479473688311237,9213.090526773707,0.0,0.0,0.0,0.0,0.0,0,0,0.4,0,0,10.399999999999999,0.25881904510252074,0.4641016151377546,0,0.0,0.0,0.0,4.8,0.0,0.07071067811865475,0,0,29.3024711815808,0.26404242652017196,51.3299611168429,39.386864456864245,1,1.0,0.0,6.340585348656986,0,0.0,0.0,4.570252041178558,7.536522887274955
2026-09-22T16:59:25.147879+00:00,22.60264264610612,87.28216348611859,17.6,69.1,985.3,53.5,205.5,12.0,16,1,22,9,3,0,-0.8660254037844384,-0.5000000000000004,-0.8660254037844384,-0.5000000000000004,1,0.04377539569570452,0.9221540493712503,0.38433790336094886,9728.561202029052,0.0,0.0,0.0,0.0,0.0,0,0,0.4,0,0,-2.3999999999999986,0.25881904510252074,0.4641016151377546,0,0.0,0.0,0.0,4.8,0.0,0.07071067811865475,0,0,11.863325840631072,0.6207266364382413,23.032343679243798,48.288312712717534,1,1.0,0.0,6.340585348656986,0,0.0,0.0,3.1201157742402317,4.261078415004034
2026-09-22T15:59:25.147879+00:00,23.109418317515857,83.67783132719254,31.6,56.4,985.3,60.4,128.2,3.1,15,1,22,9,3,0,-0.7071067811865471,-0.7071067811865479,-0.8660254037844384,-0.5000000000000004,1,0.10128261224609768,0.9141634193488819,0.39248831215842184,9361.163534199797,0.0,0.0,0.0,0.0,0.0,0,0,0.4,0,0,11.600000000000001,0.25881904510252074,0.4641016151377546,0,0.0,0.0,0.0,4.8,0.0,0.07071067811865475,0,0,21.848718684079582,2.020514112013447,-47.46575634779428,37.35186707959626,1,1.0,0.0,6.340585348656986,0,0.0,0.0,7.507801418439716,6.131531958705513
2026-09-22T14:59:25.147879+00:00,22.170792254191166,86.32305830593579,41.7,73.7,1009.2,19.7,355.1,5.4,14,1,22,9,3,0,-0.4999999999999997,-0.8660254037844388,-0.8660254037844384,-0.5000000000000004,1,0.05938907199989982,0.9241567835202754,0.3773687554640015,9628.95284544037,0.0,0.0,0.0,0.0,0.0,0,0,0.4,0,0,21.700000000000003,0.25881904510252074,0.4641016151377546,0,0.0,0.0,0.0,4.8,0.0,0.07071067811865475,0,0,36.01485726525368,2.114672571785225,1.6827133858061265,-19.628002334960858,0,1.0,0.0,6.340585348656986,0,0.0,0.0,3.7437584803256447,0.2127437738264184
2026-09-22T13:59:25.147879+00:00,26.629900073215435,86.33529710760895,18.8,61.2,1013.6,13.3,218.1,4.5,13,1,22,9,3,0,-0.2588190451025208,-0.9659258262890683,-0.8660254037844384,-0.5000000000000004,1,0.05713718662614955,0.8920925471361553,0.44822564546060395,9643.324023108918,0.0,0.0,0.0,0.0,0.0,0,0,0.4,0,0,-1.1999999999999993,0.25881904510252074,0.4641016151377546,0,0.0,0.0,0.0,4.8,0.0,0.07071067811865475,0,0,11.16461683382018,0.8403178909275619,8.206577139371955,10.466235792085788,0,1.0,0.0,6.340585348656986,0,0.0,0.0,1.7049019607843137,0.06546559256476614
2026-09-22T12:59:25.147879+00:00,22.854026613548715,85.35774684074758,29.0,67.1,1006.3,3.2,85.4,11.4,12,1,22,9,3,0,1.2246467991473532e-16,-1.0,-0.8660254037844384,-0.5000000000000004,1,0.07458045051020476,0.9184743319518327,0.3883846777968069,9531.949756365173,0.0,0.0,0.0,0.0,0.0,0,0,0.4,0,0,9.0,0.25881904510252074,0.4641016151377546,0,0.0,0.0,0.0,4.8,0.0,0.07071067811865475,0,0,22.26142272375335,1.3141128339298969,-3.189692411059991,-0.2566365578523484,0,1.0,0.0,6.340585348656986,0,0.0,0.0,1.671137605563835,0.0009118179035534407
2026-09-22T11:59:25.147879+00:00,22.247476077499044,80.90289770054409,38.7,94.0,1023.3,31.1,36.6,1.5,11,1,22,9,3,0,0.258819045102521,-0.9659258262890682,-0.8660254037844384,-0.5000000000000004,1,0.1463381146306039,0.9139153434446468,0.3786078462245778,9071.863206401411,0.0,0.0,0.0,0.0,0.0,0,0,0.4,0,0,18.700000000000003,0.25881904510252074,0.4641016151377546,0,0.0,0.0,0.0,4.8,0.0,0.07071067811865475,0,0,37.55325454457591,0.41132186714452335,-18.542593611430654,-24.967623478443663,0,1.0,0.0,6.340585348656986,0,0.0,0.0,3.506329787234043,0.8370267690680916
2026-09-22T10:59:25.147879+00:00,24.34156866526599,88.35302495589238,35.0,56.3,996.9,51.0,55.0,9.0,10,1,22,9,3,0,0.49999999999999994,-0.8660254037844387,-0.8660254037844384,-0.5000000000000004,1,0.02618621671660476,0.9107280898696086,0.4121754825029324,9840.691938762682,0.0,0.0,0.0,0.0,0.0,0,0,0.4,0,0,15.0,0.25881904510252074,0.4641016151377546,0,0.0,0.0,0.0,4.8,0.0,0.07071067811865475,0,0,24.9756758250777,2.4490441032773247,-41.776754258738585,-29.252398253903355,1,1.0,0.0,6.340585348656986,0,0.0,0.0,7.356423919478981,3.6912096168294513
2026-09-22T09:59:25.147879+00:00,21.1273937997981,83.20780064971736,33.8,95.4,992.9,34.6,88.5,11.7,9,1,22,9,3,0,0.7071067811865476,-0.7071067811865475,-0.8660254037844384,-0.5000000000000004,1,0.11031890552373709,0.9262346950205984,0.36044282323850446,9303.268158359808,0.0,0.0,0.0,0.0,0.0,0,0,0.4,0,0,13.799999999999997,0.25881904510252074,0.4641016151377546,0,0.0,0.0,0.0,4.8,0.0,0.07071067811865475,0,0,32.95703188975633,0.24120003974040216,-34.588143444154284,-0.9057224114524106,1,1.0,0.0,6.340585348656986,0,0.0,0.0,3.2241090146750513,1.152620864290286
2026-09-22T08:59:25.147879+00:00,26.41757584603232,81.86518510399854,34.0,91.6,1019.1,38.3,57.8,13.3,8,1,22,9,3,0,0.8660254037844387,-0.4999999999999998,-0.8660254037844384,-0.5000000000000004,1,0.12672639660413088,0.8865639177870432,0.4449099235596137,9197.99274290191,0.0,0.0,0.0,0.0,0.0,0,0,0.4,0,0,14.0,0.25881904510252074,0.4641016151377546,0,0.0,0.0,0.0,4.8,0.0,0.07071067811865475,0,0,32.4313165651462,0.44538182677815996,-32.40919826268569,-20.409161373508965,0,1.0,0.0,6.340585348656986,0,0.0,0.0,3.6066229985443963,1.5633438239140711
2026-09-22T07:59:25.147879+00:00,20.59640514943817,80.40775141554764,24.7,43.3,990.1,77.0,67.2,5.8,7,1,22,9,3,0,0.9659258262890683,-0.25881904510252063,-0.8660254037844384,-0.5000000000000004,1,0.1559842884689633,0.9229938681901168,0.351782917485026,9009.692779354518,0.0,0.0,0.0,0.0,0.0,0,0,0.4,0,0,4.699999999999999,0.25881904510252074,0.4641016151377546,0,0.0,0.0,0.0,4.8,0.0,0.07071067811865475,0,0,11.37384090112331,1.7598518502408391,-70.98346267231454,-29.838700156811925,1,1.0,0.0,6.340585348656986,0,0.0,0.0,9.22209391839877,12.703703703703706
2026-09-22T06:59:25.147879+00:00,27.89509549280414,85.90892943188241,22.9,34.7,1023.3,30.9,102.6,12.5,6,1,22,9,3,0,1.0,6.123233995736766e-17,-0.8660254037844384,-0.5000000000000004,1,0.06305245991937733,0.8815536682675533,0.46785416238624605,9605.569526489551,0.0,0.0,0.0,0.0,0.0,0,0,0.4,0,0,2.8999999999999986,0.25881904510252074,0.4641016151377546,0,0.0,0.0,0.0,4.8,0.0,0.07071067811865475,0,0,6.492317826139543,1.8191870753234385,-30.155827943907294,6.740626159153158,0,1.0,0.0,6.340585348656986,0,0.0,0.0,5.598511047070124,0.8209819684447781
2026-09-22T05:59:25.147879+00:00,26.177958154373258,86.77564361842282,36.9,36.9,980.5,44.7,62.4,2.5,5,1,22,9,3,0,0.9659258262890683,0.25881904510252074,-0.8660254037844384,-0.5000000000000004,1,0.05047668653396099,0.8960074730524439,0.44116064234100294,9685.819709603182,0.0,0.0,0.0,0.0,0.0,0,0,0.4,0,0,16.9,0.25881904510252074,0.4641016151377546,0,0.0,0.0,0.0,4.8,0.0,0.07071067811865475,0,0,19.732037837338073,3.924455794807691,-39.6132999916353,-20.709332769857824,1,1.0,0.0,6.340585348656986,0,0.0,0.0,10.783333333333335,2.4853110443275743
2026-09-22T04:59:25.147879+00:00,21.589725452273377,80.16587828927857,36.9,31.2,1023.6,67.0,322.8,12.9,4,1,22,9,3,0,0.8660254037844386,0.5000000000000001,-0.8660254037844384,-0.5000000000000004,1,0.15881366994732285,0.9161797120105523,0.36795781488932183,8991.439254848437,0.0,0.0,0.0,0.0,0.0,0,0,0.4,0,0,16.9,0.25881904510252074,0.4641016151377546,0,0.0,0.0,0.0,4.8,0.0,0.07071067811865475,0,0,17.05143340466829,4.278962895131048,40.508140695779105,-53.367504507621156,0,1.0,0.0,6.340585348656986,0,0.0,0.0,17.14903846153846,8.36917383198375
2026-09-22T03:59:25.147879+00:00,20.04417693698882,85.12093058299281,38.4,36.4,981.9,34.9,28.9,2.8,3,1,22,9,3,0,0.7071067811865475,0.7071067811865476,-0.8660254037844384,-0.5000000000000004,1,0.07990117177876342,0.9360245502312458,0.3427445756139324,9497.949824255053,0.0,0.0,0.0,0.0,0.0,0,0,0.4,0,0,18.4,0.25881904510252074,0.4641016151377546,0,0.0,0.0,0.0,4.8,0.0,0.07071067811865475,0,0,20.827576445071877,4.290216444109008,-16.86655517559958,-30.553711992300624,1,1.0,0.0,6.340585348656986,0,0.0,0.0,9.652747252747252,1.1828630380944432
2026-09-22T02:59:25.147879+00:00,26.523691427638678,82.26495775197938,39.7,76.4,1020.1,53.6,188.8,6.6,2,1,22,9,3,0,0.49999999999999994,0.8660254037844387,-0.8660254037844384,-0.5000000000000004,1,0.12042638519724723,0.8866085178587918,0.44656782442151016,9238.440213465594,0.0,0.0,0.0,0.0,0.0,0,0,0.4,0,0,19.700000000000003,0.25881904510252074,0.4641016151377546,0,0.0,0.0,0.0,4.8,0.0,0.07071067811865475,0,0,34.74415959171906,1.706847049737556,8.200040824824447,52.96904124553523,0,1.0,0.0,6.340585348656986,0,0.0,0.0,6.374171029668412,4.28501700197568
2026-09-22T01:59:25.147879+00:00,25.65485875078094,86.4517279040945,28.8,34.8,1003.7,73.6,147.7,12.2,1,1,22,9,3,0,0.25881904510252074,0.9659258262890683,-0.8660254037844384,-0.5000000000000004,1,0.055788292357230686,0.8996903960106211,0.4329490244383467,9651.93156070016,0.0,0.0,0.0,0.0,0.0,0,0,0.4,0,0,8.8,0.25881904510252074,0.4641016151377546,0,0.0,0.0,0.0,4.8,0.0,0.07071067811865475,0,0,11.708988849811568,2.5743505452371744,-39.328332915091224,62.2112709251286,1,1.0,0.0,6.340585348656986,0,0.0,0.0,12.91034482758621,11.09408843253471
2026-09-22T00:59:25.147879+00:00,25.8320573443279,81.74366429004992,28.5,51.7,1024.7,80.8,353.7,3.1,0,1,22,9,3,0,0.0,1.0,-0.8660254037844384,-0.5000000000000004,1,0.12925263700694972,0.8907462996018265,0.43573476516385845,9181.764592642274,0.0,0.0,0.0,0.0,0.0,0,0,0.4,0,0,8.5,0.25881904510252074,0.4641016151377546,0,0.0,0.0,0.0,4.8,0.0,0.07071067811865475,0,0,17.579147948560923,1.8742524127273952,8.866532336156498,-80.31204520077851,0,1.0,0.0,6.340585348656986,0,0.0,0.0,9.261121856866536,14.678857778890833
2026-09-21T23:59:25.147879+00:00,26.170162773487565,86.90937738102465,36.6,87.5,983.3,14.2,40.3,4.2,23,0,21,9,3,0,-0.25881904510252157,0.9659258262890681,-0.8660254037844384,-0.5000000000000004,1,0.048388420507958496,0.8961827761218482,0.4410385386145777,9699.14033984563,0.0,0.0,0.0,0.0,0.0,0,0,0.4,0,0,16.6,0.25881904510252074,0.4641016151377546,0,0.0,0.0,0.0,4.8,0.0,0.07071067811865475,0,0,34.17419628336663,0.764820292285906,-9.184414869048526,-10.829890281678773,1,1.0,0.0,6.340585348656986,0,0.0,0.0,2.384228571428571,0.07967520939421766
2026-09-21T22:59:25.147879+00:00,20.592357213872724,83.86735346300537,32.5,31.6,1004.9,78.9,143.2,11.1,22,0,21,9,3,0,-0.5000000000000004,0.8660254037844384,-0.8660254037844384,-0.5000000000000004,1,0.10000483112788364,0.9307493425035246,0.3517167826253678,9369.345823607195,0.0,0.0,0.0,0.0,0.0,0,0,0.4,0,0,12.5,0.25881904510252074,0.4641016151377546,0,0.0,0.0,0.0,4.8,0.0,0.07071067811865475,0,0,13.45573037597807,3.3348969371837924,-47.26296192287973,63.177705167855066,1,1.0,0.0,6.340585348656986,0,0.0,0.0,16.952795358649787,13.667503380916607
2026-09-21T21:59:25.147879+00:00,22.86772582835418,89.36729988736735,34.0,85.4,1023.6,42.8,349.0,11.1,21,0,21,9,3,0,-0.7071067811865477,0.7071067811865474,-0.8660254037844384,-0.5000000000000004,1,0.010174586257206289,0.9213482712335946,0.388604993392212,9942.719990489131,0.0,0.0,0.0,0.0,0.0,0,0,0.4,0,0,14.0,0.25881904510252074,0.4641016151377546,0,0.0,0.0,0.0,4.8,0.0,0.07071067811865475,0,0,31.19121809682475,0.7741160322572771,8.166625002116112,-42.013643451560014,0,1.0,0.0,6.340585348656986,0,0.0,0.0,4.167056986729118,2.1816721484820656
2026-09-21T20:59:25.147879+00:00,20.92695247620104,81.37520944145993,36.5,49.2,1003.5,23.4,311.6,10.0,20,0,21,9,3,0,-0.8660254037844386,0.5000000000000001,-0.8660254037844384,-0.5000000000000004,1,0.14007105647180657,0.9234740878282882,0.35717741844716766,9112.206519024397,0.0,0.0,0.0,0.0,0.0,0,0,0.4,0,0,16.5,0.25881904510252074,0.4641016151377546,0,0.0,0.0,0.0,4.8,0.0,0.07071067811865475,0,0,24.09701466537374,3.091311367665015,17.498475317665648,-15.535873376062451,1,1.0,0.0,6.340585348656986,0,0.0,0.0,5.366192411924119,0.3565379413974454
2026-09-21T19:59:25.147879+00:00,26.90482740700475,83.41066351050259,39.0,38.0,1008.3,40.1,294.1,10.7,19,0,21,9,3,0,-0.9659258262890684,0.2588190451025203,-0.8660254037844384,-0.5000000000000004,1,0.10233141494904203,0.8858685689084075,0.452509845345598,9354.446712380084,0.0,0.0,0.0,0.0,0.0,0,0,0.4,0,0,19.0,0.25881904510252074,0.4641016151377546,0,0.0,0.0,0.0,4.8,0.0,0.07071067811865475,0,0,22.058711026102653,4.31932120175456,36.604650507045015,-16.374051461293543,0,1.0,0.0,6.340585348656986,0,0.0,0.0,10.280263157894737,1.7942844700448004
2026-09-21T18:59:25.147879+00:00,24.986385014620463,81.13473521240589,24.1,77.4,1011.3,83.3,92.8,8.6,18,0,21,9,3,0,-1.0,-1.8369701987210297e-16,-0.8660254037844384,-0.5000000000000004,1,0.13968784671067672,0.8955797599018257,0.42240288722441605,9114.672189568266,0.0,0.0,0.0,0.0,0.0,0,0,0.4,0,0,4.100000000000001,0.25881904510252074,0.4641016151377546,0,0.0,0.0,0.0,4.8,0.0,0.07071067811865475,0,0,19.891468403674025,0.6767530701700557,-83.20055124054146,4.0691858239745855,0,1.0,0.0,6.340585348656986,0,0.0,0.0,5.360745047372955,16.083967415198813
2026-09-21T17:59:25.147879+00:00,22.647184198821197,89.24693618278563,25.1,72.8,1000.5,42.9,61.5,4.5,17,0,21,9,3,0,-0.9659258262890683,-0.25881904510252063,-0.8660254037844384,-0.5000000000000004,1,0.012129648025033449,0.9228137155387545,0.3850554739934853,9930.263515353381,0.0,0.0,0.0,0.0,0.0,0,0,0.4,0,0,5.100000000000001,0.25881904510252074,0.4641016151377546,0,0.0,0.0,0.0,4.8,0.0,0.07071067811865475,0,0,19.865530155707642,0.8645762272125177,-37.70125413319831,-20.4701108151372,1,1.0,0.0,6.340585348656986,0,0.0,0.0,3.6144459706959706,2.197
2026-09-21T16:59:25.147879+00:00,20.50846680228819,88.77339353380981,17.5,89.7,1008.2,29.3,240.7,5.8,16,0,21,9,3,0,-0.8660254037844384,-0.5000000000000004,-0.8660254037844384,-0.5000000000000004,1,0.020049939584427922,0.9364058016508529,0.35034579283514233,9879.79667291059,0.0,0.0,0.0,0.0,0.0,0,0,0.4,0,0,-2.5,0.25881904510252074,0.4641016151377546,0,0.0,0.0,0.0,4.8,0.0,0.07071067811865475,0,0,15.787059966157493,0.20560930276992284,25.55162968226113,14.338905836241205,0,1.0,0.0,6.340585348656986,0,0.0,0.0,1.603028613898179,0.6999403678659878
2026-09-21T15:59:25.147879+00:00,22.487858573725298,82.57941627715155,30.6,80.0,1006.3,54.6,334.6,3.5,15,0,21,9,3,0,-0.7071067811865471,-0.7071067811865479,-0.8660254037844384,-0.5000000000000004,1,0.11933122135558163,0.9162222764885577,0.3824876464356857,9245.468184647854,0.0,0.0,0.0,0.0,0.0,0,0,0.4,0,0,10.600000000000001,0.25881904510252074,0.4641016151377546,0,0.0,0.0,0.0,4.8,0.0,0.07071067811865475,0,0,26.743298212670375,0.8756506396515005,23.41985828381173,-49.32210699033624,0,1.0,0.0,6.340585348656986,0,0.0,0.0,4.75575,4.529352366641623
2026-09-21T14:59:25.147879+00:00,22.601466576213976,86.5998404603418,16.0,84.6,1020.6,21.9,200.4,13.7,14,0,21,9,3,0,-0.4999999999999997,-0.8660254037844388,-0.8660254037844384,-0.5000000000000004,1,0.05475423275080928,0.921575236174066,0.38431895356147183,9658.52964073711,0.0,0.0,0.0,0.0,0.0,0,0,0.4,0,0,-4.0,0.25881904510252074,0.4641016151377546,0,0.0,0.0,0.0,4.8,0.0,0.07071067811865475,0,0,13.404724931562667,0.27952579496008867,7.6337278363477505,20.526475569872424,0,1.0,0.0,6.340585348656986,0,0.0,0.0,1.3207249802994483,0.292274229902329
2026-09-21T13:59:25.147879+00:00,25.83684942670451,88.17222200201216,27.6,49.2,982.0,8.3,205.8,9.2,13,0,21,9,3,0,-0.2588190451025208,-0.9659258262890683,-0.8660254037844384,-0.5000000000000004,1,0.028707033659066947,0.8995807423251565,0.43581004377620497,9824.625757151312,0.0,0.0,0.0,0.0,0.0,0,0,0.4,0,0,7.600000000000001,0.25881904510252074,0.4641016151377546,0,0.0,0.0,0.0,4.8,0.0,0.07071067811865475,0,0,15.972029448173558,1.870789556186248,3.6124181247903207,7.472645802638206,1,1.0,0.0,6.340585348656986,0,0.0,0.0,2.645934959349593,0.015910816150485573
2026-09-21T12:59:25.147879+00:00,25.100459770841702,85.55200811599462,29.7,42.1,992.6,12.7,100.8,6.6,12,0,21,9,3,0,1.2246467991473532e-16,-1.0,-0.8660254037844384,-0.5000000000000004,1,0.07023035343007368,0.9028379600214499,0.4242066894821367,9559.737181267263,0.0,0.0,0.0,0.0,0.0,0,0,0.4,0,0,9.7,0.25881904510252074,0.4641016151377546,0,0.0,0.0,0.0,4.8,0.0,0.07071067811865475,0,0,15.43506576540472,2.4077676392379677,-12.475048084254347,2.3797426952387024,1,1.0,0.0,6.340585348656986,0,0.0,0.0,3.844774346793349,0.0569992765116732
2026-09-21T11:59:25.147879+00:00,27.09770194061061,85.29650578356006,22.7,81.0,1022.8,12.6,277.0,7.5,11,0,21,9,3,0,0.258819045102521,-0.9659258262890682,-0.8660254037844384,-0.5000000000000004,1,0.07299831520259388,0.8872331222670611,0.45550920158634023,9542.057095632237,0.0,0.0,0.0,0.0,0.0,0,0,0.4,0,0,2.6999999999999993,0.25881904510252074,0.4641016151377546,0,0.0,0.0,0.0,4.8,0.0,0.07071067811865475,0,0,19.2651984258941,0.5229539096189368,12.506081510680657,-1.5355537269048607,0,1.0,0.0,6.340585348656986,0,0.0,0.0,1.5226748971193411,0.0556634109691961
2026-09-21T10:59:25.147879+00:00,23.777719401295595,82.41852290900452,31.0,84.9,1020.1,14.6,67.3,14.3,10,0,21,9,3,0,0.49999999999999994,-0.8660254037844387,-0.8660254037844384,-0.5000000000000004,1,0.12073675667372587,0.9071168008413113,0.40318946566017116,9236.448302648594,0.0,0.0,0.0,0.0,0.0,0,0,0.4,0,0,11.0,0.25881904510252074,0.4641016151377546,0,0.0,0.0,0.0,4.8,0.0,0.07071067811865475,0,0,28.15145229238235,0.6763471588150702,-13.469056106061197,-5.6342282179350525,0,1.0,0.0,6.340585348656986,0,0.0,0.0,2.1056144483706323,0.0865997718229123
2026-09-21T09:59:25.147879+00:00,20.956753967506412,80.931027678059,15.8,97.4,1000.5,13.5,116.5,3.1,9,0,21,9,3,0,0.7071067811865476,-0.7071067811865475,-0.8660254037844384,-0.5000000000000004,1,0.14719664457400344,0.9221768741330323,0.357663194416736,9066.333632384949,0.0,0.0,0.0,0.0,0.0,0,0,0.4,0,0,-4.199999999999999,0.25881904510252074,0.4641016151377546,0,0.0,0.0,0.0,4.8,0.0,0.07071067811865475,0,0,15.38827259299399,0.046594036704242114,-12.081613881627337,6.023670476982419,1,1.0,0.0,6.340585348656986,0,0.0,0.0,0.9057152635181384,0.06846356123215629
2026-09-21T08:59:25.147879+00:00,25.70595829778396,88.97215757953327,16.0,58.1,1007.9,55.2,153.2,9.2,8,0,21,9,3,0,0.8660254037844387,-0.4999999999999998,-0.8660254037844384,-0.5000000000000004,1,0.016162955880961095,0.9008869399962278,0.4337527869667505,9904.564722049598,0.0,0.0,0.0,0.0,0.0,0,0,0.4,0,0,-4.0,0.25881904510252074,0.4641016151377546,0,0.0,0.0,0.0,4.8,0.0,0.07071067811865475,0,0,7.762644612679637,0.7605279745992022,-24.888440246056593,49.270737178557326,0,1.0,0.0,6.340585348656986,0,0.0,0.0,3.451520367183018,4.680318557475583
2026-09-21T07:59:25.147879+00:00,26.08628038893518,89.0041805716333,37.2,55.3,992.5,17.1,182.7,8.1,7,0,21,9,3,0,0.9659258262890683,-0.25881904510252063,-0.8660254037844384,-0.5000000000000004,1,0.015609058215861914,0.8979972458090931,0.4397241224005081,9908.094049486948,0.0,0.0,0.0,0.0,0.0,0,0,0.4,0,0,17.200000000000003,0.25881904510252074,0.4641016151377546,0,0.0,0.0,0.0,4.8,0.0,0.07071067811865475,0,0,26.71072802283958,2.825808977352259,0.8055203071348829,17.08101686184969,1,1.0,0.0,6.340585348656986,0,0.0,0.0,4.159493670886076,0.1391382419233659
2026-09-21T06:59:25.147879+00:00,24.49021758055597,86.33101457273268,24.7,82.8,988.5,30.7,87.3,9.6,6,0,21,9,3,0,1.0,6.123233995736766e-17,-0.8660254037844384,-0.5000000000000004,1,0.05823488145615323,0.9081668622083222,0.4145378739855722,9636.318943952963,0.0,0.0,0.0,0.0,0.0,0,0,0.4,0,0,4.699999999999999,0.25881904510252074,0.4641016151377546,0,0.0,0.0,0.0,4.8,0.0,0.07071067811865475,0,0,21.571999827441218,0.5338527658578913,-30.66591916133248,-1.4461680367860301,1,1.0,0.0,6.340585348656986,0,0.0,0.0,2.5207125603864737,0.8051435289534463
2026-09-21T05:59:25.147879+00:00,26.16773743963649,83.390297910487,18.4,53.2,1000.9,76.4,41.3,1.3,5,0,21,9,3,0,0.9659258262890683,0.25881904510252074,-0.8660254037844384,-0.5000000000000004,1,0.10330784726679934,0.8915413651683068,0.4410005474905122,9348.192715748915,0.0,0.0,0.0,0.0,0.0,0,0,0.4,0,0,-1.6000000000000014,0.25881904510252074,0.4641016151377546,0,0.0,0.0,0.0,4.8,0.0,0.07071067811865475,0,0,8.698639183209925,0.9885571043615775,-50.42412743221557,-57.39657979966826,1,1.0,0.0,6.340585348656986,0,0.0,0.0,5.556892230576441,12.40904204580238
2026-09-21T04:59:25.147879+00:00,23.95036477091513,83.49209574612661,29.1,93.3,995.9,41.3,219.8,13.2,4,0,21,9,3,0,0.8660254037844386,0.5000000000000001,-0.8660254037844384,-0.5000000000000004,1,0.10358139619268683,0.9080085242222793,0.4059450877919969,9346.440535465312,0.0,0.0,0.0,0.0,0.0,0,0,0.4,0,0,9.100000000000001,0.25881904510252074,0.4641016151377546,0,0.0,0.0,0.0,4.8,0.0,0.07071067811865475,0,0,27.902862563748855,0.26916406367147605,26.43653058872866,31.73010952441251,1,1.0,0.0,6.340585348656986,0,0.0,0.0,3.186548767416935,1.9602358850210089
2026-09-21T03:59:25.147879+00:00,24.181862635055957,87.2595567887024,35.8,88.4,1006.3,57.4,103.9,14.0,3,0,21,9,3,0,0.7071067811865475,0.7071067811865476,-0.8660254037844384,-0.5000000000000004,1,0.0436160534924904,0.9112065628494275,0.4096342755408446,9729.577341736373,0.0,0.0,0.0,0.0,0.0,0,0,0.4,0,0,15.799999999999997,0.25881904510252074,0.4641016151377546,0,0.0,0.0,0.0,4.8,0.0,0.07071067811865475,0,0,33.57158073920114,0.6793538493657207,-55.719126042588144,13.789089638194946,0,1.0,0.0,6.340585348656986,0,0.0,0.0,5.224208144796379,5.262521189860032
2026-09-21T02:59:25.147879+00:00,23.4203281468684,88.97110259952578,20.8,59.2,983.5,16.3,209.2,8.9,2,0,21,9,3,0,0.49999999999999994,0.8660254037844387,-0.8660254037844384,-0.5000000000000004,1,0.01647729688862119,0.917465711876613,0.3974734786347187,9902.56178872661,0.0,0.0,0.0,0.0,0.0,0,0,0.4,0,0,0.8000000000000007,0.25881904510252074,0.4641016151377546,0,0.0,0.0,0.0,4.8,0.0,0.07071067811865475,0,0,12.539023611426982,1.0001104726841528,7.952112443961338,14.228629859497902,1,1.0,0.0,6.340585348656986,0,0.0,0.0,2.1256756756756756,0.1205094192614854
2026-09-21T01:59:25.147879+00:00,20.20335301395276,88.87086424265118,31.8,81.1,1023.8,18.0,55.6,10.8,1,0,21,9,3,0,0.25881904510252074,0.9659258262890683,-0.8660254037844384,-0.5000000000000004,1,0.01849341489671819,0.9382905818853262,0.3453531200825524,9889.715134715772,0.0,0.0,0.0,0.0,0.0,0,0,0.4,0,0,11.8,0.25881904510252074,0.4641016151377546,0,0.0,0.0,0.0,4.8,0.0,0.07071067811865475,0,0,28.143871537062815,0.8858294903866129,-14.852042969009313,-10.169406061648884,0,1.0,0.0,6.340585348656986,0,0.0,0.0,2.4833538840937117,0.16228399699474075
2026-09-21T00:59:25.147879+00:00,20.863131415946437,87.79875545857624,17.3,81.3,1024.4,5.4,173.2,13.9,0,0,21,9,3,0,0.0,1.0,-0.8660254037844384,-0.5000000000000004,1,0.03589114981606692,0.933744298786047,0.3561367853078842,9778.83176117679,0.0,0.0,0.0,0.0,0.0,0,0,0.4,0,0,-2.6999999999999993,0.25881904510252074,0.4641016151377546,0,0.0,0.0,0.0,4.8,0.0,0.07071067811865475,0,0,14.062345602661157,0.36861072711454757,-0.6393814288551066,5.3620137437753,0,1.0,0.0,6.340585348656986,0,0.0,0.0,0.9008200082000819,0.0043816679188580015
