timestamp,latitude,longitude,rainfall_mm,duration_hours,intensity,hour,day_of_week,day_of_month,month,quarter,is_weekend,hour_sin,hour_cos,month_sin,month_cos,is_monsoon_season,geo_x,geo_y,geo_z,dist_to_origin_km,rain_intensity_mm_per_h,rain_rolling_3h,rain_rolling_6h,rain_rolling_24h,antecedent_precipitation_index,is_heavy_rain,is_extreme_rain,soil_saturation_ratio,is_soil_supersaturated,is_soil_dry,gravitational_shear_index,slope_friction_ratio,is_critical_fos,pore_pressure_impact,displacement_velocity,crack_dilation_rate,seismic_energy_log10_j,arias_intensity_proxy,depth_attenuation_factor,is_strong_motion,is_major_quake,dew_point_c,vapor_pressure_deficit_kpa,wind_u,wind_v,is_low_pressure_system,aspect_northness,aspect_eastness,topographic_wetness_index,is_steep_slope,landslide_susceptibility_index,flood_potential_index,fire_danger_index,cyclone_power_dissipation_index
2026-09-25T03:59:25.147879+00:00,22.9963209507789,80.31429185686734,22.11,6.0,27.22,3,4,25,9,3,0,0.7071067811865475,0.7071067811865476,-0.8660254037844384,-0.5000000000000004,1,0.15487317958197877,0.9074082160279219,0.39067202066591905,9016.85874164063,3.685,22.11,22.11,22.11,22.11,0,0,0.4,0,0,0.25881904510252074,0.4641016151377546,0,0.0,0.0,0.0,4.8,0.0,0.07071067811865475,0,0,16.68424959549877,1.2638979098002647,-0.0,-5.0,0,1.0,0.0,6.340585348656986,0,0.0,0.0,2.5,0.027826474107465846
2026-09-25T02:59:25.147879+00:00,27.60571445127933,86.3641041126378,2.98,1.0,30.09,2,4,25,9,3,0,0.49999999999999994,0.8660254037844387,-0.8660254037844384,-0.5000000000000004,1,0.05619635386867884,0.8843737048603737,0.4633844192065619,9649.327715878902,2.98,25.09,25.09,25.09,21.7735,0,0,0.4,0,0,0.25881904510252074,0.4641016151377546,0,0.0,0.0,0.0,4.8,0.0,0.07071067811865475,0,0,16.68424959549877,1.2638979098002647,-0.0,-5.0,0,1.0,0.0,6.340585348656986,0,0.0,0.0,2.5,0.027826474107465846
2026-09-25T01:59:25.147879+00:00,25.85595153449124,83.14355981076326,15.46,6.0,8.3,1,4,25,9,3,0,0.25881904510252074,0.9659258262890683,-0.8660254037844384,-0.5000000000000004,1,0.1074311081414237,0.8934576366307428,0.4361100876495673,9321.776345070812,2.5766666666666667,40.55,40.55,40.55,33.967475,0,0,0.4,0,0,0.25881904510252074,0.4641016151377546,0,0.0,0.0,0.0,4.8,0.0,0.07071067811865475,0,0,16.68424959549877,1.2638979098002647,-0.0,-5.0,0,1.0,0.0,6.340585348656986,0,0.0,0.0,2.5,0.027826474107465846
2026-09-25T00:59:25.147879+00:00,24.789267873576293,85.08570691164702,16.8,24.0,41.19,0,4,25,9,3,0,0.0,1.0,-0.8660254037844384,-0.5000000000000004,1,0.07777191375222667,0.9045187127293907,0.41928203843437206,9511.557683467407,0.7000000000000001,35.24,57.35,57.35,45.67235375,0,0,0.4,0,0,0.25881904510252074,0.4641016151377546,0,0.0,0.0,0.0,4.8,0.0,0.07071067811865475,0,0,16.68424959549877,1.2638979098002647,-0.0,-5.0,0,1.0,0.0,6.340585348656986,0,0.0,0.0,2.5,0.027826474107465846
2026-09-24T23:59:25.147879+00:00,21.24814912353949,89.07566473926093,9.93,1.0,19.14,23,3,24,9,3,0,-0.25881904510252157,0.9659258262890681,-0.8660254037844384,-0.5000000000000004,1,0.015035334138100119,0.9318982941038232,0.36240793061650867,9911.749674776755,9.93,42.190000000000005,67.28,67.28,48.7515006875,0,0,0.4,0,0,0.25881904510252074,0.4641016151377546,0,0.0,0.0,0.0,4.8,0.0,0.07071067811865475,0,0,16.68424959549877,1.2638979098002647,-0.0,-5.0,0,1.0,0.0,6.340585348656986,0,0.0,0.0,2.5,0.027826474107465846
2026-09-24T22:59:25.147879+00:00,21.247956162689626,82.49292229148875,24.0,6.0,17.55,22,3,24,9,3,0,-0.5000000000000004,0.8660254037844384,-0.8660254037844384,-0.5000000000000004,1,0.12176727175808955,0.9240321955647548,0.36240479175691126,9229.83408945447,4.0,50.730000000000004,91.28,91.28,65.438775584375,0,0,0.4,0,0,0.25881904510252074,0.4641016151377546,0,0.0,0.0,0.0,4.8,0.0,0.07071067811865475,0,0,16.68424959549877,1.2638979098002647,-0.0,-5.0,0,1.0,0.0,6.340585348656986,0,0.0,0.0,2.5,0.027826474107465846
2026-09-24T21:59:25.147879+00:00,20.4646688973456,84.1038292303563,49.03,24.0,23.59,21,3,24,9,3,0,-0.7071067811865477,0.7071067811865474,-0.8660254037844384,-0.5000000000000004,1,0.09624280728718161,0.9319315318121218,0.34962972136217857,9393.429916865192,2.0429166666666667,82.96000000000001,118.2,140.31,104.65295924671875,0,0,0.4,0,0,0.25881904510252074,0.4641016151377546,0,0.0,0.0,0.0,4.8,0.0,0.07071067811865475,0,0,16.68424959549877,1.2638979098002647,-0.0,-5.0,0,1.0,0.0,6.340585348656986,0,0.0,0.0,2.5,0.027826474107465846
2026-09-24T20:59:25.147879+00:00,26.92940916619948,87.55551138543049,46.76,1.0,2.59,20,3,24,9,3,0,-0.8660254037844386,0.5000000000000001,-0.8660254037844384,-0.5000000000000004,1,0.03802653244605058,0.8907538711952696,0.45289239757449073,9765.217934721368,46.76,119.78999999999999,161.98,187.07,135.71501535971095,1,1,0.4,0,0,0.25881904510252074,0.4641016151377546,0,0.0,0.0,0.0,4.8,0.0,0.07071067811865475,0,0,16.68424959549877,1.2638979098002647,-0.0,-5.0,0,1.0,0.0,6.340585348656986,0,0.0,0.0,2.5,0.027826474107465846
2026-09-24T19:59:25.147879+00:00,24.80892009394567,82.28798165491622,10.79,24.0,7.9,19,3,24,9,3,0,-0.9659258262890684,0.2588190451025203,-0.8660254037844384,-0.5000000000000004,1,0.1218095723995341,0.8995019748717025,0.4195934047071639,9229.562570906593,0.4495833333333333,106.58,157.31,197.86,126.1477630557543,0,0,0.4,0,0,0.25881904510252074,0.4641016151377546,0,0.0,0.0,0.0,4.8,0.0,0.07071067811865475,0,0,16.68424959549877,1.2638979098002647,-0.0,-5.0,0,1.0,0.0,6.340585348656986,0,0.0,0.0,2.5,0.027826474107465846
2026-09-24T18:59:25.147879+00:00,25.66458062236836,80.76979909828793,2.16,3.0,33.34,18,3,24,9,3,0,-1.0,-1.8369701987210297e-16,-0.8660254037844384,-0.5000000000000004,1,0.14457706994605857,0.8896741845782724,0.4331019696801189,9083.203432784892,0.7200000000000001,59.709999999999994,142.67000000000002,200.02,109.38559859739115,0,0,0.4,0,0,0.25881904510252074,0.4641016151377546,0,0.0,0.0,0.0,4.8,0.0,0.07071067811865475,0,0,16.68424959549877,1.2638979098002647,-0.0,-5.0,0,1.0,0.0,6.340585348656986,0,0.0,0.0,2.5,0.027826474107465846
2026-09-24T17:59:25.147879+00:00,20.16467595436642,82.89751452913768,75.41,3.0,4.18,17,3,24,9,3,0,-0.9659258262890683,-0.25881904510252063,-0.8660254037844384,-0.5000000000000004,1,0.11606582256625664,0.9315026400958856,0.3447195328472315,9266.417662098404,25.136666666666667,88.35999999999999,208.14999999999998,275.43,168.38775880778246,1,0,0.4,0,0,0.25881904510252074,0.4641016151377546,0,0.0,0.0,0.0,4.8,0.0,0.07071067811865475,0,0,16.68424959549877,1.2638979098002647,-0.0,-5.0,0,1.0,0.0,6.340585348656986,0,0.0,0.0,2.5,0.027826474107465846
2026-09-24T16:59:25.147879+00:00,27.759278817295957,81.61221287254004,32.86,1.0,27.34,16,3,24,9,3,0,-0.8660254037844384,-0.5000000000000004,-0.8660254037844384,-0.5000000000000004,1,0.1290840545597395,0.8754467125991686,0.4657578343492753,9182.847704994147,32.86,110.42999999999999,217.01,308.28999999999996,175.9895949866151,1,0,0.4,0,0,0.25881904510252074,0.4641016151377546,0,0.0,0.0,0.0,4.8,0.0,0.07071067811865475,0,0,16.68424959549877,1.2638979098002647,-0.0,-5.0,0,1.0,0.0,6.340585348656986,0,0.0,0.0,2.5,0.027826474107465846
2026-09-24T15:59:25.147879+00:00,26.659541126403376,89.29697652342573,2.4,6.0,11.42,15,3,24,9,3,0,-0.7071067811865471,-0.7071067811865479,-0.8660254037844384,-0.5000000000000004,1,0.010965348580884467,0.8936211742706457,0.4486880408765672,9937.681762139753,0.39999999999999997,110.66999999999999,170.38,310.69,151.99115573862284,0,0,0.4,0,0,0.25881904510252074,0.4641016151377546,0,0.0,0.0,0.0,4.8,0.0,0.07071067811865475,0,0,16.68424959549877,1.2638979098002647,-0.0,-5.0,0,1.0,0.0,6.340585348656986,0,0.0,0.0,2.5,0.027826474107465846
2026-09-24T14:59:25.147879+00:00,21.69871288542621,88.08120379564417,45.65,1.0,17.82,14,3,24,9,3,0,-0.4999999999999997,-0.8660254037844388,-0.8660254037844384,-0.5000000000000004,1,0.0311104722137967,0.9286198945948283,0.36972588478672225,9809.306593134743,45.65,80.90999999999998,169.26999999999998,356.34,174.8424823778294,1,1,0.4,0,0,0.25881904510252074,0.4641016151377546,0,0.0,0.0,0.0,4.8,0.0,0.07071067811865475,0,0,16.68424959549877,1.2638979098002647,-0.0,-5.0,0,1.0,0.0,6.340585348656986,0,0.0,0.0,2.5,0.027826474107465846
2026-09-24T13:59:25.147879+00:00,21.454599737656807,86.33403756510424,36.71,24.0,13.35,13,3,24,9,3,0,-0.2588190451025208,-0.9659258262890683,-0.8660254037844384,-0.5000000000000004,1,0.05950895389270624,0.9288032517288493,0.3657638636942033,9628.187724664893,1.5295833333333333,84.75999999999999,195.18999999999997,393.05,185.32611002115502,0,0,0.4,0,0,0.25881904510252074,0.4641016151377546,0,0.0,0.0,0.0,4.8,0.0,0.07071067811865475,0,0,16.68424959549877,1.2638979098002647,-0.0,-5.0,0,1.0,0.0,6.340585348656986,0,0.0,0.0,2.5,0.027826474107465846
2026-09-24T12:59:25.147879+00:00,21.46723607882747,88.71460590187718,13.17,6.0,16.33,12,3,24,9,3,0,1.2246467991473532e-16,-1.0,-0.8660254037844384,-0.5000000000000004,1,0.0208762690160507,0.9303928126053239,0.3659691184298535,9874.531025371218,2.195,95.52999999999997,206.2,406.21999999999997,170.69719351798176,0,0,0.4,0,0,0.25881904510252074,0.4641016151377546,0,0.0,0.0,0.0,4.8,0.0,0.07071067811865475,0,0,16.68424959549877,1.2638979098002647,-0.0,-5.0,0,1.0,0.0,6.340585348656986,0,0.0,0.0,2.5,0.027826474107465846
2026-09-24T11:59:25.147879+00:00,22.433937943676305,88.03672076899115,16.1,3.0,32.5,11,3,24,9,3,0,0.258819045102521,-0.9659258262890682,-0.8660254037844384,-0.5000000000000004,1,0.03166626716387689,0.9237775661690467,0.3816179447650472,9805.763877837702,5.366666666666667,65.97999999999999,146.89000000000001,422.32,161.19261449028448,0,0,0.4,0,0,0.25881904510252074,0.4641016151377546,0,0.0,0.0,0.0,4.8,0.0,0.07071067811865475,0,0,16.68424959549877,1.2638979098002647,-0.0,-5.0,0,1.0,0.0,6.340585348656986,0,0.0,0.0,2.5,0.027826474107465846
2026-09-24T10:59:25.147879+00:00,24.198051453057904,81.86570058886036,9.16,6.0,13.72,10,3,24,9,3,0,0.49999999999999994,-0.8660254037844387,-0.8660254037844384,-0.5000000000000004,1,0.129061379530688,0.9029571957783534,0.40989201371303635,9182.993386208462,1.5266666666666666,38.42999999999999,123.19,431.48,146.17372231674182,0,0,0.4,0,0,0.25881904510252074,0.4641016151377546,0,0.0,0.0,0.0,4.8,0.0,0.07071067811865475,0,0,16.68424959549877,1.2638979098002647,-0.0,-5.0,0,1.0,0.0,6.340585348656986,0,0.0,0.0,2.5,0.027826474107465846
2026-09-24T09:59:25.147879+00:00,23.455560149136925,88.92558998489977,1.01,3.0,25.71,9,3,24,9,3,0,0.7071067811865476,-0.7071067811865475,-0.8660254037844384,-0.5000000000000004,1,0.017201489693343903,0.9172077911176658,0.39803765734586233,9897.947301966544,0.33666666666666667,26.26999999999999,121.8,432.49,125.25766396923055,0,0,0.4,0,0,0.25881904510252074,0.4641016151377546,0,0.0,0.0,0.0,4.8,0.0,0.07071067811865475,0,0,16.68424959549877,1.2638979098002647,-0.0,-5.0,0,1.0,0.0,6.340585348656986,0,0.0,0.0,2.5,0.027826474107465846
2026-09-24T08:59:25.147879+00:00,22.329833121584336,85.39342241915651,7.35,6.0,21.68,8,3,24,9,3,0,0.8660254037844387,-0.4999999999999998,-0.8660254037844384,-0.5000000000000004,1,0.07429081786861282,0.9220239167170566,0.3799378519997063,9533.800139226209,1.2249999999999999,17.519999999999985,83.5,439.84,113.81901437384596,0,0,0.4,0,0,0.25881904510252074,0.4641016151377546,0,0.0,0.0,0.0,4.8,0.0,0.07071067811865475,0,0,16.68424959549877,1.2638979098002647,-0.0,-5.0,0,1.0,0.0,6.340585348656986,0,0.0,0.0,2.5,0.027826474107465846
2026-09-24T07:59:25.147879+00:00,24.89482315777904,88.07440155164062,29.23,6.0,30.03,7,3,24,9,3,0,0.9659258262890683,-0.25881904510252063,-0.8660254037844384,-0.5000000000000004,1,0.030479505024423068,0.9065698260938048,0.4209538575541444,9813.328392616724,4.871666666666667,37.58999999999999,76.02000000000001,469.07,125.97616221776907,0,0,0.4,0,0,0.25881904510252074,0.4641016151377546,0,0.0,0.0,0.0,4.8,0.0,0.07071067811865475,0,0,16.68424959549877,1.2638979098002647,-0.0,-5.0,0,1.0,0.0,6.340585348656986,0,0.0,0.0,2.5,0.027826474107465846
2026-09-24T06:59:25.147879+00:00,21.115950885216336,88.96091299923494,0.08,6.0,42.19,6,3,24,9,3,0,1.0,6.123233995736766e-17,-0.8660254037844384,-0.5000000000000004,1,0.016916823351703088,0.932699875554372,0.36025652419983506,9899.76117518647,0.013333333333333334,36.65999999999999,62.93,469.15,107.15973788510371,0,0,0.4,0,0,0.25881904510252074,0.4641016151377546,0,0.0,0.0,0.0,4.8,0.0,0.07071067811865475,0,0,16.68424959549877,1.2638979098002647,-0.0,-5.0,0,1.0,0.0,6.340585348656986,0,0.0,0.0,2.5,0.027826474107465846
2026-09-24T05:59:25.147879+00:00,22.337157188281743,83.18003474971864,7.3,24.0,33.1,5,3,24,9,3,0,0.9659258262890683,0.25881904510252074,-0.8660254037844384,-0.5000000000000004,1,0.10983938012522076,0.9184185741030555,0.380056092328774,9306.341894335503,0.30416666666666664,36.609999999999985,54.13,476.45,98.38577720233815,0,0,0.4,0,0,0.25881904510252074,0.4641016151377546,0,0.0,0.0,0.0,4.8,0.0,0.07071067811865475,0,0,16.68424959549877,1.2638979098002647,-0.0,-5.0,0,1.0,0.0,6.340585348656986,0,0.0,0.0,2.5,0.027826474107465846
2026-09-24T04:59:25.147879+00:00,22.930894746349534,81.10051924527677,9.14,24.0,10.06,4,3,24,9,3,0,0.8660254037844386,0.5000000000000001,-0.8660254037844384,-0.5000000000000004,1,0.14247622177700275,0.909888073359467,0.3896206105769399,9096.727966032371,0.38083333333333336,16.519999999999985,54.11,485.59,92.76791062198743,0,0,0.4,0,0,0.25881904510252074,0.4641016151377546,0,0.0,0.0,0.0,4.8,0.0,0.07071067811865475,0,0,16.68424959549877,1.2638979098002647,-0.0,-5.0,0,1.0,0.0,6.340585348656986,0,0.0,0.0,2.5,0.027826474107465846
2026-09-24T03:59:25.147879+00:00,23.64855987373629,82.27935162541942,13.88,1.0,1.89,3,3,24,9,3,0,0.7071067811865475,0.7071067811865476,-0.8660254037844384,-0.5000000000000004,1,0.12306157371665624,0.9077192052710238,0.40112553328917006,9221.52560354425,13.88,30.319999999999986,66.98,477.35999999999996,92.7327240286893,0,0,0.4,0,0,0.25881904510252074,0.4641016151377546,0,0.0,0.0,0.0,4.8,0.0,0.07071067811865475,0,0,16.68424959549877,1.2638979098002647,-0.0,-5.0,0,1.0,0.0,6.340585348656986,0,0.0,0.0,2.5,0.027826474107465846
2026-09-24T02:59:25.147879+00:00,26.28140769114411,84.27107788626256,45.43,1.0,12.17,2,3,24,9,3,0,0.49999999999999994,0.8660254037844387,-0.8660254037844384,-0.5000000000000004,1,0.08950344015564977,0.8921517669395517,0.4427802603402053,9436.552888542285,45.43,68.44999999999999,105.06,519.8100000000001,124.25281542438591,1,1,0.4,0,0,0.25881904510252074,0.4641016151377546,0,0.0,0.0,0.0,4.8,0.0,0.07071067811865475,0,0,16.68424959549877,1.2638979098002647,-0.0,-5.0,0,1.0,0.0,6.340585348656986,0,0.0,0.0,2.5,0.027826474107465846
2026-09-24T01:59:25.147879+00:00,21.59739025726688,88.18014765922493,7.65,3.0,26.98,1,3,24,9,3,0,0.25881904510252074,0.9659258262890683,-0.8660254037844384,-0.5000000000000004,1,0.029527513984036895,0.9293242804752256,0.36808220228248845,9819.396259558835,2.5500000000000003,66.95999999999998,83.48,512.0,113.26489311072802,0,0,0.4,0,0,0.25881904510252074,0.4641016151377546,0,0.0,0.0,0.0,4.8,0.0,0.07071067811865475,0,0,16.68424959549877,1.2638979098002647,-0.0,-5.0,0,1.0,0.0,6.340585348656986,0,0.0,0.0,2.5,0.027826474107465846
2026-09-24T00:59:25.147879+00:00,24.113875507308894,88.60730583256344,7.67,24.0,2.79,0,3,24,9,3,0,0.0,1.0,-0.8660254037844384,-0.5000000000000004,1,0.02218376149690241,0.9124656390204463,0.4085515124593925,9866.19905885105,0.31958333333333333,60.74999999999998,91.07,502.86999999999995,103.94515914411882,0,0,0.4,0,0,0.25881904510252074,0.4641016151377546,0,0.0,0.0,0.0,4.8,0.0,0.07071067811865475,0,0,16.68424959549877,1.2638979098002647,-0.0,-5.0,0,1.0,0.0,6.340585348656986,0,0.0,0.0,2.5,0.027826474107465846
2026-09-23T23:59:25.147879+00:00,24.73931655089634,80.06952130531191,24.08,3.0,22.59,23,2,23,9,3,0,-0.25881904510252157,0.9659258262890681,-0.8660254037844384,-0.5000000000000004,1,0.1566255727917589,0.8946140049551101,0.41849039664708165,9005.556314944539,8.026666666666666,39.39999999999998,107.85,517.02,112.43338527250098,0,0,0.4,0,0,0.25881904510252074,0.4641016151377546,0,0.0,0.0,0.0,4.8,0.0,0.07071067811865475,0,0,16.68424959549877,1.2638979098002647,-0.0,-5.0,0,1.0,0.0,6.340585348656986,0,0.0,0.0,2.5,0.027826474107465846
2026-09-23T22:59:25.147879+00:00,20.371603301759983,85.10747302577566,10.83,1.0,27.06,22,2,23,9,3,0,-0.5000000000000004,0.8660254037844384,-0.8660254037844384,-0.5000000000000004,1,0.07995266526760955,0.9340389492806009,0.34810747269111647,9497.620706299112,10.83,42.57999999999998,109.54,503.84999999999997,106.39837748162583,0,0,0.4,0,0,0.25881904510252074,0.4641016151377546,0,0.0,0.0,0.0,4.8,0.0,0.07071067811865475,0,0,16.68424959549877,1.2638979098002647,-0.0,-5.0,0,1.0,0.0,6.340585348656986,0,0.0,0.0,2.5,0.027826474107465846
2026-09-23T21:59:25.147879+00:00,24.860358815211505,84.17411003148779,4.58,3.0,15.37,21,2,23,9,3,0,-0.7071067811865477,0.7071067811865474,-0.8660254037844384,-0.5000000000000004,1,0.0920998102984722,0.9026486617779007,0.42040815683517685,9419.942793254535,1.5266666666666666,39.48999999999998,100.24,459.4,95.01862085938195,0,0,0.4,0,0,0.25881904510252074,0.4641016151377546,0,0.0,0.0,0.0,4.8,0.0,0.07071067811865475,0,0,16.68424959549877,1.2638979098002647,-0.0,-5.0,0,1.0,0.0,6.340585348656986,0,0.0,0.0,2.5,0.027826474107465846
2026-09-23T20:59:25.147879+00:00,21.36419298949833,82.2210781047073,10.84,1.0,34.81,20,2,23,9,3,0,-0.8660254037844386,0.5000000000000001,-0.8660254037844384,-0.5000000000000004,1,0.12605025400865846,0.922713712933796,0.3642948495769342,9202.335270882384,10.84,26.24999999999998,65.65,423.48,91.60582773047466,0,0,0.4,0,0,0.25881904510252074,0.4641016151377546,0,0.0,0.0,0.0,4.8,0.0,0.07071067811865475,0,0,16.68424959549877,1.2638979098002647,-0.0,-5.0,0,1.0,0.0,6.340585348656986,0,0.0,0.0,2.5,0.027826474107465846
2026-09-23T19:59:25.147879+00:00,20.52041274388224,81.19865367333682,2.73,24.0,5.24,19,2,23,9,3,0,-0.9659258262890684,0.2588190451025203,-0.8660254037844384,-0.5000000000000004,1,0.1433002290667324,0.925519316278947,0.3505410668437756,9091.423788368871,0.11375,18.149999999999977,60.73,415.41999999999996,80.59495357090346,0,0,0.4,0,0,0.25881904510252074,0.4641016151377546,0,0.0,0.0,0.0,4.8,0.0,0.07071067811865475,0,0,16.68424959549877,1.2638979098002647,-0.0,-5.0,0,1.0,0.0,6.340585348656986,0,0.0,0.0,2.5,0.027826474107465846
2026-09-23T18:59:25.147879+00:00,27.591084298026665,83.37615171403628,3.49,6.0,3.84,18,2,23,9,3,0,-1.0,-1.8369701987210297e-16,-0.8660254037844384,-0.5000000000000004,1,0.10223244096511783,0.8803596286248672,0.463158128830532,9355.080600087102,0.5816666666666667,17.059999999999977,56.55,416.75,71.99571053526793,0,0,0.4,0,0,0.25881904510252074,0.4641016151377546,0,0.0,0.0,0.0,4.8,0.0,0.07071067811865475,0,0,16.68424959549877,1.2638979098002647,-0.0,-5.0,0,1.0,0.0,6.340585348656986,0,0.0,0.0,2.5,0.027826474107465846
2026-09-23T17:59:25.147879+00:00,27.725056264596475,89.4290970391252,12.42,24.0,32.9,17,2,23,9,3,0,-0.9659258262890683,-0.25881904510252063,-0.8660254037844384,-0.5000000000000004,1,0.008820010510761065,0.8851463167594978,0.46522919657055567,9951.350382463508,0.5175,18.63999999999998,44.89,353.76,73.61635395497774,0,0,0.4,0,0,0.25881904510252074,0.4641016151377546,0,0.0,0.0,0.0,4.8,0.0,0.07071067811865475,0,0,16.68424959549877,1.2638979098002647,-0.0,-5.0,0,1.0,0.0,6.340585348656986,0,0.0,0.0,2.5,0.027826474107465846
2026-09-23T16:59:25.147879+00:00,26.46717878493169,83.23202932020756,9.77,3.0,22.55,16,2,23,9,3,0,-0.8660254037844384,-0.5000000000000004,-0.8660254037844384,-0.5000000000000004,1,0.10549710365841351,0.8889517220275523,0.4456850872801727,9334.168318850985,3.2566666666666664,25.67999999999998,43.83,330.66999999999996,72.34390086173107,0,0,0.4,0,0,0.25881904510252074,0.4641016151377546,0,0.0,0.0,0.0,4.8,0.0,0.07071067811865475,0,0,16.68424959549877,1.2638979098002647,-0.0,-5.0,0,1.0,0.0,6.340585348656986,0,0.0,0.0,2.5,0.027826474107465846
2026-09-23T15:59:25.147879+00:00,22.436910153386965,85.18790621743366,44.34,3.0,31.13,15,2,23,9,3,0,-0.7071067811865471,-0.7071067811865479,-0.8660254037844384,-0.5000000000000004,1,0.0775378722458518,0.9210423575073556,0.3816658932166698,9513.053278156034,14.780000000000001,66.52999999999999,83.59,372.61,105.83231573247141,0,0,0.4,0,0,0.25881904510252074,0.4641016151377546,0,0.0,0.0,0.0,4.8,0.0,0.07071067811865475,0,0,16.68424959549877,1.2638979098002647,-0.0,-5.0,0,1.0,0.0,6.340585348656986,0,0.0,0.0,2.5,0.027826474107465846
2026-09-23T14:59:25.147879+00:00,20.781376912051076,87.03018958895177,8.1,24.0,19.85,14,2,23,9,3,0,-0.4999999999999997,-0.8660254037844388,-0.8660254037844384,-0.5000000000000004,1,0.048439074522522094,0.9336853972388781,0.35480309333809357,9698.817244246247,0.33749999999999997,62.20999999999999,80.85,335.06,98.0574683726007,0,0,0.4,0,0,0.25881904510252074,0.4641016151377546,0,0.0,0.0,0.0,4.8,0.0,0.07071067811865475,0,0,16.68424959549877,1.2638979098002647,-0.0,-5.0,0,1.0,0.0,6.340585348656986,0,0.0,0.0,2.5,0.027826474107465846
2026-09-23T13:59:25.147879+00:00,25.47386421209725,83.63629602379294,15.64,24.0,11.46,13,2,23,9,3,0,-0.2588190451025208,-0.9659258262890683,-0.8660254037844384,-0.5000000000000004,1,0.1000637429482536,0.8972189316548831,0.43009933274449075,9368.968604263764,0.6516666666666667,68.07999999999998,93.75999999999999,313.99,98.98884811671059,0,0,0.4,0,0,0.25881904510252074,0.4641016151377546,0,0.0,0.0,0.0,4.8,0.0,0.07071067811865475,0,0,16.68424959549877,1.2638979098002647,-0.0,-5.0,0,1.0,0.0,6.340585348656986,0,0.0,0.0,2.5,0.027826474107465846
2026-09-23T12:59:25.147879+00:00,23.52121994991681,89.71782082720961,18.01,1.0,36.95,12,2,23,9,3,0,1.2246467991473532e-16,-1.0,-0.8660254037844384,-0.5000000000000004,1,0.004515734309065794,0.916901211671202,0.39908868209901877,9978.773556948254,18.01,41.74999999999998,108.28,318.83000000000004,102.150520899204,1,0,0.4,0,0,0.25881904510252074,0.4641016151377546,0,0.0,0.0,0.0,4.8,0.0,0.07071067811865475,0,0,16.68424959549877,1.2638979098002647,-0.0,-5.0,0,1.0,0.0,6.340585348656986,0,0.0,0.0,2.5,0.027826474107465846
2026-09-23T11:59:25.147879+00:00,20.976305878758232,89.62447294942112,0.24,3.0,36.07,11,2,23,9,3,0,0.258819045102521,-0.9659258262890682,-0.8660254037844384,-0.5000000000000004,1,0.006119784381859433,0.9337084911335485,0.3579818456629215,9968.554008340661,0.08,33.88999999999998,96.1,302.97,87.06794276432339,0,0,0.4,0,0,0.25881904510252074,0.4641016151377546,0,0.0,0.0,0.0,4.8,0.0,0.07071067811865475,0,0,16.68424959549877,1.2638979098002647,-0.0,-5.0,0,1.0,0.0,6.340585348656986,0,0.0,0.0,2.5,0.027826474107465846
2026-09-23T10:59:25.147879+00:00,23.96141528089016,82.51782295825365,19.61,3.0,31.41,10,2,23,9,3,0,0.49999999999999994,-0.8660254037844387,-0.8660254037844384,-0.5000000000000004,1,0.11899550027638738,0.9060383693834102,0.40612134161974717,9247.622413262125,6.536666666666666,37.85999999999997,105.94,313.41999999999996,93.61775134967488,0,0,0.4,0,0,0.25881904510252074,0.4641016151377546,0,0.0,0.0,0.0,4.8,0.0,0.07071067811865475,0,0,16.68424959549877,1.2638979098002647,-0.0,-5.0,0,1.0,0.0,6.340585348656986,0,0.0,0.0,2.5,0.027826474107465846
2026-09-23T09:59:25.147879+00:00,20.275108168921747,84.97248505892385,3.53,24.0,12.61,9,2,23,9,3,0,0.7071067811865476,-0.7071067811865475,-0.8660254037844384,-0.5000000000000004,1,0.08220428314354132,0.9344306776742234,0.3465281582413585,9483.228261757176,0.14708333333333332,23.379999999999978,65.13,315.94,83.10508864722364,0,0,0.4,0,0,0.25881904510252074,0.4641016151377546,0,0.0,0.0,0.0,4.8,0.0,0.07071067811865475,0,0,16.68424959549877,1.2638979098002647,-0.0,-5.0,0,1.0,0.0,6.340585348656986,0,0.0,0.0,2.5,0.027826474107465846
2026-09-23T08:59:25.147879+00:00,27.274563216630256,83.0087830981677,58.43,6.0,26.77,8,2,23,9,3,0,0.8660254037844387,-0.4999999999999998,-0.8660254037844384,-0.5000000000000004,1,0.1081847664977607,0.8822122243621183,0.45825500268286035,9316.946638779656,9.738333333333333,81.56999999999998,115.46,367.02000000000004,129.0693253501401,0,0,0.4,0,0,0.25881904510252074,0.4641016151377546,0,0.0,0.0,0.0,4.8,0.0,0.07071067811865475,0,0,16.68424959549877,1.2638979098002647,-0.0,-5.0,0,1.0,0.0,6.340585348656986,0,0.0,0.0,2.5,0.027826474107465846
2026-09-23T07:59:25.147879+00:00,22.070239852800132,82.84840494377468,2.9,3.0,16.56,7,2,23,9,3,0,0.9659258262890683,-0.25881904510252063,-0.8660254037844384,-0.5000000000000004,1,0.11537251776998499,0.9195142243574334,0.37574296180735345,9270.864581583404,0.9666666666666667,64.85999999999999,102.72,340.69,112.60892654761909,0,0,0.4,0,0,0.25881904510252074,0.4641016151377546,0,0.0,0.0,0.0,4.8,0.0,0.07071067811865475,0,0,16.68424959549877,1.2638979098002647,-0.0,-5.0,0,1.0,0.0,6.340585348656986,0,0.0,0.0,2.5,0.027826474107465846
2026-09-23T06:59:25.147879+00:00,25.300178274831858,80.36886947354533,9.64,6.0,4.58,6,2,23,9,3,0,1.0,6.123233995736766e-17,-0.8660254037844384,-0.5000000000000004,1,0.15125680536526176,0.8913384492315304,0.42736067642241715,9040.173412746066,1.6066666666666667,70.96999999999998,94.35000000000001,350.25,105.35758756547622,0,0,0.4,0,0,0.25881904510252074,0.4641016151377546,0,0.0,0.0,0.0,4.8,0.0,0.07071067811865475,0,0,16.68424959549877,1.2638979098002647,-0.0,-5.0,0,1.0,0.0,6.340585348656986,0,0.0,0.0,2.5,0.027826474107465846
2026-09-23T05:59:25.147879+00:00,22.49368860871529,86.09564333979897,1.61,24.0,41.32,5,2,23,9,3,0,0.9659258262890683,0.25881904510252074,-0.8660254037844384,-0.5000000000000004,1,0.06291089204897944,0.9217773552812769,0.382581660501724,9606.473249568959,0.06708333333333334,14.149999999999979,95.72,344.56,91.16394943065478,0,0,0.4,0,0,0.25881904510252074,0.4641016151377546,0,0.0,0.0,0.0,4.8,0.0,0.07071067811865475,0,0,16.68424959549877,1.2638979098002647,-0.0,-5.0,0,1.0,0.0,6.340585348656986,0,0.0,0.0,2.5,0.027826474107465846
2026-09-23T04:59:25.147879+00:00,24.160544169422487,85.02679023228862,103.83,24.0,6.59,4,2,23,9,3,0,0.8660254037844386,0.5000000000000001,-0.8660254037844384,-0.5000000000000004,1,0.07909608604724655,0.9089673040295302,0.4092948196316369,9503.095311185789,4.32625,115.07999999999998,179.94,439.25,181.31935701605656,0,0,0.4,0,0,0.25881904510252074,0.4641016151377546,0,0.0,0.0,0.0,4.8,0.0,0.07071067811865475,0,0,16.68424959549877,1.2638979098002647,-0.0,-5.0,0,1.0,0.0,6.340585348656986,0,0.0,0.0,2.5,0.027826474107465846
2026-09-23T03:59:25.147879+00:00,24.37368223474624,80.5147875124999,12.56,1.0,42.79,3,2,23,9,3,0,0.7071067811865475,0.7071067811865476,-0.8660254037844384,-0.5000000000000004,1,0.15010559123899436,0.8984200078478013,0.41268608042621036,9047.592506577681,12.56,117.99999999999997,188.97,437.93,166.68145346364807,0,0,0.4,0,0,0.25881904510252074,0.4641016151377546,0,0.0,0.0,0.0,4.8,0.0,0.07071067811865475,0,0,16.68424959549877,1.2638979098002647,-0.0,-5.0,0,1.0,0.0,6.340585348656986,0,0.0,0.0,2.5,0.027826474107465846
2026-09-23T02:59:25.147879+00:00,21.478835644204217,82.78646464236611,16.29,3.0,20.35,2,2,23,9,3,0,0.49999999999999994,0.8660254037844387,-0.8660254037844384,-0.5000000000000004,1,0.11684729607049571,0.9231876202577253,0.36615751692938353,9261.404785585792,5.43,132.67999999999998,146.83,408.79,157.96923544410086,0,0,0.4,0,0,0.25881904510252074,0.4641016151377546,0,0.0,0.0,0.0,4.8,0.0,0.07071067811865475,0,0,16.68424959549877,1.2638979098002647,-0.0,-5.0,0,1.0,0.0,6.340585348656986,0,0.0,0.0,2.5,0.027826474107465846
2026-09-23T01:59:25.147879+00:00,27.75667702211647,89.08265885966654,1.25,6.0,8.74,1,2,23,9,3,0,0.25881904510252074,0.9659258262890683,-0.8660254037844384,-0.5000000000000004,1,0.014167729498355788,0.8848199510781013,0.465717650100367,9917.277773449889,0.20833333333333334,30.099999999999973,145.18,402.39,135.52385012748573,0,0,0.4,0,0,0.25881904510252074,0.4641016151377546,0,0.0,0.0,0.0,4.8,0.0,0.07071067811865475,0,0,16.68424959549877,1.2638979098002647,-0.0,-5.0,0,1.0,0.0,6.340585348656986,0,0.0,0.0,2.5,0.027826474107465846
2026-09-23T00:59:25.147879+00:00,26.20106258688892,82.39561890666972,24.95,1.0,24.61,0,2,23,9,3,0,0.0,1.0,-0.8660254037844384,-0.5000000000000004,1,0.11873507492451567,0.8893592469891511,0.44152249294635,9249.29343004042,24.95,42.48999999999997,160.49,419.67,140.14527260836286,1,0,0.4,0,0,0.25881904510252074,0.4641016151377546,0,0.0,0.0,0.0,4.8,0.0,0.07071067811865475,0,0,16.68424959549877,1.2638979098002647,-0.0,-5.0,0,1.0,0.0,6.340585348656986,0,0.0,0.0,2.5,0.027826474107465846
2026-09-22T23:59:25.147879+00:00,27.515991532513517,81.44894872091223,4.24,3.0,39.35,23,1,22,9,3,0,-0.25881904510252157,0.9659258262890681,-0.8660254037844384,-0.5000000000000004,1,0.13187098586200408,0.877023139517249,0.46199616431209817,9164.939063339154,1.4133333333333333,30.43999999999997,163.12,399.83,123.36348171710843,0,0,0.4,0,0,0.25881904510252074,0.4641016151377546,0,0.0,0.0,0.0,4.8,0.0,0.07071067811865475,0,0,16.68424959549877,1.2638979098002647,-0.0,-5.0,0,1.0,0.0,6.340585348656986,0,0.0,0.0,2.5,0.027826474107465846
2026-09-22T22:59:25.147879+00:00,27.15861880342119,84.89452760277563,41.1,1.0,33.08,22,1,22,9,3,0,-0.5000000000000004,0.8660254037844384,-0.8660254037844384,-0.5000000000000004,1,0.07917801356447932,0.88621626918207,0.45645543747993195,9502.57170882315,41.1,70.28999999999996,100.39,430.1,145.95895945954217,1,1,0.4,0,0,0.25881904510252074,0.4641016151377546,0,0.0,0.0,0.0,4.8,0.0,0.07071067811865475,0,0,16.68424959549877,1.2638979098002647,-0.0,-5.0,0,1.0,0.0,6.340585348656986,0,0.0,0.0,2.5,0.027826474107465846
2026-09-22T21:59:25.147879+00:00,24.78319983048868,89.856504541106,4.13,24.0,36.39,21,1,22,9,3,0,-0.7071067811865477,0.7071067811865474,-0.8660254037844384,-0.5000000000000004,1,0.0022738053975637847,0.9078975831841735,0.41918588747398305,9993.056971339458,0.17208333333333334,49.46999999999997,91.96,429.65000000000003,128.19511554061086,0,0,0.4,0,0,0.25881904510252074,0.4641016151377546,0,0.0,0.0,0.0,4.8,0.0,0.07071067811865475,0,0,16.68424959549877,1.2638979098002647,-0.0,-5.0,0,1.0,0.0,6.340585348656986,0,0.0,0.0,2.5,0.027826474107465846
2026-09-22T20:59:25.147879+00:00,27.37499388018493,82.42055271511501,3.81,3.0,29.82,20,1,22,9,3,0,-0.8660254037844386,0.5000000000000001,-0.8660254037844384,-0.5000000000000004,1,0.11713005859614269,0.8802574802965962,0.4598122635980383,9259.590849681557,1.27,49.03999999999997,79.47999999999999,422.62,112.77584820951922,0,0,0.4,0,0,0.25881904510252074,0.4641016151377546,0,0.0,0.0,0.0,4.8,0.0,0.07071067811865475,0,0,16.68424959549877,1.2638979098002647,-0.0,-5.0,0,1.0,0.0,6.340585348656986,0,0.0,0.0,2.5,0.027826474107465846
2026-09-22T19:59:25.147879+00:00,20.70794001641536,86.72135547405878,0.67,1.0,31.31,19,1,22,9,3,0,-0.9659258262890684,0.2588190451025203,-0.8660254037844384,-0.5000000000000004,1,0.0534970359811569,0.9338639854558837,0.35360447368448833,9666.551000132524,0.67,8.609999999999971,78.89999999999999,420.56,96.52947097809134,0,0,0.4,0,0,0.25881904510252074,0.4641016151377546,0,0.0,0.0,0.0,4.8,0.0,0.07071067811865475,0,0,16.68424959549877,1.2638979098002647,-0.0,-5.0,0,1.0,0.0,6.340585348656986,0,0.0,0.0,2.5,0.027826474107465846
2026-09-22T18:59:25.147879+00:00,21.56786289935316,87.61619615328718,11.5,1.0,38.29,18,1,22,9,3,0,-1.0,-1.8369701987210297e-16,-0.8660254037844384,-0.5000000000000004,1,0.03868098357646912,0.9291780384045567,0.36760298483039683,9761.045356411394,11.5,15.979999999999972,65.45,428.57,93.55005033137763,0,0,0.4,0,0,0.25881904510252074,0.4641016151377546,0,0.0,0.0,0.0,4.8,0.0,0.07071067811865475,0,0,16.68424959549877,1.2638979098002647,-0.0,-5.0,0,1.0,0.0,6.340585348656986,0,0.0,0.0,2.5,0.027826474107465846
2026-09-22T17:59:25.147879+00:00,20.361818311284303,82.37637543992399,14.98,6.0,11.61,17,1,22,9,3,0,-0.9659258262890683,-0.25881904510252063,-0.8660254037844384,-0.5000000000000004,1,0.12437538198104603,0.9292273095860705,0.3479473688311237,9213.090526773707,2.4966666666666666,27.14999999999997,76.19,431.13,94.49754278167099,0,0,0.4,0,0,0.25881904510252074,0.4641016151377546,0,0.0,0.0,0.0,4.8,0.0,0.07071067811865475,0,0,16.68424959549877,1.2638979098002647,-0.0,-5.0,0,1.0,0.0,6.340585348656986,0,0.0,0.0,2.5,0.027826474107465846
2026-09-22T16:59:25.147879+00:00,22.60264264610612,87.28216348611859,1.22,1.0,22.28,16,1,22,9,3,0,-0.8660254037844384,-0.5000000000000004,-0.8660254037844384,-0.5000000000000004,1,0.04377539569570452,0.9221540493712503,0.38433790336094886,9728.561202029052,1.22,27.699999999999974,36.31,422.58,81.54291136442033,0,0,0.4,0,0,0.25881904510252074,0.4641016151377546,0,0.0,0.0,0.0,4.8,0.0,0.07071067811865475,0,0,16.68424959549877,1.2638979098002647,-0.0,-5.0,0,1.0,0.0,6.340585348656986,0,0.0,0.0,2.5,0.027826474107465846
2026-09-22T15:59:25.147879+00:00,23.109418317515857,83.67783132719254,26.89,3.0,10.34,15,1,22,9,3,0,-0.7071067811865471,-0.7071067811865479,-0.8660254037844384,-0.5000000000000004,1,0.10128261224609768,0.9141634193488819,0.39248831215842184,9361.163534199797,8.963333333333333,43.089999999999975,59.06999999999999,405.13,96.20147465975728,0,0,0.4,0,0,0.25881904510252074,0.4641016151377546,0,0.0,0.0,0.0,4.8,0.0,0.07071067811865475,0,0,16.68424959549877,1.2638979098002647,-0.0,-5.0,0,1.0,0.0,6.340585348656986,0,0.0,0.0,2.5,0.027826474107465846
2026-09-22T14:59:25.147879+00:00,22.170792254191166,86.32305830593579,10.87,3.0,44.45,14,1,22,9,3,0,-0.4999999999999997,-0.8660254037844388,-0.8660254037844384,-0.5000000000000004,1,0.05938907199989982,0.9241567835202754,0.3773687554640015,9628.95284544037,3.623333333333333,38.97999999999997,66.13,407.90000000000003,92.64125346079369,0,0,0.4,0,0,0.25881904510252074,0.4641016151377546,0,0.0,0.0,0.0,4.8,0.0,0.07071067811865475,0,0,16.68424959549877,1.2638979098002647,-0.0,-5.0,0,1.0,0.0,6.340585348656986,0,0.0,0.0,2.5,0.027826474107465846
2026-09-22T13:59:25.147879+00:00,26.629900073215435,86.33529710760895,13.38,6.0,42.51,13,1,22,9,3,0,-0.2588190451025208,-0.9659258262890683,-0.8660254037844384,-0.5000000000000004,1,0.05713718662614955,0.8920925471361553,0.44822564546060395,9643.324023108918,2.23,51.13999999999997,78.84,405.64,92.12506544167464,0,0,0.4,0,0,0.25881904510252074,0.4641016151377546,0,0.0,0.0,0.0,4.8,0.0,0.07071067811865475,0,0,16.68424959549877,1.2638979098002647,-0.0,-5.0,0,1.0,0.0,6.340585348656986,0,0.0,0.0,2.5,0.027826474107465846
2026-09-22T12:59:25.147879+00:00,22.854026613548715,85.35774684074758,10.46,3.0,2.25,12,1,22,9,3,0,1.2246467991473532e-16,-1.0,-0.8660254037844384,-0.5000000000000004,1,0.07458045051020476,0.9184743319518327,0.3883846777968069,9531.949756365173,3.486666666666667,34.70999999999997,77.8,398.09,88.76630562542343,0,0,0.4,0,0,0.25881904510252074,0.4641016151377546,0,0.0,0.0,0.0,4.8,0.0,0.07071067811865475,0,0,16.68424959549877,1.2638979098002647,-0.0,-5.0,0,1.0,0.0,6.340585348656986,0,0.0,0.0,2.5,0.027826474107465846
2026-09-22T11:59:25.147879+00:00,22.247476077499044,80.90289770054409,9.22,24.0,31.9,11,1,22,9,3,0,0.258819045102521,-0.9659258262890682,-0.8660254037844384,-0.5000000000000004,1,0.1463381146306039,0.9139153434446468,0.3786078462245778,9071.863206401411,0.3841666666666667,33.059999999999974,72.03999999999999,407.07,84.67135978160991,0,0,0.4,0,0,0.25881904510252074,0.4641016151377546,0,0.0,0.0,0.0,4.8,0.0,0.07071067811865475,0,0,16.68424959549877,1.2638979098002647,-0.0,-5.0,0,1.0,0.0,6.340585348656986,0,0.0,0.0,2.5,0.027826474107465846
2026-09-22T10:59:25.147879+00:00,24.34156866526599,88.35302495589238,14.76,3.0,41.67,10,1,22,9,3,0,0.49999999999999994,-0.8660254037844387,-0.8660254037844384,-0.5000000000000004,1,0.02618621671660476,0.9107280898696086,0.4121754825029324,9840.691938762682,4.92,34.43999999999997,85.58,402.22,86.73065581436842,0,0,0.4,0,0,0.25881904510252074,0.4641016151377546,0,0.0,0.0,0.0,4.8,0.0,0.07071067811865475,0,0,16.68424959549877,1.2638979098002647,-0.0,-5.0,0,1.0,0.0,6.340585348656986,0,0.0,0.0,2.5,0.027826474107465846
2026-09-22T09:59:25.147879+00:00,21.1273937997981,83.20780064971736,3.04,3.0,8.54,9,1,22,9,3,0,0.7071067811865476,-0.7071067811865475,-0.8660254037844384,-0.5000000000000004,1,0.11031890552373709,0.9262346950205984,0.36044282323850446,9303.268158359808,1.0133333333333334,27.01999999999997,61.73,401.72999999999996,76.76105744221316,0,0,0.4,0,0,0.25881904510252074,0.4641016151377546,0,0.0,0.0,0.0,4.8,0.0,0.07071067811865475,0,0,16.68424959549877,1.2638979098002647,-0.0,-5.0,0,1.0,0.0,6.340585348656986,0,0.0,0.0,2.5,0.027826474107465846
2026-09-22T08:59:25.147879+00:00,26.41757584603232,81.86518510399854,3.61,1.0,25.77,8,1,22,9,3,0,0.8660254037844387,-0.4999999999999998,-0.8660254037844384,-0.5000000000000004,1,0.12672639660413088,0.8865639177870432,0.4449099235596137,9197.99274290191,3.61,21.409999999999968,54.47,346.90999999999997,68.85689882588119,0,0,0.4,0,0,0.25881904510252074,0.4641016151377546,0,0.0,0.0,0.0,4.8,0.0,0.07071067811865475,0,0,16.68424959549877,1.2638979098002647,-0.0,-5.0,0,1.0,0.0,6.340585348656986,0,0.0,0.0,2.5,0.027826474107465846
2026-09-22T07:59:25.147879+00:00,20.59640514943817,80.40775141554764,35.62,1.0,41.24,7,1,22,9,3,0,0.9659258262890683,-0.25881904510252063,-0.8660254037844384,-0.5000000000000004,1,0.1559842884689633,0.9229938681901168,0.351782917485026,9009.692779354518,35.62,42.26999999999997,76.71000000000001,379.63,94.148364001999,1,1,0.4,0,0,0.25881904510252074,0.4641016151377546,0,0.0,0.0,0.0,4.8,0.0,0.07071067811865475,0,0,16.68424959549877,1.2638979098002647,-0.0,-5.0,0,1.0,0.0,6.340585348656986,0,0.0,0.0,2.5,0.027826474107465846
2026-09-22T06:59:25.147879+00:00,27.89509549280414,85.90892943188241,52.58,3.0,2.01,6,1,22,9,3,0,1.0,6.123233995736766e-17,-0.8660254037844384,-0.5000000000000004,1,0.06305245991937733,0.8815536682675533,0.46785416238624605,9605.569526489551,17.526666666666667,91.80999999999997,118.82999999999998,422.57,132.60610940169914,1,0,0.4,0,0,0.25881904510252074,0.4641016151377546,0,0.0,0.0,0.0,4.8,0.0,0.07071067811865475,0,0,16.68424959549877,1.2638979098002647,-0.0,-5.0,0,1.0,0.0,6.340585348656986,0,0.0,0.0,2.5,0.027826474107465846
2026-09-22T05:59:25.147879+00:00,26.177958154373258,86.77564361842282,8.41,6.0,31.54,5,1,22,9,3,0,0.9659258262890683,0.25881904510252074,-0.8660254037844384,-0.5000000000000004,1,0.05047668653396099,0.8960074730524439,0.44116064234100294,9685.819709603182,1.4016666666666666,96.60999999999997,118.02,429.37,121.12519299144427,0,0,0.4,0,0,0.25881904510252074,0.4641016151377546,0,0.0,0.0,0.0,4.8,0.0,0.07071067811865475,0,0,16.68424959549877,1.2638979098002647,-0.0,-5.0,0,1.0,0.0,6.340585348656986,0,0.0,0.0,2.5,0.027826474107465846
2026-09-22T04:59:25.147879+00:00,21.589725452273377,80.16587828927857,5.68,1.0,13.73,4,1,22,9,3,0,0.8660254037844386,0.5000000000000001,-0.8660254037844384,-0.5000000000000004,1,0.15881366994732285,0.9161797120105523,0.36795781488932183,8991.439254848437,5.68,66.66999999999997,108.93999999999998,331.22,108.63641404272764,0,0,0.4,0,0,0.25881904510252074,0.4641016151377546,0,0.0,0.0,0.0,4.8,0.0,0.07071067811865475,0,0,16.68424959549877,1.2638979098002647,-0.0,-5.0,0,1.0,0.0,6.340585348656986,0,0.0,0.0,2.5,0.027826474107465846
2026-09-22T03:59:25.147879+00:00,20.04417693698882,85.12093058299281,18.59,6.0,41.64,3,1,22,9,3,0,0.7071067811865475,0.7071067811865476,-0.8660254037844384,-0.5000000000000004,1,0.07990117177876342,0.9360245502312458,0.3427445756139324,9497.949824255053,3.098333333333333,32.67999999999997,124.49,337.25,110.9309519363185,0,0,0.4,0,0,0.25881904510252074,0.4641016151377546,0,0.0,0.0,0.0,4.8,0.0,0.07071067811865475,0,0,16.68424959549877,1.2638979098002647,-0.0,-5.0,0,1.0,0.0,6.340585348656986,0,0.0,0.0,2.5,0.027826474107465846
2026-09-22T02:59:25.147879+00:00,26.523691427638678,82.26495775197938,9.46,3.0,43.71,2,1,22,9,3,0,0.49999999999999994,0.8660254037844387,-0.8660254037844384,-0.5000000000000004,1,0.12042638519724723,0.8866085178587918,0.44656782442151016,9238.440213465594,3.1533333333333338,33.729999999999976,130.34,330.41999999999996,103.75130914587072,0,0,0.4,0,0,0.25881904510252074,0.4641016151377546,0,0.0,0.0,0.0,4.8,0.0,0.07071067811865475,0,0,16.68424959549877,1.2638979098002647,-0.0,-5.0,0,1.0,0.0,6.340585348656986,0,0.0,0.0,2.5,0.027826474107465846
2026-09-22T01:59:25.147879+00:00,25.65485875078094,86.4517279040945,0.46,3.0,42.52,1,1,22,9,3,0,0.25881904510252074,0.9659258262890683,-0.8660254037844384,-0.5000000000000004,1,0.055788292357230686,0.8996903960106211,0.4329490244383467,9651.93156070016,0.15333333333333335,28.509999999999973,95.17999999999999,329.63,88.64861277399011,0,0,0.4,0,0,0.25881904510252074,0.4641016151377546,0,0.0,0.0,0.0,4.8,0.0,0.07071067811865475,0,0,16.68424959549877,1.2638979098002647,-0.0,-5.0,0,1.0,0.0,6.340585348656986,0,0.0,0.0,2.5,0.027826474107465846
2026-09-22T00:59:25.147879+00:00,25.8320573443279,81.74366429004992,3.06,24.0,21.6,0,1,22,9,3,0,0.0,1.0,-0.8660254037844384,-0.5000000000000004,1,0.12925263700694972,0.8907462996018265,0.43573476516385845,9181.764592642274,0.1275,12.979999999999972,45.660000000000004,307.74,78.4113208578916,0,0,0.4,0,0,0.25881904510252074,0.4641016151377546,0,0.0,0.0,0.0,4.8,0.0,0.07071067811865475,0,0,16.68424959549877,1.2638979098002647,-0.0,-5.0,0,1.0,0.0,6.340585348656986,0,0.0,0.0,2.5,0.027826474107465846
2026-09-21T23:59:25.147879+00:00,26.170162773487565,86.90937738102465,22.66,1.0,38.86,23,0,21,9,3,0,-0.25881904510252157,0.9659258262890681,-0.8660254037844384,-0.5000000000000004,1,0.048388420507958496,0.8961827761218482,0.4410385386145777,9699.14033984563,22.66,26.17999999999997,59.91,326.15999999999997,89.30962272920785,1,0,0.4,0,0,0.25881904510252074,0.4641016151377546,0,0.0,0.0,0.0,4.8,0.0,0.07071067811865475,0,0,16.68424959549877,1.2638979098002647,-0.0,-5.0,0,1.0,0.0,6.340585348656986,0,0.0,0.0,2.5,0.027826474107465846
2026-09-21T22:59:25.147879+00:00,20.592357213872724,83.86735346300537,19.36,3.0,38.08,22,0,21,9,3,0,-0.5000000000000004,0.8660254037844384,-0.8660254037844384,-0.5000000000000004,1,0.10000483112788364,0.9307493425035246,0.3517167826253678,9369.345823607195,6.453333333333333,45.07999999999997,73.59,304.41999999999996,95.27317931982667,0,0,0.4,0,0,0.25881904510252074,0.4641016151377546,0,0.0,0.0,0.0,4.8,0.0,0.07071067811865475,0,0,16.68424959549877,1.2638979098002647,-0.0,-5.0,0,1.0,0.0,6.340585348656986,0,0.0,0.0,2.5,0.027826474107465846
2026-09-21T21:59:25.147879+00:00,22.86772582835418,89.36729988736735,0.49,24.0,14.7,21,0,21,9,3,0,-0.7071067811865477,0.7071067811865474,-0.8660254037844384,-0.5000000000000004,1,0.010174586257206289,0.9213482712335946,0.388604993392212,9942.719990489131,0.020416666666666666,42.50999999999997,55.49,300.78,81.47220242185266,0,0,0.4,0,0,0.25881904510252074,0.4641016151377546,0,0.0,0.0,0.0,4.8,0.0,0.07071067811865475,0,0,16.68424959549877,1.2638979098002647,-0.0,-5.0,0,1.0,0.0,6.340585348656986,0,0.0,0.0,2.5,0.027826474107465846
2026-09-21T20:59:25.147879+00:00,20.92695247620104,81.37520944145993,4.52,1.0,37.39,20,0,21,9,3,0,-0.8660254037844386,0.5000000000000001,-0.8660254037844384,-0.5000000000000004,1,0.14007105647180657,0.9234740878282882,0.35717741844716766,9112.206519024397,4.52,24.36999999999997,50.55,301.48999999999995,73.77137205857476,0,0,0.4,0,0,0.25881904510252074,0.4641016151377546,0,0.0,0.0,0.0,4.8,0.0,0.07071067811865475,0,0,16.68424959549877,1.2638979098002647,-0.0,-5.0,0,1.0,0.0,6.340585348656986,0,0.0,0.0,2.5,0.027826474107465846
2026-09-21T19:59:25.147879+00:00,26.90482740700475,83.41066351050259,4.73,3.0,2.15,19,0,21,9,3,0,-0.9659258262890684,0.2588190451025203,-0.8660254037844384,-0.5000000000000004,1,0.10233141494904203,0.8858685689084075,0.452509845345598,9354.446712380084,1.5766666666666669,9.739999999999972,54.82,305.55,67.43566624978854,0,0,0.4,0,0,0.25881904510252074,0.4641016151377546,0,0.0,0.0,0.0,4.8,0.0,0.07071067811865475,0,0,16.68424959549877,1.2638979098002647,-0.0,-5.0,0,1.0,0.0,6.340585348656986,0,0.0,0.0,2.5,0.027826474107465846
2026-09-21T18:59:25.147879+00:00,24.986385014620463,81.13473521240589,20.06,3.0,27.03,18,0,21,9,3,0,-1.0,-1.8369701987210297e-16,-0.8660254037844384,-0.5000000000000004,1,0.13968784671067672,0.8955797599018257,0.42240288722441605,9114.672189568266,6.6866666666666665,29.30999999999997,71.82,314.11,77.38031631232026,0,0,0.4,0,0,0.25881904510252074,0.4641016151377546,0,0.0,0.0,0.0,4.8,0.0,0.07071067811865475,0,0,16.68424959549877,1.2638979098002647,-0.0,-5.0,0,1.0,0.0,6.340585348656986,0,0.0,0.0,2.5,0.027826474107465846
2026-09-21T17:59:25.147879+00:00,22.647184198821197,89.24693618278563,0.36,1.0,10.74,17,0,21,9,3,0,-0.9659258262890683,-0.25881904510252063,-0.8660254037844384,-0.5000000000000004,1,0.012129648025033449,0.9228137155387545,0.3850554739934853,9930.263515353381,0.36,25.14999999999997,49.519999999999996,299.49,66.13326886547222,0,0,0.4,0,0,0.25881904510252074,0.4641016151377546,0,0.0,0.0,0.0,4.8,0.0,0.07071067811865475,0,0,16.68424959549877,1.2638979098002647,-0.0,-5.0,0,1.0,0.0,6.340585348656986,0,0.0,0.0,2.5,0.027826474107465846
2026-09-21T16:59:25.147879+00:00,20.50846680228819,88.77339353380981,1.98,1.0,5.87,16,0,21,9,3,0,-0.8660254037844384,-0.5000000000000004,-0.8660254037844384,-0.5000000000000004,1,0.020049939584427922,0.9364058016508529,0.35034579283514233,9879.79667291059,1.98,22.39999999999997,32.14,300.25,58.19327853565138,0,0,0.4,0,0,0.25881904510252074,0.4641016151377546,0,0.0,0.0,0.0,4.8,0.0,0.07071067811865475,0,0,16.68424959549877,1.2638979098002647,-0.0,-5.0,0,1.0,0.0,6.340585348656986,0,0.0,0.0,2.5,0.027826474107465846
2026-09-21T15:59:25.147879+00:00,22.487858573725298,82.57941627715155,28.96,1.0,3.92,15,0,21,9,3,0,-0.7071067811865471,-0.7071067811865479,-0.8660254037844384,-0.5000000000000004,1,0.11933122135558163,0.9162222764885577,0.3824876464356857,9245.468184647854,28.96,31.299999999999972,60.61,302.32,78.42428675530368,1,0,0.4,0,0,0.25881904510252074,0.4641016151377546,0,0.0,0.0,0.0,4.8,0.0,0.07071067811865475,0,0,16.68424959549877,1.2638979098002647,-0.0,-5.0,0,1.0,0.0,6.340585348656986,0,0.0,0.0,2.5,0.027826474107465846
2026-09-21T14:59:25.147879+00:00,22.601466576213976,86.5998404603418,3.54,3.0,31.48,14,0,21,9,3,0,-0.4999999999999997,-0.8660254037844388,-0.8660254037844384,-0.5000000000000004,1,0.05475423275080928,0.921575236174066,0.38431895356147183,9658.52964073711,1.18,34.479999999999976,59.629999999999995,294.98999999999995,70.20064374200814,0,0,0.4,0,0,0.25881904510252074,0.4641016151377546,0,0.0,0.0,0.0,4.8,0.0,0.07071067811865475,0,0,16.68424959549877,1.2638979098002647,-0.0,-5.0,0,1.0,0.0,6.340585348656986,0,0.0,0.0,2.5,0.027826474107465846
2026-09-21T13:59:25.147879+00:00,25.83684942670451,88.17222200201216,19.04,3.0,15.62,13,0,21,9,3,0,-0.2588190451025208,-0.9659258262890683,-0.8660254037844384,-0.5000000000000004,1,0.028707033659066947,0.8995807423251565,0.43581004377620497,9824.625757151312,6.346666666666667,51.539999999999964,73.94,300.65,78.71054718070693,0,0,0.4,0,0,0.25881904510252074,0.4641016151377546,0,0.0,0.0,0.0,4.8,0.0,0.07071067811865475,0,0,16.68424959549877,1.2638979098002647,-0.0,-5.0,0,1.0,0.0,6.340585348656986,0,0.0,0.0,2.5,0.027826474107465846
2026-09-21T12:59:25.147879+00:00,25.100459770841702,85.55200811599462,4.9,24.0,32.75,12,0,21,9,3,0,1.2246467991473532e-16,-1.0,-0.8660254037844384,-0.5000000000000004,1,0.07023035343007368,0.9028379600214499,0.4242066894821367,9559.737181267263,0.2041666666666667,27.47999999999997,58.779999999999994,295.09,71.80396510360089,0,0,0.4,0,0,0.25881904510252074,0.4641016151377546,0,0.0,0.0,0.0,4.8,0.0,0.07071067811865475,0,0,16.68424959549877,1.2638979098002647,-0.0,-5.0,0,1.0,0.0,6.340585348656986,0,0.0,0.0,2.5,0.027826474107465846
2026-09-21T11:59:25.147879+00:00,27.09770194061061,85.29650578356006,1.89,6.0,3.41,11,0,21,9,3,0,0.258819045102521,-0.9659258262890682,-0.8660254037844384,-0.5000000000000004,1,0.07299831520259388,0.8872331222670611,0.45550920158634023,9542.057095632237,0.315,25.82999999999997,60.309999999999995,287.76,62.92337033806076,0,0,0.4,0,0,0.25881904510252074,0.4641016151377546,0,0.0,0.0,0.0,4.8,0.0,0.07071067811865475,0,0,16.68424959549877,1.2638979098002647,-0.0,-5.0,0,1.0,0.0,6.340585348656986,0,0.0,0.0,2.5,0.027826474107465846
2026-09-21T10:59:25.147879+00:00,23.777719401295595,82.41852290900452,5.02,1.0,14.53,10,0,21,9,3,0,0.49999999999999994,-0.8660254037844387,-0.8660254037844384,-0.5000000000000004,1,0.12073675667372587,0.9071168008413113,0.40318946566017116,9236.448302648594,5.02,11.80999999999997,63.35,278.02,58.504864787351636,0,0,0.4,0,0,0.25881904510252074,0.4641016151377546,0,0.0,0.0,0.0,4.8,0.0,0.07071067811865475,0,0,16.68424959549877,1.2638979098002647,-0.0,-5.0,0,1.0,0.0,6.340585348656986,0,0.0,0.0,2.5,0.027826474107465846
2026-09-21T09:59:25.147879+00:00,20.956753967506412,80.931027678059,23.06,3.0,24.51,9,0,21,9,3,0,0.7071067811865476,-0.7071067811865475,-0.8660254037844384,-0.5000000000000004,1,0.14719664457400344,0.9221768741330323,0.357663194416736,9066.333632384949,7.6866666666666665,29.96999999999997,57.449999999999996,298.04,72.78913506924889,0,0,0.4,0,0,0.25881904510252074,0.4641016151377546,0,0.0,0.0,0.0,4.8,0.0,0.07071067811865475,0,0,16.68424959549877,1.2638979098002647,-0.0,-5.0,0,1.0,0.0,6.340585348656986,0,0.0,0.0,2.5,0.027826474107465846
2026-09-21T08:59:25.147879+00:00,25.70595829778396,88.97215757953327,34.85,3.0,35.69,8,0,21,9,3,0,0.8660254037844387,-0.4999999999999998,-0.8660254037844384,-0.5000000000000004,1,0.016162955880961095,0.9008869399962278,0.4337527869667505,9904.564722049598,11.616666666666667,62.929999999999964,88.75999999999999,329.28,96.72076480886156,0,0,0.4,0,0,0.25881904510252074,0.4641016151377546,0,0.0,0.0,0.0,4.8,0.0,0.07071067811865475,0,0,16.68424959549877,1.2638979098002647,-0.0,-5.0,0,1.0,0.0,6.340585348656986,0,0.0,0.0,2.5,0.027826474107465846
2026-09-21T07:59:25.147879+00:00,26.08628038893518,89.0041805716333,31.92,1.0,14.68,7,0,21,9,3,0,0.9659258262890683,-0.25881904510252063,-0.8660254037844384,-0.5000000000000004,1,0.015609058215861914,0.8979972458090931,0.4397241224005081,9908.094049486948,31.92,89.82999999999997,101.64,325.58,114.13265008753233,1,0,0.4,0,0,0.25881904510252074,0.4641016151377546,0,0.0,0.0,0.0,4.8,0.0,0.07071067811865475,0,0,16.68424959549877,1.2638979098002647,-0.0,-5.0,0,1.0,0.0,6.340585348656986,0,0.0,0.0,2.5,0.027826474107465846
2026-09-21T06:59:25.147879+00:00,24.49021758055597,86.33101457273268,9.11,6.0,28.35,6,0,21,9,3,0,1.0,6.123233995736766e-17,-0.8660254037844384,-0.5000000000000004,1,0.05823488145615323,0.9081668622083222,0.4145378739855722,9636.318943952963,1.5183333333333333,75.87999999999997,105.85,282.11,106.12275257440247,0,0,0.4,0,0,0.25881904510252074,0.4641016151377546,0,0.0,0.0,0.0,4.8,0.0,0.07071067811865475,0,0,16.68424959549877,1.2638979098002647,-0.0,-5.0,0,1.0,0.0,6.340585348656986,0,0.0,0.0,2.5,0.027826474107465846
2026-09-21T05:59:25.147879+00:00,26.16773743963649,83.390297910487,19.85,1.0,39.93,5,0,21,9,3,0,0.9659258262890683,0.25881904510252074,-0.8660254037844384,-0.5000000000000004,1,0.10330784726679934,0.8915413651683068,0.4410005474905122,9348.192715748915,19.85,60.87999999999997,123.81,293.55,110.0543396882421,1,0,0.4,0,0,0.25881904510252074,0.4641016151377546,0,0.0,0.0,0.0,4.8,0.0,0.07071067811865475,0,0,16.68424959549877,1.2638979098002647,-0.0,-5.0,0,1.0,0.0,6.340585348656986,0,0.0,0.0,2.5,0.027826474107465846
2026-09-21T04:59:25.147879+00:00,23.95036477091513,83.49209574612661,4.13,6.0,27.91,4,0,21,9,3,0,0.8660254037844386,0.5000000000000001,-0.8660254037844384,-0.5000000000000004,1,0.10358139619268683,0.9080085242222793,0.4059450877919969,9346.440535465312,0.6883333333333334,33.08999999999997,122.92,292.0,97.67618873500578,0,0,0.4,0,0,0.25881904510252074,0.4641016151377546,0,0.0,0.0,0.0,4.8,0.0,0.07071067811865475,0,0,16.68424959549877,1.2638979098002647,-0.0,-5.0,0,1.0,0.0,6.340585348656986,0,0.0,0.0,2.5,0.027826474107465846
2026-09-21T03:59:25.147879+00:00,24.181862635055957,87.2595567887024,6.24,3.0,10.87,3,0,21,9,3,0,0.7071067811865475,0.7071067811865476,-0.8660254037844384,-0.5000000000000004,1,0.0436160534924904,0.9112065628494275,0.4096342755408446,9729.577341736373,2.08,30.219999999999967,106.1,279.65000000000003,89.26476042475491,0,0,0.4,0,0,0.25881904510252074,0.4641016151377546,0,0.0,0.0,0.0,4.8,0.0,0.07071067811865475,0,0,16.68424959549877,1.2638979098002647,-0.0,-5.0,0,1.0,0.0,6.340585348656986,0,0.0,0.0,2.5,0.027826474107465846
2026-09-21T02:59:25.147879+00:00,23.4203281468684,88.97110259952578,40.8,6.0,1.59,2,0,21,9,3,0,0.49999999999999994,0.8660254037844387,-0.8660254037844384,-0.5000000000000004,1,0.01647729688862119,0.917465711876613,0.3974734786347187,9902.56178872661,6.8,51.16999999999996,112.05,310.99,116.67504636104167,0,0,0.4,0,0,0.25881904510252074,0.4641016151377546,0,0.0,0.0,0.0,4.8,0.0,0.07071067811865475,0,0,16.68424959549877,1.2638979098002647,-0.0,-5.0,0,1.0,0.0,6.340585348656986,0,0.0,0.0,2.5,0.027826474107465846
2026-09-21T01:59:25.147879+00:00,20.20335301395276,88.87086424265118,0.24,24.0,39.22,1,0,21,9,3,0,0.25881904510252074,0.9659258262890683,-0.8660254037844384,-0.5000000000000004,1,0.01849341489671819,0.9382905818853262,0.3453531200825524,9889.715134715772,0.01,47.27999999999996,80.36999999999999,310.77,99.41378940688541,0,0,0.4,0,0,0.25881904510252074,0.4641016151377546,0,0.0,0.0,0.0,4.8,0.0,0.07071067811865475,0,0,16.68424959549877,1.2638979098002647,-0.0,-5.0,0,1.0,0.0,6.340585348656986,0,0.0,0.0,2.5,0.027826474107465846
2026-09-21T00:59:25.147879+00:00,20.863131415946437,87.79875545857624,1.61,3.0,1.45,0,0,21,9,3,0,0.0,1.0,-0.8660254037844384,-0.5000000000000004,1,0.03589114981606692,0.933744298786047,0.3561367853078842,9778.83176117679,0.5366666666666667,42.64999999999996,72.86999999999999,309.32,86.1117209958526,0,0,0.4,0,0,0.25881904510252074,0.4641016151377546,0,0.0,0.0,0.0,4.8,0.0,0.07071067811865475,0,0,16.68424959549877,1.2638979098002647,-0.0,-5.0,0,1.0,0.0,6.340585348656986,0,0.0,0.0,2.5,0.027826474107465846
