timestamp,latitude,longitude,wind_speed,central_pressure,storm_surge,radius_max_wind,movement_speed,movement_direction,category,hour,day_of_week,day_of_month,month,quarter,is_weekend,hour_sin,hour_cos,month_sin,month_cos,is_monsoon_season,geo_x,geo_y,geo_z,dist_to_origin_km,rain_intensity_mm_per_h,rain_rolling_3h,rain_rolling_6h,rain_rolling_24h,antecedent_precipitation_index,is_heavy_rain,is_extreme_rain,soil_saturation_ratio,is_soil_supersaturated,is_soil_dry,gravitational_shear_index,slope_friction_ratio,is_critical_fos,pore_pressure_impact,displacement_velocity,crack_dilation_rate,seismic_energy_log10_j,arias_intensity_proxy,depth_attenuation_factor,is_strong_motion,is_major_quake,dew_point_c,vapor_pressure_deficit_kpa,wind_u,wind_v,is_low_pressure_system,aspect_northness,aspect_eastness,topographic_wetness_index,is_steep_slope,landslide_susceptibility_index,flood_potential_index,fire_danger_index,cyclone_power_dissipation_index
2026-09-25T03:59:25.147879+00:00,22.9963209507789,80.31429185686734,122.7,986.4,3.57,79.3,22.3,195.5,3,3,4,25,9,3,0,0.7071067811865475,0.7071067811865476,-0.8660254037844384,-0.5000000000000004,1,0.15487317958197877,0.9074082160279219,0.39067202066591905,9016.85874164063,0.0,0.0,0.0,0.0,0.0,0,0,0.4,0,0,0.25881904510252074,0.4641016151377546,0,0.0,0.0,0.0,4.8,0.0,0.07071067811865475,0,0,16.68424959549877,1.2638979098002647,-0.0,-122.7,0,1.0,0.0,6.340585348656986,0,0.0,0.0,11.891666666666667,58.54340270473329
2026-09-25T02:59:25.147879+00:00,27.60571445127933,86.3641041126378,176.3,946.7,0.87,33.5,19.1,134.6,4,2,4,25,9,3,0,0.49999999999999994,0.8660254037844387,-0.8660254037844384,-0.5000000000000004,1,0.05619635386867884,0.8843737048603737,0.4633844192065619,9649.327715878902,0.0,0.0,0.0,0.0,0.0,0,0,0.4,0,0,0.25881904510252074,0.4641016151377546,0,0.0,0.0,0.0,4.8,0.0,0.07071067811865475,0,0,16.68424959549877,1.2638979098002647,-0.0,-176.3,0,1.0,0.0,6.340585348656986,0,0.0,0.0,16.358333333333338,154.22078434482572
2026-09-25T01:59:25.147879+00:00,25.85595153449124,83.14355981076326,138.0,941.1,2.23,43.4,17.9,225.1,5,1,4,25,9,3,0,0.25881904510252074,0.9659258262890683,-0.8660254037844384,-0.5000000000000004,1,0.1074311081414237,0.8934576366307428,0.4361100876495673,9321.776345070812,0.0,0.0,0.0,0.0,0.0,0,0,0.4,0,0,0.25881904510252074,0.4641016151377546,0,0.0,0.0,0.0,4.8,0.0,0.07071067811865475,0,0,16.68424959549877,1.2638979098002647,-0.0,-138.0,0,1.0,0.0,6.340585348656986,0,0.0,0.0,13.166666666666668,77.58997746055596
2026-09-25T00:59:25.147879+00:00,24.789267873576293,85.08570691164702,139.1,979.3,1.06,48.8,19.1,4.4,4,0,4,25,9,3,0,0.0,1.0,-0.8660254037844384,-0.5000000000000004,1,0.07777191375222667,0.9045187127293907,0.41928203843437206,9511.557683467407,0.0,0.0,0.0,0.0,0.0,0,0,0.4,0,0,0.25881904510252074,0.4641016151377546,0,0.0,0.0,0.0,4.8,0.0,0.07071067811865475,0,0,16.68424959549877,1.2638979098002647,-0.0,-139.1,0,1.0,0.0,6.340585348656986,0,0.0,0.0,13.258333333333335,77.0127142221109
2026-09-24T23:59:25.147879+00:00,21.24814912353949,89.07566473926093,93.7,950.9,6.28,28.3,18.3,51.5,5,23,3,24,9,3,0,-0.25881904510252157,0.9659258262890681,-0.8660254037844384,-0.5000000000000004,1,0.015035334138100119,0.9318982941038232,0.36240793061650867,9911.749674776755,0.0,0.0,0.0,0.0,0.0,0,0,0.4,0,0,0.25881904510252074,0.4641016151377546,0,0.0,0.0,0.0,4.8,0.0,0.07071067811865475,0,0,16.68424959549877,1.2638979098002647,-0.0,-93.7,0,1.0,0.0,6.340585348656986,0,0.0,0.0,9.475000000000001,35.451642401981246
2026-09-24T22:59:25.147879+00:00,21.247956162689626,82.49292229148875,83.0,968.1,1.31,24.9,24.6,267.2,2,22,3,24,9,3,0,-0.5000000000000004,0.8660254037844384,-0.8660254037844384,-0.5000000000000004,1,0.12176727175808955,0.9240321955647548,0.36240479175691126,9229.83408945447,0.0,0.0,0.0,0.0,0.0,0,0,0.4,0,0,0.25881904510252074,0.4641016151377546,0,0.0,0.0,0.0,4.8,0.0,0.07071067811865475,0,0,16.68424959549877,1.2638979098002647,-0.0,-83.0,0,1.0,0.0,6.340585348656986,0,0.0,0.0,8.583333333333334,18.53081615048557
2026-09-24T21:59:25.147879+00:00,20.4646688973456,84.1038292303563,95.4,920.5,1.41,69.8,12.7,87.9,5,21,3,24,9,3,0,-0.7071067811865477,0.7071067811865474,-0.8660254037844384,-0.5000000000000004,1,0.09624280728718161,0.9319315318121218,0.34962972136217857,9393.429916865192,0.0,0.0,0.0,0.0,0.0,0,0,0.4,0,0,0.25881904510252074,0.4641016151377546,0,0.0,0.0,0.0,4.8,0.0,0.07071067811865475,0,0,16.68424959549877,1.2638979098002647,-0.0,-95.4,0,1.0,0.0,6.340585348656986,0,0.0,0.0,9.616666666666667,26.98035462058603
2026-09-24T20:59:25.147879+00:00,26.92940916619948,87.55551138543049,142.4,925.3,5.84,78.6,14.0,215.3,1,20,3,24,9,3,0,-0.8660254037844386,0.5000000000000001,-0.8660254037844384,-0.5000000000000004,1,0.03802653244605058,0.8907538711952696,0.45289239757449073,9765.217934721368,0.0,0.0,0.0,0.0,0.0,0,0,0.4,0,0,0.25881904510252074,0.4641016151377546,0,0.0,0.0,0.0,4.8,0.0,0.07071067811865475,0,0,16.68424959549877,1.2638979098002647,-0.0,-142.4,0,1.0,0.0,6.340585348656986,0,0.0,0.0,13.533333333333335,92.03041945627072
2026-09-24T19:59:25.147879+00:00,24.80892009394567,82.28798165491622,50.1,965.5,6.16,44.3,13.6,138.6,1,19,3,24,9,3,0,-0.9659258262890684,0.2588190451025203,-0.8660254037844384,-0.5000000000000004,1,0.1218095723995341,0.8995019748717025,0.4195934047071639,9229.562570906593,0.0,0.0,0.0,0.0,0.0,0,0,0.4,0,0,0.25881904510252074,0.4641016151377546,0,0.0,0.0,0.0,4.8,0.0,0.07071067811865475,0,0,16.68424959549877,1.2638979098002647,-0.0,-50.1,0,1.0,0.0,6.340585348656986,0,0.0,0.0,5.841666666666667,15.819220886551467
2026-09-24T18:59:25.147879+00:00,25.66458062236836,80.76979909828793,203.8,968.1,5.09,25.3,15.2,307.7,1,18,3,24,9,3,0,-1.0,-1.8369701987210297e-16,-0.8660254037844384,-0.5000000000000004,1,0.14457706994605857,0.8896741845782724,0.4331019696801189,9083.203432784892,0.0,0.0,0.0,0.0,0.0,0,0,0.4,0,0,0.25881904510252074,0.4641016151377546,0,0.0,0.0,0.0,4.8,0.0,0.07071067811865475,0,0,16.68424959549877,1.2638979098002647,-0.0,-203.8,0,1.0,0.0,6.340585348656986,0,0.0,0.0,18.650000000000002,245.7232805186855
2026-09-24T17:59:25.147879+00:00,20.16467595436642,82.89751452913768,72.3,983.9,0.53,23.9,20.5,342.9,3,17,3,24,9,3,0,-0.9659258262890683,-0.25881904510252063,-0.8660254037844384,-0.5000000000000004,1,0.11606582256625664,0.9315026400958856,0.3447195328472315,9266.417662098404,0.0,0.0,0.0,0.0,0.0,0,0,0.4,0,0,0.25881904510252074,0.4641016151377546,0,0.0,0.0,0.0,4.8,0.0,0.07071067811865475,0,0,16.68424959549877,1.2638979098002647,-0.0,-72.3,0,1.0,0.0,6.340585348656986,0,0.0,0.0,7.691666666666667,11.576544703230654
2026-09-24T16:59:25.147879+00:00,27.759278817295957,81.61221287254004,83.5,931.2,0.51,73.5,12.2,318.1,3,16,3,24,9,3,0,-0.8660254037844384,-0.5000000000000004,-0.8660254037844384,-0.5000000000000004,1,0.1290840545597395,0.8754467125991686,0.4657578343492753,9182.847704994147,0.0,0.0,0.0,0.0,0.0,0,0,0.4,0,0,0.25881904510252074,0.4641016151377546,0,0.0,0.0,0.0,4.8,0.0,0.07071067811865475,0,0,16.68424959549877,1.2638979098002647,-0.0,-83.5,0,1.0,0.0,6.340585348656986,0,0.0,0.0,8.625,17.220096696997523
2026-09-24T15:59:25.147879+00:00,26.659541126403376,89.29697652342573,135.7,963.6,2.77,47.8,27.4,97.4,3,15,3,24,9,3,0,-0.7071067811865471,-0.7071067811865479,-0.8660254037844384,-0.5000000000000004,1,0.010965348580884467,0.8936211742706457,0.4486880408765672,9937.681762139753,0.0,0.0,0.0,0.0,0.0,0,0,0.4,0,0,0.25881904510252074,0.4641016151377546,0,0.0,0.0,0.0,4.8,0.0,0.07071067811865475,0,0,16.68424959549877,1.2638979098002647,-0.0,-135.7,0,1.0,0.0,6.340585348656986,0,0.0,0.0,12.975,75.07408167070147
2026-09-24T14:59:25.147879+00:00,21.69871288542621,88.08120379564417,169.3,936.5,1.36,39.2,15.9,69.9,5,14,3,24,9,3,0,-0.4999999999999997,-0.8660254037844388,-0.8660254037844384,-0.5000000000000004,1,0.0311104722137967,0.9286198945948283,0.36972588478672225,9809.306593134743,0.0,0.0,0.0,0.0,0.0,0,0,0.4,0,0,0.25881904510252074,0.4641016151377546,0,0.0,0.0,0.0,4.8,0.0,0.07071067811865475,0,0,16.68424959549877,1.2638979098002647,-0.0,-169.3,0,1.0,0.0,6.340585348656986,0,0.0,0.0,15.775,137.74962286779646
2026-09-24T13:59:25.147879+00:00,21.454599737656807,86.33403756510424,61.8,927.9,0.61,48.6,13.3,170.8,3,13,3,24,9,3,0,-0.2588190451025208,-0.9659258262890683,-0.8660254037844384,-0.5000000000000004,1,0.05950895389270624,0.9288032517288493,0.3657638636942033,9628.187724664893,0.0,0.0,0.0,0.0,0.0,0,0,0.4,0,0,0.25881904510252074,0.4641016151377546,0,0.0,0.0,0.0,4.8,0.0,0.07071067811865475,0,0,16.68424959549877,1.2638979098002647,-0.0,-61.8,0,1.0,0.0,6.340585348656986,0,0.0,0.0,6.816666666666666,7.787855747558225
2026-09-24T12:59:25.147879+00:00,21.46723607882747,88.71460590187718,100.6,954.9,3.28,39.1,23.5,2.6,2,12,3,24,9,3,0,1.2246467991473532e-16,-1.0,-0.8660254037844384,-0.5000000000000004,1,0.0208762690160507,0.9303928126053239,0.3659691184298535,9874.531025371218,0.0,0.0,0.0,0.0,0.0,0,0,0.4,0,0,0.25881904510252074,0.4641016151377546,0,0.0,0.0,0.0,4.8,0.0,0.07071067811865475,0,0,16.68424959549877,1.2638979098002647,-0.0,-100.6,0,1.0,0.0,6.340585348656986,0,0.0,0.0,10.049999999999999,34.89036191112224
2026-09-24T11:59:25.147879+00:00,22.433937943676305,88.03672076899115,214.5,933.9,6.16,49.3,10.8,9.3,1,11,3,24,9,3,0,0.258819045102521,-0.9659258262890682,-0.8660254037844384,-0.5000000000000004,1,0.03166626716387689,0.9237775661690467,0.3816179447650472,9805.763877837702,0.0,0.0,0.0,0.0,0.0,0,0,0.4,0,0,0.25881904510252074,0.4641016151377546,0,0.0,0.0,0.0,4.8,0.0,0.07071067811865475,0,0,16.68424959549877,1.2638979098002647,-0.0,-214.5,0,1.0,0.0,6.340585348656986,0,0.0,0.0,19.541666666666668,286.945
2026-09-24T10:59:25.147879+00:00,24.198051453057904,81.86570058886036,90.9,938.9,2.44,71.6,22.4,199.2,5,10,3,24,9,3,0,0.49999999999999994,-0.8660254037844387,-0.8660254037844384,-0.5000000000000004,1,0.129061379530688,0.9029571957783534,0.40989201371303635,9182.993386208462,0.0,0.0,0.0,0.0,0.0,0,0,0.4,0,0,0.25881904510252074,0.4641016151377546,0,0.0,0.0,0.0,4.8,0.0,0.07071067811865475,0,0,16.68424959549877,1.2638979098002647,-0.0,-90.9,0,1.0,0.0,6.340585348656986,0,0.0,0.0,9.241666666666667,25.78017054845981
2026-09-24T09:59:25.147879+00:00,23.455560149136925,88.92558998489977,99.8,947.0,4.47,55.5,24.0,187.4,1,9,3,24,9,3,0,0.7071067811865476,-0.7071067811865475,-0.8660254037844384,-0.5000000000000004,1,0.017201489693343903,0.9172077911176658,0.39803765734586233,9897.947301966544,0.0,0.0,0.0,0.0,0.0,0,0,0.4,0,0,0.25881904510252074,0.4641016151377546,0,0.0,0.0,0.0,4.8,0.0,0.07071067811865475,0,0,16.68424959549877,1.2638979098002647,-0.0,-99.8,0,1.0,0.0,6.340585348656986,0,0.0,0.0,9.983333333333334,36.59984895789854
2026-09-24T08:59:25.147879+00:00,22.329833121584336,85.39342241915651,191.4,942.0,4.41,61.7,14.3,358.0,3,8,3,24,9,3,0,0.8660254037844387,-0.4999999999999998,-0.8660254037844384,-0.5000000000000004,1,0.07429081786861282,0.9220239167170566,0.3799378519997063,9533.800139226209,0.0,0.0,0.0,0.0,0.0,0,0,0.4,0,0,0.25881904510252074,0.4641016151377546,0,0.0,0.0,0.0,4.8,0.0,0.07071067811865475,0,0,16.68424959549877,1.2638979098002647,-0.0,-191.4,0,1.0,0.0,6.340585348656986,0,0.0,0.0,17.616666666666667,203.932
2026-09-24T07:59:25.147879+00:00,24.89482315777904,88.07440155164062,53.8,927.4,2.01,41.9,10.8,72.7,5,7,3,24,9,3,0,0.9659258262890683,-0.25881904510252063,-0.8660254037844384,-0.5000000000000004,1,0.030479505024423068,0.9065698260938048,0.4209538575541444,9813.328392616724,0.0,0.0,0.0,0.0,0.0,0,0,0.4,0,0,0.25881904510252074,0.4641016151377546,0,0.0,0.0,0.0,4.8,0.0,0.07071067811865475,0,0,16.68424959549877,1.2638979098002647,-0.0,-53.8,0,1.0,0.0,6.340585348656986,0,0.0,0.0,6.15,8.3531628127
2026-09-24T06:59:25.147879+00:00,21.115950885216336,88.96091299923494,126.3,927.6,4.4,64.3,17.3,92.9,4,6,3,24,9,3,0,1.0,6.123233995736766e-17,-0.8660254037844384,-0.5000000000000004,1,0.016916823351703088,0.932699875554372,0.36025652419983506,9899.76117518647,0.0,0.0,0.0,0.0,0.0,0,0,0.4,0,0,0.25881904510252074,0.4641016151377546,0,0.0,0.0,0.0,4.8,0.0,0.07071067811865475,0,0,16.68424959549877,1.2638979098002647,-0.0,-126.3,0,1.0,0.0,6.340585348656986,0,0.0,0.0,12.191666666666666,64.86195416979714
2026-09-24T05:59:25.147879+00:00,22.337157188281743,83.18003474971864,111.4,936.4,1.77,60.0,12.0,40.9,2,5,3,24,9,3,0,0.9659258262890683,0.25881904510252074,-0.8660254037844384,-0.5000000000000004,1,0.10983938012522076,0.9184185741030555,0.380056092328774,9306.341894335503,0.0,0.0,0.0,0.0,0.0,0,0,0.4,0,0,0.25881904510252074,0.4641016151377546,0,0.0,0.0,0.0,4.8,0.0,0.07071067811865475,0,0,16.68424959549877,1.2638979098002647,-0.0,-111.4,0,1.0,0.0,6.340585348656986,0,0.0,0.0,10.950000000000001,42.00925297047612
2026-09-24T04:59:25.147879+00:00,22.930894746349534,81.10051924527677,100.4,924.3,1.23,27.2,12.3,330.3,3,4,3,24,9,3,0,0.8660254037844386,0.5000000000000001,-0.8660254037844384,-0.5000000000000004,1,0.14247622177700275,0.909888073359467,0.3896206105769399,9096.727966032371,0.0,0.0,0.0,0.0,0.0,0,0,0.4,0,0,0.25881904510252074,0.4641016151377546,0,0.0,0.0,0.0,4.8,0.0,0.07071067811865475,0,0,16.68424959549877,1.2638979098002647,-0.0,-100.4,0,1.0,0.0,6.340585348656986,0,0.0,0.0,10.033333333333335,30.621729248406936
2026-09-24T03:59:25.147879+00:00,23.64855987373629,82.27935162541942,95.0,973.2,4.71,54.4,15.1,280.0,3,3,3,24,9,3,0,0.7071067811865475,0.7071067811865476,-0.8660254037844384,-0.5000000000000004,1,0.12306157371665624,0.9077192052710238,0.40112553328917006,9221.52560354425,0.0,0.0,0.0,0.0,0.0,0,0,0.4,0,0,0.25881904510252074,0.4641016151377546,0,0.0,0.0,0.0,4.8,0.0,0.07071067811865475,0,0,16.68424959549877,1.2638979098002647,-0.0,-95.0,0,1.0,0.0,6.340585348656986,0,0.0,0.0,9.583333333333334,33.27772323788853
2026-09-24T02:59:25.147879+00:00,26.28140769114411,84.27107788626256,61.0,944.4,1.18,35.4,15.9,296.0,2,2,3,24,9,3,0,0.49999999999999994,0.8660254037844387,-0.8660254037844384,-0.5000000000000004,1,0.08950344015564977,0.8921517669395517,0.4427802603402053,9436.552888542285,0.0,0.0,0.0,0.0,0.0,0,0,0.4,0,0,0.25881904510252074,0.4641016151377546,0,0.0,0.0,0.0,4.8,0.0,0.07071067811865475,0,0,16.68424959549877,1.2638979098002647,-0.0,-61.0,0,1.0,0.0,6.340585348656986,0,0.0,0.0,6.75,8.676080919386704
2026-09-24T01:59:25.147879+00:00,21.59739025726688,88.18014765922493,100.1,943.8,6.48,68.2,20.6,325.0,2,1,3,24,9,3,0,0.25881904510252074,0.9659258262890683,-0.8660254037844384,-0.5000000000000004,1,0.029527513984036895,0.9293242804752256,0.36808220228248845,9819.396259558835,0.0,0.0,0.0,0.0,0.0,0,0,0.4,0,0,0.25881904510252074,0.4641016151377546,0,0.0,0.0,0.0,4.8,0.0,0.07071067811865475,0,0,16.68424959549877,1.2638979098002647,-0.0,-100.1,0,1.0,0.0,6.340585348656986,0,0.0,0.0,10.008333333333333,40.87003703703704
2026-09-24T00:59:25.147879+00:00,24.113875507308894,88.60730583256344,52.5,948.2,1.6,45.6,23.6,189.0,4,0,3,24,9,3,0,0.0,1.0,-0.8660254037844384,-0.5000000000000004,1,0.02218376149690241,0.9124656390204463,0.4085515124593925,9866.19905885105,0.0,0.0,0.0,0.0,0.0,0,0,0.4,0,0,0.25881904510252074,0.4641016151377546,0,0.0,0.0,0.0,4.8,0.0,0.07071067811865475,0,0,16.68424959549877,1.2638979098002647,-0.0,-52.5,0,1.0,0.0,6.340585348656986,0,0.0,0.0,6.041666666666667,7.226577761081893
2026-09-23T23:59:25.147879+00:00,24.73931655089634,80.06952130531191,181.7,976.3,4.06,79.7,21.9,162.4,3,23,2,23,9,3,0,-0.25881904510252157,0.9659258262890681,-0.8660254037844384,-0.5000000000000004,1,0.1566255727917589,0.8946140049551101,0.41849039664708165,9005.556314944539,0.0,0.0,0.0,0.0,0.0,0,0,0.4,0,0,0.25881904510252074,0.4641016151377546,0,0.0,0.0,0.0,4.8,0.0,0.07071067811865475,0,0,16.68424959549877,1.2638979098002647,-0.0,-181.7,0,1.0,0.0,6.340585348656986,0,0.0,0.0,16.808333333333334,175.04560628321784
2026-09-23T22:59:25.147879+00:00,20.371603301759983,85.10747302577566,114.7,994.0,2.97,25.6,13.0,118.9,3,22,2,23,9,3,0,-0.5000000000000004,0.8660254037844384,-0.8660254037844384,-0.5000000000000004,1,0.07995266526760955,0.9340389492806009,0.34810747269111647,9497.620706299112,0.0,0.0,0.0,0.0,0.0,0,0,0.4,0,0,0.25881904510252074,0.4641016151377546,0,0.0,0.0,0.0,4.8,0.0,0.07071067811865475,0,0,16.68424959549877,1.2638979098002647,-0.0,-114.7,0,1.0,0.0,6.340585348656986,0,0.0,0.0,11.225000000000001,47.930247460834245
2026-09-23T21:59:25.147879+00:00,24.860358815211505,84.17411003148779,122.7,984.5,1.26,66.8,13.4,212.1,1,21,2,23,9,3,0,-0.7071067811865477,0.7071067811865474,-0.8660254037844384,-0.5000000000000004,1,0.0920998102984722,0.9026486617779007,0.42040815683517685,9419.942793254535,0.0,0.0,0.0,0.0,0.0,0,0,0.4,0,0,0.25881904510252074,0.4641016151377546,0,0.0,0.0,0.0,4.8,0.0,0.07071067811865475,0,0,16.68424959549877,1.2638979098002647,-0.0,-122.7,0,1.0,0.0,6.340585348656986,0,0.0,0.0,11.891666666666667,53.92340270473329
2026-09-23T20:59:25.147879+00:00,21.36419298949833,82.2210781047073,201.4,981.8,0.67,60.4,27.6,163.5,5,20,2,23,9,3,0,-0.8660254037844386,0.5000000000000001,-0.8660254037844384,-0.5000000000000004,1,0.12605025400865846,0.922713712933796,0.3642948495769342,9202.335270882384,0.0,0.0,0.0,0.0,0.0,0,0,0.4,0,0,0.25881904510252074,0.4641016151377546,0,0.0,0.0,0.0,4.8,0.0,0.07071067811865475,0,0,16.68424959549877,1.2638979098002647,-0.0,-201.4,0,1.0,0.0,6.340585348656986,0,0.0,0.0,18.450000000000003,228.6594407991764
2026-09-23T19:59:25.147879+00:00,20.52041274388224,81.19865367333682,160.2,961.2,4.24,66.0,21.2,162.6,5,19,2,23,9,3,0,-0.9659258262890684,0.2588190451025203,-0.8660254037844384,-0.5000000000000004,1,0.1433002290667324,0.925519316278947,0.3505410668437756,9091.423788368871,0.0,0.0,0.0,0.0,0.0,0,0,0.4,0,0,0.25881904510252074,0.4641016151377546,0,0.0,0.0,0.0,4.8,0.0,0.07071067811865475,0,0,16.68424959549877,1.2638979098002647,-0.0,-160.2,0,1.0,0.0,6.340585348656986,0,0.0,0.0,15.016666666666667,122.88518707738542
2026-09-23T18:59:25.147879+00:00,27.591084298026665,83.37615171403628,46.4,979.0,5.34,38.5,27.4,337.3,1,18,2,23,9,3,0,-1.0,-1.8369701987210297e-16,-0.8660254037844384,-0.5000000000000004,1,0.10223244096511783,0.8803596286248672,0.463158128830532,9355.080600087102,0.0,0.0,0.0,0.0,0.0,0,0,0.4,0,0,0.25881904510252074,0.4641016151377546,0,0.0,0.0,0.0,4.8,0.0,0.07071067811865475,0,0,16.68424959549877,1.2638979098002647,-0.0,-46.4,0,1.0,0.0,6.340585348656986,0,0.0,0.0,5.533333333333333,13.459790856220607
2026-09-23T17:59:25.147879+00:00,27.725056264596475,89.4290970391252,210.1,967.0,5.55,49.5,17.4,354.3,5,17,2,23,9,3,0,-0.9659258262890683,-0.25881904510252063,-0.8660254037844384,-0.5000000000000004,1,0.008820010510761065,0.8851463167594978,0.46522919657055567,9951.350382463508,0.0,0.0,0.0,0.0,0.0,0,0,0.4,0,0,0.25881904510252074,0.4641016151377546,0,0.0,0.0,0.0,4.8,0.0,0.07071067811865475,0,0,16.68424959549877,1.2638979098002647,-0.0,-210.1,0,1.0,0.0,6.340585348656986,0,0.0,0.0,19.175,269.1692962962963
2026-09-23T16:59:25.147879+00:00,26.46717878493169,83.23202932020756,86.5,938.4,3.4,67.8,22.3,286.7,2,16,2,23,9,3,0,-0.8660254037844384,-0.5000000000000004,-0.8660254037844384,-0.5000000000000004,1,0.10549710365841351,0.8889517220275523,0.4456850872801727,9334.168318850985,0.0,0.0,0.0,0.0,0.0,0,0,0.4,0,0,0.25881904510252074,0.4641016151377546,0,0.0,0.0,0.0,4.8,0.0,0.07071067811865475,0,0,16.68424959549877,1.2638979098002647,-0.0,-86.5,0,1.0,0.0,6.340585348656986,0,0.0,0.0,8.875,24.809701004535714
2026-09-23T15:59:25.147879+00:00,22.436910153386965,85.18790621743366,63.8,937.7,5.16,34.0,20.5,272.4,5,15,2,23,9,3,0,-0.7071067811865471,-0.7071067811865479,-0.8660254037844384,-0.5000000000000004,1,0.0775378722458518,0.9210423575073556,0.3816658932166698,9513.053278156034,0.0,0.0,0.0,0.0,0.0,0,0,0.4,0,0,0.25881904510252074,0.4641016151377546,0,0.0,0.0,0.0,4.8,0.0,0.07071067811865475,0,0,16.68424959549877,1.2638979098002647,-0.0,-63.8,0,1.0,0.0,6.340585348656986,0,0.0,0.0,6.9833333333333325,17.54637037037037
2026-09-23T14:59:25.147879+00:00,20.781376912051076,87.03018958895177,179.4,945.2,4.54,33.6,16.4,245.0,5,14,2,23,9,3,0,-0.4999999999999997,-0.8660254037844388,-0.8660254037844384,-0.5000000000000004,1,0.048439074522522094,0.9336853972388781,0.35480309333809357,9698.817244246247,0.0,0.0,0.0,0.0,0.0,0,0,0.4,0,0,0.25881904510252074,0.4641016151377546,0,0.0,0.0,0.0,4.8,0.0,0.07071067811865475,0,0,16.68424959549877,1.2638979098002647,-0.0,-179.4,0,1.0,0.0,6.340585348656986,0,0.0,0.0,16.616666666666667,169.7465604808415
2026-09-23T13:59:25.147879+00:00,25.47386421209725,83.63629602379294,132.6,997.4,4.85,53.1,19.4,59.8,1,13,2,23,9,3,0,-0.2588190451025208,-0.9659258262890683,-0.8660254037844384,-0.5000000000000004,1,0.1000637429482536,0.8972189316548831,0.43009933274449075,9368.968604263764,0.0,0.0,0.0,0.0,0.0,0,0,0.4,0,0,0.25881904510252074,0.4641016151377546,0,0.0,0.0,0.0,4.8,0.0,0.07071067811865475,0,0,16.68424959549877,1.2638979098002647,-0.0,-132.6,0,1.0,0.0,6.340585348656986,0,0.0,0.0,12.716666666666667,74.57670022539442
2026-09-23T12:59:25.147879+00:00,23.52121994991681,89.71782082720961,120.9,966.5,3.46,51.4,20.0,21.3,4,12,2,23,9,3,0,1.2246467991473532e-16,-1.0,-0.8660254037844384,-0.5000000000000004,1,0.004515734309065794,0.916901211671202,0.39908868209901877,9978.773556948254,0.0,0.0,0.0,0.0,0.0,0,0,0.4,0,0,0.25881904510252074,0.4641016151377546,0,0.0,0.0,0.0,4.8,0.0,0.07071067811865475,0,0,16.68424959549877,1.2638979098002647,-0.0,-120.9,0,1.0,0.0,6.340585348656986,0,0.0,0.0,11.741666666666667,56.094175056348625
2026-09-23T11:59:25.147879+00:00,20.976305878758232,89.62447294942112,88.7,982.4,4.3,36.9,14.0,248.7,5,11,2,23,9,3,0,0.258819045102521,-0.9659258262890682,-0.8660254037844384,-0.5000000000000004,1,0.006119784381859433,0.9337084911335485,0.3579818456629215,9968.554008340661,0.0,0.0,0.0,0.0,0.0,0,0,0.4,0,0,0.25881904510252074,0.4641016151377546,0,0.0,0.0,0.0,4.8,0.0,0.07071067811865475,0,0,16.68424959549877,1.2638979098002647,-0.0,-88.7,0,1.0,0.0,6.340585348656986,0,0.0,0.0,9.058333333333335,28.019097392659376
2026-09-23T10:59:25.147879+00:00,23.96141528089016,82.51782295825365,140.8,949.5,5.33,37.9,16.3,262.4,5,10,2,23,9,3,0,0.49999999999999994,-0.8660254037844387,-0.8660254037844384,-0.5000000000000004,1,0.11899550027638738,0.9060383693834102,0.40612134161974717,9247.622413262125,0.0,0.0,0.0,0.0,0.0,0,0,0.4,0,0,0.25881904510252074,0.4641016151377546,0,0.0,0.0,0.0,4.8,0.0,0.07071067811865475,0,0,16.68424959549877,1.2638979098002647,-0.0,-140.8,0,1.0,0.0,6.340585348656986,0,0.0,0.0,13.400000000000002,88.33229629629629
2026-09-23T09:59:25.147879+00:00,20.275108168921747,84.97248505892385,93.0,954.7,2.89,36.7,25.8,16.9,4,9,2,23,9,3,0,0.7071067811865476,-0.7071067811865475,-0.8660254037844384,-0.5000000000000004,1,0.08220428314354132,0.9344306776742234,0.3465281582413585,9483.228261757176,0.0,0.0,0.0,0.0,0.0,0,0,0.4,0,0,0.25881904510252074,0.4641016151377546,0,0.0,0.0,0.0,4.8,0.0,0.07071067811865475,0,0,16.68424959549877,1.2638979098002647,-0.0,-93.0,0,1.0,0.0,6.340585348656986,0,0.0,0.0,9.416666666666668,28.16241923365891
2026-09-23T08:59:25.147879+00:00,27.274563216630256,83.0087830981677,202.8,930.7,5.34,66.3,28.3,334.1,1,8,2,23,9,3,0,0.8660254037844387,-0.4999999999999998,-0.8660254037844384,-0.5000000000000004,1,0.1081847664977607,0.8822122243621183,0.45825500268286035,9316.946638779656,0.0,0.0,0.0,0.0,0.0,0,0,0.4,0,0,0.25881904510252074,0.4641016151377546,0,0.0,0.0,0.0,4.8,0.0,0.07071067811865475,0,0,16.68424959549877,1.2638979098002647,-0.0,-202.8,0,1.0,0.0,6.340585348656986,0,0.0,0.0,18.56666666666667,242.7729947407964
2026-09-23T07:59:25.147879+00:00,22.070239852800132,82.84840494377468,82.7,934.6,4.05,59.1,17.2,32.8,4,7,2,23,9,3,0,0.9659258262890683,-0.25881904510252063,-0.8660254037844384,-0.5000000000000004,1,0.11537251776998499,0.9195142243574334,0.37574296180735345,9270.864581583404,0.0,0.0,0.0,0.0,0.0,0,0,0.4,0,0,0.25881904510252074,0.4641016151377546,0,0.0,0.0,0.0,4.8,0.0,0.07071067811865475,0,0,16.68424959549877,1.2638979098002647,-0.0,-82.7,0,1.0,0.0,6.340585348656986,0,0.0,0.0,8.558333333333334,23.838912068341827
2026-09-23T06:59:25.147879+00:00,25.300178274831858,80.36886947354533,199.8,990.3,1.5,69.9,16.1,102.9,1,6,2,23,9,3,0,1.0,6.123233995736766e-17,-0.8660254037844384,-0.5000000000000004,1,0.15125680536526176,0.8913384492315304,0.42736067642241715,9040.173412746066,0.0,0.0,0.0,0.0,0.0,0,0,0.4,0,0,0.25881904510252074,0.4641016151377546,0,0.0,0.0,0.0,4.8,0.0,0.07071067811865475,0,0,16.68424959549877,1.2638979098002647,-0.0,-199.8,0,1.0,0.0,6.340585348656986,0,0.0,0.0,18.316666666666666,224.94462509391437
2026-09-23T05:59:25.147879+00:00,22.49368860871529,86.09564333979897,142.9,969.7,0.65,78.5,13.9,242.1,2,5,2,23,9,3,0,0.9659258262890683,0.25881904510252074,-0.8660254037844384,-0.5000000000000004,1,0.06291089204897944,0.9217773552812769,0.382581660501724,9606.473249568959,0.0,0.0,0.0,0.0,0.0,0,0,0.4,0,0,0.25881904510252074,0.4641016151377546,0,0.0,0.0,0.0,4.8,0.0,0.07071067811865475,0,0,16.68424959549877,1.2638979098002647,-0.0,-142.9,0,1.0,0.0,6.340585348656986,0,0.0,0.0,13.575,82.49978264741073
2026-09-23T04:59:25.147879+00:00,24.160544169422487,85.02679023228862,190.0,948.7,2.68,48.4,23.6,61.2,1,4,2,23,9,3,0,0.8660254037844386,0.5000000000000001,-0.8660254037844384,-0.5000000000000004,1,0.07909608604724655,0.9089673040295302,0.4092948196316369,9503.095311185789,0.0,0.0,0.0,0.0,0.0,0,0,0.4,0,0,0.25881904510252074,0.4641016151377546,0,0.0,0.0,0.0,4.8,0.0,0.07071067811865475,0,0,16.68424959549877,1.2638979098002647,-0.0,-190.0,0,1.0,0.0,6.340585348656986,0,0.0,0.0,17.5,196.22178590310824
2026-09-23T03:59:25.147879+00:00,24.37368223474624,80.5147875124999,169.7,988.2,3.78,24.0,16.5,19.9,2,3,2,23,9,3,0,0.7071067811865475,0.7071067811865476,-0.8660254037844384,-0.5000000000000004,1,0.15010559123899436,0.8984200078478013,0.41268608042621036,9047.592506577681,0.0,0.0,0.0,0.0,0.0,0,0,0.4,0,0,0.25881904510252074,0.4641016151377546,0,0.0,0.0,0.0,4.8,0.0,0.07071067811865475,0,0,16.68424959549877,1.2638979098002647,-0.0,-169.7,0,1.0,0.0,6.340585348656986,0,0.0,0.0,15.808333333333334,143.54897718229117
2026-09-23T02:59:25.147879+00:00,21.478835644204217,82.78646464236611,166.9,941.0,5.54,22.9,29.8,119.2,2,2,2,23,9,3,0,0.49999999999999994,0.8660254037844387,-0.8660254037844384,-0.5000000000000004,1,0.11684729607049571,0.9231876202577253,0.36615751692938353,9261.404785585792,0.0,0.0,0.0,0.0,0.0,0,0,0.4,0,0,0.25881904510252074,0.4641016151377546,0,0.0,0.0,0.0,4.8,0.0,0.07071067811865475,0,0,16.68424959549877,1.2638979098002647,-0.0,-166.9,0,1.0,0.0,6.340585348656986,0,0.0,0.0,15.575000000000001,140.44809719787406
2026-09-23T01:59:25.147879+00:00,27.75667702211647,89.08265885966654,101.8,1003.0,1.26,37.7,16.5,275.7,1,1,2,23,9,3,0,0.25881904510252074,0.9659258262890683,-0.8660254037844384,-0.5000000000000004,1,0.014167729498355788,0.8848199510781013,0.465717650100367,9917.277773449889,0.0,0.0,0.0,0.0,0.0,0,0,0.4,0,0,0.25881904510252074,0.4641016151377546,0,0.0,0.0,0.0,4.8,0.0,0.07071067811865475,0,0,16.68424959549877,1.2638979098002647,-0.0,-101.8,0,1.0,0.0,6.340585348656986,0,0.0,0.0,10.15,31.87631332609845
2026-09-23T00:59:25.147879+00:00,26.20106258688892,82.39561890666972,85.9,949.3,5.3,76.0,17.9,148.9,3,0,2,23,9,3,0,0.0,1.0,-0.8660254037844384,-0.5000000000000004,1,0.11873507492451567,0.8893592469891511,0.44152249294635,9249.29343004042,0.0,0.0,0.0,0.0,0.0,0,0,0.4,0,0,0.25881904510252074,0.4641016151377546,0,0.0,0.0,0.0,4.8,0.0,0.07071067811865475,0,0,16.68424959549877,1.2638979098002647,-0.0,-85.9,0,1.0,0.0,6.340585348656986,0,0.0,0.0,8.825000000000001,28.237526198625375
2026-09-22T23:59:25.147879+00:00,27.515991532513517,81.44894872091223,81.9,948.7,5.68,51.4,22.1,235.1,1,23,1,22,9,3,0,-0.25881904510252157,0.9659258262890681,-0.8660254037844384,-0.5000000000000004,1,0.13187098586200408,0.877023139517249,0.46199616431209817,9164.939063339154,0.0,0.0,0.0,0.0,0.0,0,0,0.4,0,0,0.25881904510252074,0.4641016151377546,0,0.0,0.0,0.0,4.8,0.0,0.07071067811865475,0,0,16.68424959549877,1.2638979098002647,-0.0,-81.9,0,1.0,0.0,6.340585348656986,0,0.0,0.0,8.491666666666669,26.64656423741548
2026-09-22T22:59:25.147879+00:00,27.15861880342119,84.89452760277563,195.0,946.5,1.4,36.3,26.0,208.7,5,22,1,22,9,3,0,-0.5000000000000004,0.8660254037844384,-0.8660254037844384,-0.5000000000000004,1,0.07917801356447932,0.88621626918207,0.45645543747993195,9502.57170882315,0.0,0.0,0.0,0.0,0.0,0,0,0.4,0,0,0.25881904510252074,0.4641016151377546,0,0.0,0.0,0.0,4.8,0.0,0.07071067811865475,0,0,16.68424959549877,1.2638979098002647,-0.0,-195.0,0,1.0,0.0,6.340585348656986,0,0.0,0.0,17.916666666666668,209.1298271975958
2026-09-22T21:59:25.147879+00:00,24.78319983048868,89.856504541106,188.6,930.4,5.61,44.0,19.4,8.0,5,21,1,22,9,3,0,-0.7071067811865477,0.7071067811865474,-0.8660254037844384,-0.5000000000000004,1,0.0022738053975637847,0.9078975831841735,0.41918588747398305,9993.056971339458,0.0,0.0,0.0,0.0,0.0,0,0,0.4,0,0,0.25881904510252074,0.4641016151377546,0,0.0,0.0,0.0,4.8,0.0,0.07071067811865475,0,0,16.68424959549877,1.2638979098002647,-0.0,-188.6,0,1.0,0.0,6.340585348656986,0,0.0,0.0,17.383333333333333,197.89374727996213
2026-09-22T20:59:25.147879+00:00,27.37499388018493,82.42055271511501,122.1,929.4,6.45,55.9,18.5,355.9,3,20,1,22,9,3,0,-0.8660254037844386,0.5000000000000001,-0.8660254037844384,-0.5000000000000004,1,0.11713005859614269,0.8802574802965962,0.4598122635980383,9259.590849681557,0.0,0.0,0.0,0.0,0.0,0,0,0.4,0,0,0.25881904510252074,0.4641016151377546,0,0.0,0.0,0.0,4.8,0.0,0.07071067811865475,0,0,16.68424959549877,1.2638979098002647,-0.0,-122.1,0,1.0,0.0,6.340585348656986,0,0.0,0.0,11.841666666666667,63.55299999999999
2026-09-22T19:59:25.147879+00:00,20.70794001641536,86.72135547405878,68.2,975.1,4.86,59.2,29.9,14.9,2,19,1,22,9,3,0,-0.9659258262890684,0.2588190451025203,-0.8660254037844384,-0.5000000000000004,1,0.0534970359811569,0.9338639854558837,0.35360447368448833,9666.551000132524,0.0,0.0,0.0,0.0,0.0,0,0,0.4,0,0,0.25881904510252074,0.4641016151377546,0,0.0,0.0,0.0,4.8,0.0,0.07071067811865475,0,0,16.68424959549877,1.2638979098002647,-0.0,-68.2,0,1.0,0.0,6.340585348656986,0,0.0,0.0,7.3500000000000005,18.546962962962965
2026-09-22T18:59:25.147879+00:00,21.56786289935316,87.61619615328718,111.9,994.4,5.21,29.2,10.2,348.4,3,18,1,22,9,3,0,-1.0,-1.8369701987210297e-16,-0.8660254037844384,-0.5000000000000004,1,0.03868098357646912,0.9291780384045567,0.36760298483039683,9761.045356411394,0.0,0.0,0.0,0.0,0.0,0,0,0.4,0,0,0.25881904510252074,0.4641016151377546,0,0.0,0.0,0.0,4.8,0.0,0.07071067811865475,0,0,16.68424959549877,1.2638979098002647,-0.0,-111.9,0,1.0,0.0,6.340585348656986,0,0.0,0.0,10.991666666666669,49.40956949661909
2026-09-22T17:59:25.147879+00:00,20.361818311284303,82.37637543992399,153.4,987.2,6.47,78.6,27.9,198.0,5,17,1,22,9,3,0,-0.9659258262890683,-0.25881904510252063,-0.8660254037844384,-0.5000000000000004,1,0.12437538198104603,0.9292273095860705,0.3479473688311237,9213.090526773707,0.0,0.0,0.0,0.0,0.0,0,0,0.4,0,0,0.25881904510252074,0.4641016151377546,0,0.0,0.0,0.0,4.8,0.0,0.07071067811865475,0,0,16.68424959549877,1.2638979098002647,-0.0,-153.4,0,1.0,0.0,6.340585348656986,0,0.0,0.0,14.450000000000001,113.38637293040598
2026-09-22T16:59:25.147879+00:00,22.60264264610612,87.28216348611859,124.5,932.0,4.13,52.7,13.0,346.7,3,16,1,22,9,3,0,-0.8660254037844384,-0.5000000000000004,-0.8660254037844384,-0.5000000000000004,1,0.04377539569570452,0.9221540493712503,0.38433790336094886,9728.561202029052,0.0,0.0,0.0,0.0,0.0,0,0,0.4,0,0,0.25881904510252074,0.4641016151377546,0,0.0,0.0,0.0,4.8,0.0,0.07071067811865475,0,0,16.68424959549877,1.2638979098002647,-0.0,-124.5,0,1.0,0.0,6.340585348656986,0,0.0,0.0,12.041666666666666,61.959004507888814
2026-09-22T15:59:25.147879+00:00,23.109418317515857,83.67783132719254,181.5,966.4,2.35,28.1,25.7,41.3,1,15,1,22,9,3,0,-0.7071067811865471,-0.7071067811865479,-0.8660254037844384,-0.5000000000000004,1,0.10128261224609768,0.9141634193488819,0.39248831215842184,9361.163534199797,0.0,0.0,0.0,0.0,0.0,0,0,0.4,0,0,0.25881904510252074,0.4641016151377546,0,0.0,0.0,0.0,4.8,0.0,0.07071067811865475,0,0,16.68424959549877,1.2638979098002647,-0.0,-181.5,0,1.0,0.0,6.340585348656986,0,0.0,0.0,16.791666666666668,171.075
2026-09-22T14:59:25.147879+00:00,22.170792254191166,86.32305830593579,219.6,929.0,5.53,73.6,22.4,176.5,3,14,1,22,9,3,0,-0.4999999999999997,-0.8660254037844388,-0.8660254037844384,-0.5000000000000004,1,0.05938907199989982,0.9241567835202754,0.3773687554640015,9628.95284544037,0.0,0.0,0.0,0.0,0.0,0,0,0.4,0,0,0.25881904510252074,0.4641016151377546,0,0.0,0.0,0.0,4.8,0.0,0.07071067811865475,0,0,16.68424959549877,1.2638979098002647,-0.0,-219.6,0,1.0,0.0,6.340585348656986,0,0.0,0.0,19.96666666666667,305.74307137490604
2026-09-22T13:59:25.147879+00:00,26.629900073215435,86.33529710760895,78.4,923.9,4.19,24.5,16.8,61.0,2,13,1,22,9,3,0,-0.2588190451025208,-0.9659258262890683,-0.8660254037844384,-0.5000000000000004,1,0.05713718662614955,0.8920925471361553,0.44822564546060395,9643.324023108918,0.0,0.0,0.0,0.0,0.0,0,0,0.4,0,0,0.25881904510252074,0.4641016151377546,0,0.0,0.0,0.0,4.8,0.0,0.07071067811865475,0,0,16.68424959549877,1.2638979098002647,-0.0,-78.4,0,1.0,0.0,6.340585348656986,0,0.0,0.0,8.200000000000001,21.789308066894847
2026-09-22T12:59:25.147879+00:00,22.854026613548715,85.35774684074758,125.4,975.8,3.99,74.5,27.5,18.4,1,12,1,22,9,3,0,1.2246467991473532e-16,-1.0,-0.8660254037844384,-0.5000000000000004,1,0.07458045051020476,0.9184743319518327,0.3883846777968069,9531.949756365173,0.0,0.0,0.0,0.0,0.0,0,0,0.4,0,0,0.25881904510252074,0.4641016151377546,0,0.0,0.0,0.0,4.8,0.0,0.07071067811865475,0,0,16.68424959549877,1.2638979098002647,-0.0,-125.4,0,1.0,0.0,6.340585348656986,0,0.0,0.0,12.116666666666667,62.85200000000002
2026-09-22T11:59:25.147879+00:00,22.247476077499044,80.90289770054409,120.4,965.5,2.02,79.8,10.3,222.3,4,11,1,22,9,3,0,0.258819045102521,-0.9659258262890682,-0.8660254037844384,-0.5000000000000004,1,0.1463381146306039,0.9139153434446468,0.3786078462245778,9071.863206401411,0.0,0.0,0.0,0.0,0.0,0,0,0.4,0,0,0.25881904510252074,0.4641016151377546,0,0.0,0.0,0.0,4.8,0.0,0.07071067811865475,0,0,16.68424959549877,1.2638979098002647,-0.0,-120.4,0,1.0,0.0,6.340585348656986,0,0.0,0.0,11.700000000000001,52.60659331608092
2026-09-22T10:59:25.147879+00:00,24.34156866526599,88.35302495589238,98.3,927.0,5.04,62.0,14.5,74.8,5,10,1,22,9,3,0,0.49999999999999994,-0.8660254037844387,-0.8660254037844384,-0.5000000000000004,1,0.02618621671660476,0.9107280898696086,0.4121754825029324,9840.691938762682,0.0,0.0,0.0,0.0,0.0,0,0,0.4,0,0,0.25881904510252074,0.4641016151377546,0,0.0,0.0,0.0,4.8,0.0,0.07071067811865475,0,0,16.68424959549877,1.2638979098002647,-0.0,-98.3,0,1.0,0.0,6.340585348656986,0,0.0,0.0,9.858333333333334,36.51131276956896
2026-09-22T09:59:25.147879+00:00,21.1273937997981,83.20780064971736,79.7,923.0,0.99,66.2,21.3,211.6,5,9,1,22,9,3,0,0.7071067811865476,-0.7071067811865475,-0.8660254037844384,-0.5000000000000004,1,0.11031890552373709,0.9262346950205984,0.36044282323850446,9303.268158359808,0.0,0.0,0.0,0.0,0.0,0,0,0.4,0,0,0.25881904510252074,0.4641016151377546,0,0.0,0.0,0.0,4.8,0.0,0.07071067811865475,0,0,16.68424959549877,1.2638979098002647,-0.0,-79.7,0,1.0,0.0,6.340585348656986,0,0.0,0.0,8.308333333333334,16.067474552689426
2026-09-22T08:59:25.147879+00:00,26.41757584603232,81.86518510399854,56.5,1004.1,6.05,40.2,17.0,40.5,3,8,1,22,9,3,0,0.8660254037844387,-0.4999999999999998,-0.8660254037844384,-0.5000000000000004,1,0.12672639660413088,0.8865639177870432,0.4449099235596137,9197.99274290191,0.0,0.0,0.0,0.0,0.0,0,0,0.4,0,0,0.25881904510252074,0.4641016151377546,0,0.0,0.0,0.0,4.8,0.0,0.07071067811865475,0,0,16.68424959549877,1.2638979098002647,-0.0,-56.5,0,1.0,0.0,6.340585348656986,0,0.0,0.0,6.375000000000001,17.11884200128002
2026-09-22T07:59:25.147879+00:00,20.59640514943817,80.40775141554764,200.2,922.6,2.45,76.5,22.2,119.5,1,7,1,22,9,3,0,0.9659258262890683,-0.25881904510252063,-0.8660254037844384,-0.5000000000000004,1,0.1559842884689633,0.9229938681901168,0.351782917485026,9009.692779354518,0.0,0.0,0.0,0.0,0.0,0,0,0.4,0,0,0.25881904510252074,0.4641016151377546,0,0.0,0.0,0.0,4.8,0.0,0.07071067811865475,0,0,16.68424959549877,1.2638979098002647,-0.0,-200.2,0,1.0,0.0,6.340585348656986,0,0.0,0.0,18.35,228.18029629629626
2026-09-22T06:59:25.147879+00:00,27.89509549280414,85.90892943188241,118.5,957.8,1.27,51.8,10.5,281.4,4,6,1,22,9,3,0,1.0,6.123233995736766e-17,-0.8660254037844384,-0.5000000000000004,1,0.06305245991937733,0.8815536682675533,0.46785416238624605,9605.569526489551,0.0,0.0,0.0,0.0,0.0,0,0,0.4,0,0,0.25881904510252074,0.4641016151377546,0,0.0,0.0,0.0,4.8,0.0,0.07071067811865475,0,0,16.68424959549877,1.2638979098002647,-0.0,-118.5,0,1.0,0.0,6.340585348656986,0,0.0,0.0,11.541666666666666,48.84343726521412
2026-09-22T05:59:25.147879+00:00,26.177958154373258,86.77564361842282,132.0,962.9,3.15,63.9,12.3,157.3,1,5,1,22,9,3,0,0.9659258262890683,0.25881904510252074,-0.8660254037844384,-0.5000000000000004,1,0.05047668653396099,0.8960074730524439,0.44116064234100294,9685.819709603182,0.0,0.0,0.0,0.0,0.0,0,0,0.4,0,0,0.25881904510252074,0.4641016151377546,0,0.0,0.0,0.0,4.8,0.0,0.07071067811865475,0,0,16.68424959549877,1.2638979098002647,-0.0,-132.0,0,1.0,0.0,6.340585348656986,0,0.0,0.0,12.666666666666666,70.3
2026-09-22T04:59:25.147879+00:00,21.589725452273377,80.16587828927857,205.5,930.0,0.75,75.4,12.5,226.0,5,4,1,22,9,3,0,0.8660254037844386,0.5000000000000001,-0.8660254037844384,-0.5000000000000004,1,0.15881366994732285,0.9161797120105523,0.36795781488932183,8991.439254848437,0.0,0.0,0.0,0.0,0.0,0,0,0.4,0,0,0.25881904510252074,0.4641016151377546,0,0.0,0.0,0.0,4.8,0.0,0.07071067811865475,0,0,16.68424959549877,1.2638979098002647,-0.0,-205.5,0,1.0,0.0,6.340585348656986,0,0.0,0.0,18.791666666666668,242.98694590533435
2026-09-22T03:59:25.147879+00:00,20.04417693698882,85.12093058299281,180.9,934.4,4.61,78.5,13.8,233.1,1,3,1,22,9,3,0,0.7071067811865475,0.7071067811865476,-0.8660254037844384,-0.5000000000000004,1,0.07990117177876342,0.9360245502312458,0.3427445756139324,9497.949824255053,0.0,0.0,0.0,0.0,0.0,0,0,0.4,0,0,0.25881904510252074,0.4641016151377546,0,0.0,0.0,0.0,4.8,0.0,0.07071067811865475,0,0,16.68424959549877,1.2638979098002647,-0.0,-180.9,0,1.0,0.0,6.340585348656986,0,0.0,0.0,16.741666666666667,173.95044853493619
2026-09-22T02:59:25.147879+00:00,26.523691427638678,82.26495775197938,67.8,949.9,5.92,70.0,19.2,303.8,4,2,1,22,9,3,0,0.49999999999999994,0.8660254037844387,-0.8660254037844384,-0.5000000000000004,1,0.12042638519724723,0.8866085178587918,0.44656782442151016,9238.440213465594,0.0,0.0,0.0,0.0,0.0,0,0,0.4,0,0,0.25881904510252074,0.4641016151377546,0,0.0,0.0,0.0,4.8,0.0,0.07071067811865475,0,0,16.68424959549877,1.2638979098002647,-0.0,-67.8,0,1.0,0.0,6.340585348656986,0,0.0,0.0,7.316666666666666,20.51255897821187
2026-09-22T01:59:25.147879+00:00,25.65485875078094,86.4517279040945,143.9,984.7,5.52,38.2,25.0,117.0,3,1,1,22,9,3,0,0.25881904510252074,0.9659258262890683,-0.8660254037844384,-0.5000000000000004,1,0.055788292357230686,0.8996903960106211,0.4329490244383467,9651.93156070016,0.0,0.0,0.0,0.0,0.0,0,0,0.4,0,0,0.25881904510252074,0.4641016151377546,0,0.0,0.0,0.0,4.8,0.0,0.07071067811865475,0,0,16.68424959549877,1.2638979098002647,-0.0,-143.9,0,1.0,0.0,6.340585348656986,0,0.0,0.0,13.658333333333335,93.95642371372122
2026-09-22T00:59:25.147879+00:00,25.8320573443279,81.74366429004992,122.4,963.1,1.26,78.0,28.1,247.4,2,0,1,22,9,3,0,0.0,1.0,-0.8660254037844384,-0.5000000000000004,1,0.12925263700694972,0.8907462996018265,0.43573476516385845,9181.764592642274,0.0,0.0,0.0,0.0,0.0,0,0,0.4,0,0,0.25881904510252074,0.4641016151377546,0,0.0,0.0,0.0,4.8,0.0,0.07071067811865475,0,0,16.68424959549877,1.2638979098002647,-0.0,-122.4,0,1.0,0.0,6.340585348656986,0,0.0,0.0,11.866666666666667,53.547281743050355
2026-09-21T23:59:25.147879+00:00,26.170162773487565,86.90937738102465,184.5,974.2,1.26,57.7,26.7,346.2,1,23,0,21,9,3,0,-0.25881904510252157,0.9659258262890681,-0.8660254037844384,-0.5000000000000004,1,0.048388420507958496,0.8961827761218482,0.4410385386145777,9699.14033984563,0.0,0.0,0.0,0.0,0.0,0,0,0.4,0,0,0.25881904510252074,0.4641016151377546,0,0.0,0.0,0.0,4.8,0.0,0.07071067811865475,0,0,16.68424959549877,1.2638979098002647,-0.0,-184.5,0,1.0,0.0,6.340585348656986,0,0.0,0.0,17.041666666666668,177.28211495116454
2026-09-21T22:59:25.147879+00:00,20.592357213872724,83.86735346300537,171.7,1003.7,5.38,75.8,13.9,262.9,2,22,0,21,9,3,0,-0.5000000000000004,0.8660254037844384,-0.8660254037844384,-0.5000000000000004,1,0.10000483112788364,0.9307493425035246,0.3517167826253678,9369.345823607195,0.0,0.0,0.0,0.0,0.0,0,0,0.4,0,0,0.25881904510252074,0.4641016151377546,0,0.0,0.0,0.0,4.8,0.0,0.07071067811865475,0,0,16.68424959549877,1.2638979098002647,-0.0,-171.7,0,1.0,0.0,6.340585348656986,0,0.0,0.0,15.975,151.61396146033337
2026-09-21T21:59:25.147879+00:00,22.86772582835418,89.36729988736735,165.8,985.3,6.05,60.6,18.8,176.4,5,21,0,21,9,3,0,-0.7071067811865477,0.7071067811865474,-0.8660254037844384,-0.5000000000000004,1,0.010174586257206289,0.9213482712335946,0.388604993392212,9942.719990489131,0.0,0.0,0.0,0.0,0.0,0,0,0.4,0,0,0.25881904510252074,0.4641016151377546,0,0.0,0.0,0.0,4.8,0.0,0.07071067811865475,0,0,16.68424959549877,1.2638979098002647,-0.0,-165.8,0,1.0,0.0,6.340585348656986,0,0.0,0.0,15.483333333333336,138.92701149233383
2026-09-21T20:59:25.147879+00:00,20.92695247620104,81.37520944145993,104.6,956.9,3.26,38.4,14.0,227.1,3,20,0,21,9,3,0,-0.8660254037844386,0.5000000000000001,-0.8660254037844384,-0.5000000000000004,1,0.14007105647180657,0.9234740878282882,0.35717741844716766,9112.206519024397,0.0,0.0,0.0,0.0,0.0,0,0,0.4,0,0,0.25881904510252074,0.4641016151377546,0,0.0,0.0,0.0,4.8,0.0,0.07071067811865475,0,0,16.68424959549877,1.2638979098002647,-0.0,-104.6,0,1.0,0.0,6.340585348656986,0,0.0,0.0,10.383333333333333,38.365878509614035
2026-09-21T19:59:25.147879+00:00,26.90482740700475,83.41066351050259,185.9,957.9,3.49,42.2,15.3,266.3,3,19,0,21,9,3,0,-0.9659258262890684,0.2588190451025203,-0.8660254037844384,-0.5000000000000004,1,0.10233141494904203,0.8858685689084075,0.452509845345598,9354.446712380084,0.0,0.0,0.0,0.0,0.0,0,0,0.4,0,0,0.25881904510252074,0.4641016151377546,0,0.0,0.0,0.0,4.8,0.0,0.07071067811865475,0,0,16.68424959549877,1.2638979098002647,-0.0,-185.9,0,1.0,0.0,6.340585348656986,0,0.0,0.0,17.158333333333335,185.75070370370372
2026-09-21T18:59:25.147879+00:00,24.986385014620463,81.13473521240589,54.2,972.6,2.41,53.0,20.1,220.4,1,18,0,21,9,3,0,-1.0,-1.8369701987210297e-16,-0.8660254037844384,-0.5000000000000004,1,0.13968784671067672,0.8955797599018257,0.42240288722441605,9114.672189568266,0.0,0.0,0.0,0.0,0.0,0,0,0.4,0,0,0.25881904510252074,0.4641016151377546,0,0.0,0.0,0.0,4.8,0.0,0.07071067811865475,0,0,16.68424959549877,1.2638979098002647,-0.0,-54.2,0,1.0,0.0,6.340585348656986,0,0.0,0.0,6.183333333333334,9.250533656120435
2026-09-21T17:59:25.147879+00:00,22.647184198821197,89.24693618278563,72.9,976.6,5.87,67.4,11.4,6.0,3,17,0,21,9,3,0,-0.9659258262890683,-0.25881904510252063,-0.8660254037844384,-0.5000000000000004,1,0.012129648025033449,0.9228137155387545,0.3850554739934853,9930.263515353381,0.0,0.0,0.0,0.0,0.0,0,0,0.4,0,0,0.25881904510252074,0.4641016151377546,0,0.0,0.0,0.0,4.8,0.0,0.07071067811865475,0,0,16.68424959549877,1.2638979098002647,-0.0,-72.9,0,1.0,0.0,6.340585348656986,0,0.0,0.0,7.741666666666668,22.52054620586026
2026-09-21T16:59:25.147879+00:00,20.50846680228819,88.77339353380981,103.7,962.6,4.37,39.1,14.4,70.1,1,16,0,21,9,3,0,-0.8660254037844384,-0.5000000000000004,-0.8660254037844384,-0.5000000000000004,1,0.020049939584427922,0.9364058016508529,0.35034579283514233,9879.79667291059,0.0,0.0,0.0,0.0,0.0,0,0,0.4,0,0,0.25881904510252074,0.4641016151377546,0,0.0,0.0,0.0,4.8,0.0,0.07071067811865475,0,0,16.68424959549877,1.2638979098002647,-0.0,-103.7,0,1.0,0.0,6.340585348656986,0,0.0,0.0,10.308333333333335,39.770905556946886
2026-09-21T15:59:25.147879+00:00,22.487858573725298,82.57941627715155,58.4,974.8,2.23,54.8,28.7,291.8,1,15,0,21,9,3,0,-0.7071067811865471,-0.7071067811865479,-0.8660254037844384,-0.5000000000000004,1,0.11933122135558163,0.9162222764885577,0.3824876464356857,9245.468184647854,0.0,0.0,0.0,0.0,0.0,0,0,0.4,0,0,0.25881904510252074,0.4641016151377546,0,0.0,0.0,0.0,4.8,0.0,0.07071067811865475,0,0,16.68424959549877,1.2638979098002647,-0.0,-58.4,0,1.0,0.0,6.340585348656986,0,0.0,0.0,6.533333333333333,10.002385396666387
2026-09-21T14:59:25.147879+00:00,22.601466576213976,86.5998404603418,86.1,922.0,2.29,40.7,19.3,98.2,2,14,0,21,9,3,0,-0.4999999999999997,-0.8660254037844388,-0.8660254037844384,-0.5000000000000004,1,0.05475423275080928,0.921575236174066,0.38431895356147183,9658.52964073711,0.0,0.0,0.0,0.0,0.0,0,0,0.4,0,0,0.25881904510252074,0.4641016151377546,0,0.0,0.0,0.0,4.8,0.0,0.07071067811865475,0,0,16.68424959549877,1.2638979098002647,-0.0,-86.1,0,1.0,0.0,6.340585348656986,0,0.0,0.0,8.841666666666667,22.34100901577761
2026-09-21T13:59:25.147879+00:00,25.83684942670451,88.17222200201216,190.3,956.5,5.85,68.9,18.9,263.4,3,13,0,21,9,3,0,-0.2588190451025208,-0.9659258262890683,-0.8660254037844384,-0.5000000000000004,1,0.028707033659066947,0.8995807423251565,0.43581004377620497,9824.625757151312,0.0,0.0,0.0,0.0,0.0,0,0,0.4,0,0,0.25881904510252074,0.4641016151377546,0,0.0,0.0,0.0,4.8,0.0,0.07071067811865475,0,0,16.68424959549877,1.2638979098002647,-0.0,-190.3,0,1.0,0.0,6.340585348656986,0,0.0,0.0,17.525000000000002,203.46729629629627
2026-09-21T12:59:25.147879+00:00,25.100459770841702,85.55200811599462,210.9,943.7,0.58,48.0,10.3,134.0,1,12,0,21,9,3,0,1.2246467991473532e-16,-1.0,-0.8660254037844384,-0.5000000000000004,1,0.07023035343007368,0.9028379600214499,0.4242066894821367,9559.737181267263,0.0,0.0,0.0,0.0,0.0,0,0,0.4,0,0,0.25881904510252074,0.4641016151377546,0,0.0,0.0,0.0,4.8,0.0,0.07071067811865475,0,0,16.68424959549877,1.2638979098002647,-0.0,-210.9,0,1.0,0.0,6.340585348656986,0,0.0,0.0,19.241666666666667,262.1884951164538
2026-09-21T11:59:25.147879+00:00,27.09770194061061,85.29650578356006,98.3,931.0,2.44,24.6,14.9,187.9,2,11,0,21,9,3,0,0.258819045102521,-0.9659258262890682,-0.8660254037844384,-0.5000000000000004,1,0.07299831520259388,0.8872331222670611,0.45550920158634023,9542.057095632237,0.0,0.0,0.0,0.0,0.0,0,0,0.4,0,0,0.25881904510252074,0.4641016151377546,0,0.0,0.0,0.0,4.8,0.0,0.07071067811865475,0,0,16.68424959549877,1.2638979098002647,-0.0,-98.3,0,1.0,0.0,6.340585348656986,0,0.0,0.0,9.858333333333334,31.31131276956896
2026-09-21T10:59:25.147879+00:00,23.777719401295595,82.41852290900452,91.3,928.5,3.83,30.0,27.3,24.5,4,10,0,21,9,3,0,0.49999999999999994,-0.8660254037844387,-0.8660254037844384,-0.5000000000000004,1,0.12073675667372587,0.9071168008413113,0.40318946566017116,9236.448302648594,0.0,0.0,0.0,0.0,0.0,0,0,0.4,0,0,0.25881904510252074,0.4641016151377546,0,0.0,0.0,0.0,4.8,0.0,0.07071067811865475,0,0,16.68424959549877,1.2638979098002647,-0.0,-91.3,0,1.0,0.0,6.340585348656986,0,0.0,0.0,9.275,28.837296296296294
2026-09-21T09:59:25.147879+00:00,20.956753967506412,80.931027678059,94.0,971.3,1.39,23.7,13.3,65.2,2,9,0,21,9,3,0,0.7071067811865476,-0.7071067811865475,-0.8660254037844384,-0.5000000000000004,1,0.14719664457400344,0.9221768741330323,0.357663194416736,9066.333632384949,0.0,0.0,0.0,0.0,0.0,0,0,0.4,0,0,0.25881904510252074,0.4641016151377546,0,0.0,0.0,0.0,4.8,0.0,0.07071067811865475,0,0,16.68424959549877,1.2638979098002647,-0.0,-94.0,0,1.0,0.0,6.340585348656986,0,0.0,0.0,9.5,25.892224170075416
2026-09-21T08:59:25.147879+00:00,25.70595829778396,88.97215757953327,93.6,964.5,1.05,50.0,18.3,344.6,2,8,0,21,9,3,0,0.8660254037844387,-0.4999999999999998,-0.8660254037844384,-0.5000000000000004,1,0.016162955880961095,0.9008869399962278,0.4337527869667505,9904.564722049598,0.0,0.0,0.0,0.0,0.0,0,0,0.4,0,0,0.25881904510252074,0.4641016151377546,0,0.0,0.0,0.0,4.8,0.0,0.07071067811865475,0,0,16.68424959549877,1.2638979098002647,-0.0,-93.6,0,1.0,0.0,6.340585348656986,0,0.0,0.0,9.466666666666667,24.918428249436506
2026-09-21T07:59:25.147879+00:00,26.08628038893518,89.0041805716333,51.3,941.6,5.39,26.4,10.3,320.4,1,7,0,21,9,3,0,0.9659258262890683,-0.25881904510252063,-0.8660254037844384,-0.5000000000000004,1,0.015609058215861914,0.8979972458090931,0.4397241224005081,9908.094049486948,0.0,0.0,0.0,0.0,0.0,0,0,0.4,0,0,0.25881904510252074,0.4641016151377546,0,0.0,0.0,0.0,4.8,0.0,0.07071067811865475,0,0,16.68424959549877,1.2638979098002647,-0.0,-51.3,0,1.0,0.0,6.340585348656986,0,0.0,0.0,5.941666666666666,14.536732531930877
2026-09-21T06:59:25.147879+00:00,24.49021758055597,86.33101457273268,207.2,960.0,5.87,26.8,19.6,234.8,5,6,0,21,9,3,0,1.0,6.123233995736766e-17,-0.8660254037844384,-0.5000000000000004,1,0.05823488145615323,0.9081668622083222,0.4145378739855722,9636.318943952963,0.0,0.0,0.0,0.0,0.0,0,0,0.4,0,0,0.25881904510252074,0.4641016151377546,0,0.0,0.0,0.0,4.8,0.0,0.07071067811865475,0,0,16.68424959549877,1.2638979098002647,-0.0,-207.2,0,1.0,0.0,6.340585348656986,0,0.0,0.0,18.933333333333334,259.26976731502344
2026-09-21T05:59:25.147879+00:00,26.16773743963649,83.390297910487,82.4,961.8,5.44,76.5,10.4,165.5,5,5,0,21,9,3,0,0.9659258262890683,0.25881904510252074,-0.8660254037844384,-0.5000000000000004,1,0.10330784726679934,0.8915413651683068,0.4410005474905122,9348.192715748915,0.0,0.0,0.0,0.0,0.0,0,0,0.4,0,0,0.25881904510252074,0.4641016151377546,0,0.0,0.0,0.0,4.8,0.0,0.07071067811865475,0,0,16.68424959549877,1.2638979098002647,-0.0,-82.4,0,1.0,0.0,6.340585348656986,0,0.0,0.0,8.533333333333333,26.448250660878763
2026-09-21T04:59:25.147879+00:00,23.95036477091513,83.49209574612661,118.5,936.6,5.89,72.4,26.4,243.3,5,4,0,21,9,3,0,0.8660254037844386,0.5000000000000001,-0.8660254037844384,-0.5000000000000004,1,0.10358139619268683,0.9080085242222793,0.4059450877919969,9346.440535465312,0.0,0.0,0.0,0.0,0.0,0,0,0.4,0,0,0.25881904510252074,0.4641016151377546,0,0.0,0.0,0.0,4.8,0.0,0.07071067811865475,0,0,16.68424959549877,1.2638979098002647,-0.0,-118.5,0,1.0,0.0,6.340585348656986,0,0.0,0.0,11.541666666666666,58.08343726521412
2026-09-21T03:59:25.147879+00:00,24.181862635055957,87.2595567887024,46.7,975.4,3.82,47.1,26.5,222.7,2,3,0,21,9,3,0,0.7071067811865475,0.7071067811865476,-0.8660254037844384,-0.5000000000000004,1,0.0436160534924904,0.9112065628494275,0.4096342755408446,9729.577341736373,0.0,0.0,0.0,0.0,0.0,0,0,0.4,0,0,0.25881904510252074,0.4641016151377546,0,0.0,0.0,0.0,4.8,0.0,0.07071067811865475,0,0,16.68424959549877,1.2638979098002647,-0.0,-46.7,0,1.0,0.0,6.340585348656986,0,0.0,0.0,5.558333333333334,10.474058574727996
2026-09-21T02:59:25.147879+00:00,23.4203281468684,88.97110259952578,195.1,986.4,5.37,79.1,25.8,204.7,1,2,0,21,9,3,0,0.49999999999999994,0.8660254037844387,-0.8660254037844384,-0.5000000000000004,1,0.01647729688862119,0.917465711876613,0.3974734786347187,9902.56178872661,0.0,0.0,0.0,0.0,0.0,0,0,0.4,0,0,0.25881904510252074,0.4641016151377546,0,0.0,0.0,0.0,4.8,0.0,0.07071067811865475,0,0,16.68424959549877,1.2638979098002647,-0.0,-195.1,0,1.0,0.0,6.340585348656986,0,0.0,0.0,17.925,217.38742051367672
2026-09-21T01:59:25.147879+00:00,20.20335301395276,88.87086424265118,173.0,987.3,2.8,20.0,15.7,21.3,3,1,0,21,9,3,0,0.25881904510252074,0.9659258262890683,-0.8660254037844384,-0.5000000000000004,1,0.01849341489671819,0.9382905818853262,0.3453531200825524,9889.715134715772,0.0,0.0,0.0,0.0,0.0,0,0,0.4,0,0,0.25881904510252074,0.4641016151377546,0,0.0,0.0,0.0,4.8,0.0,0.07071067811865475,0,0,16.68424959549877,1.2638979098002647,-0.0,-173.0,0,1.0,0.0,6.340585348656986,0,0.0,0.0,16.083333333333336,149.6776080362857
2026-09-21T00:59:25.147879+00:00,20.863131415946437,87.79875545857624,210.7,971.2,4.5,56.8,26.7,227.8,2,0,0,21,9,3,0,0.0,1.0,-0.8660254037844384,-0.5000000000000004,1,0.03589114981606692,0.933744298786047,0.3561367853078842,9778.83176117679,0.0,0.0,0.0,0.0,0.0,0,0,0.4,0,0,0.25881904510252074,0.4641016151377546,0,0.0,0.0,0.0,4.8,0.0,0.07071067811865475,0,0,16.68424959549877,1.2638979098002647,-0.0,-210.7,0,1.0,0.0,6.340585348656986,0,0.0,0.0,19.225,269.2865860533712
