timestamp,latitude,longitude,magnitude,depth_km,pga,pgv,frequency,hour,day_of_week,day_of_month,month,quarter,is_weekend,hour_sin,hour_cos,month_sin,month_cos,is_monsoon_season,geo_x,geo_y,geo_z,dist_to_origin_km,rain_intensity_mm_per_h,rain_rolling_3h,rain_rolling_6h,rain_rolling_24h,antecedent_precipitation_index,is_heavy_rain,is_extreme_rain,soil_saturation_ratio,is_soil_supersaturated,is_soil_dry,gravitational_shear_index,slope_friction_ratio,is_critical_fos,pore_pressure_impact,displacement_velocity,crack_dilation_rate,seismic_energy_log10_j,arias_intensity_proxy,depth_attenuation_factor,is_strong_motion,is_major_quake,dew_point_c,vapor_pressure_deficit_kpa,wind_u,wind_v,is_low_pressure_system,aspect_northness,aspect_eastness,topographic_wetness_index,is_steep_slope,landslide_susceptibility_index,flood_potential_index,fire_danger_index,cyclone_power_dissipation_index
2026-09-25T03:59:25.147879+00:00,22.9963209507789,80.31429185686734,6.9,83.1,0.363,12.25,16.7,3,4,25,9,3,0,0.7071067811865475,0.7071067811865476,-0.8660254037844384,-0.5000000000000004,1,0.15487317958197877,0.9074082160279219,0.39067202066591905,9016.85874164063,0.0,0.0,0.0,0.0,0.0,0,0,0.4,0,0,0.25881904510252074,0.4641016151377546,0,0.0,0.0,0.0,15.150000000000002,4.44675,0.011947499518440735,1,1,16.68424959549877,1.2638979098002647,-0.0,-5.0,0,1.0,0.0,6.340585348656986,0,0.0,0.0,2.5,0.027826474107465846
2026-09-25T02:59:25.147879+00:00,27.60571445127933,86.3641041126378,4.9,13.9,0.262,2.97,15.5,2,4,25,9,3,0,0.49999999999999994,0.8660254037844387,-0.8660254037844384,-0.5000000000000004,1,0.05619635386867884,0.8843737048603737,0.4633844192065619,9649.327715878902,0.0,0.0,0.0,0.0,0.0,0,0,0.4,0,0,0.25881904510252074,0.4641016151377546,0,0.0,0.0,0.0,12.15,0.77814,0.05839969931240226,1,0,16.68424959549877,1.2638979098002647,-0.0,-5.0,0,1.0,0.0,6.340585348656986,0,0.0,0.0,2.5,0.027826474107465846
2026-09-25T01:59:25.147879+00:00,25.85595153449124,83.14355981076326,2.9,38.8,0.236,14.63,11.9,1,4,25,9,3,0,0.25881904510252074,0.9659258262890683,-0.8660254037844384,-0.5000000000000004,1,0.1074311081414237,0.8934576366307428,0.4361100876495673,9321.776345070812,0.0,0.0,0.0,0.0,0.0,0,0,0.4,0,0,0.25881904510252074,0.4641016151377546,0,0.0,0.0,0.0,9.149999999999999,3.45268,0.024957608068848225,1,0,16.68424959549877,1.2638979098002647,-0.0,-5.0,0,1.0,0.0,6.340585348656986,0,0.0,0.0,2.5,0.027826474107465846
2026-09-25T00:59:25.147879+00:00,24.789267873576293,85.08570691164702,5.8,8.4,0.139,11.24,19.2,0,4,25,9,3,0,0.0,1.0,-0.8660254037844384,-0.5000000000000004,1,0.07777191375222667,0.9045187127293907,0.41928203843437206,9511.557683467407,0.0,0.0,0.0,0.0,0.0,0,0,0.4,0,0,0.25881904510252074,0.4641016151377546,0,0.0,0.0,0.0,13.5,1.5623600000000002,0.07657048647896111,0,0,16.68424959549877,1.2638979098002647,-0.0,-5.0,0,1.0,0.0,6.340585348656986,0,0.0,0.0,2.5,0.027826474107465846
2026-09-24T23:59:25.147879+00:00,21.24814912353949,89.07566473926093,6.3,64.2,0.42,23.86,4.8,23,3,24,9,3,0,-0.25881904510252157,0.9659258262890681,-0.8660254037844384,-0.5000000000000004,1,0.015035334138100119,0.9318982941038232,0.36240793061650867,9911.749674776755,0.0,0.0,0.0,0.0,0.0,0,0,0.4,0,0,0.25881904510252074,0.4641016151377546,0,0.0,0.0,0.0,14.25,10.021199999999999,0.015390736468639183,1,1,16.68424959549877,1.2638979098002647,-0.0,-5.0,0,1.0,0.0,6.340585348656986,0,0.0,0.0,2.5,0.027826474107465846
2026-09-24T22:59:25.147879+00:00,21.247956162689626,82.49292229148875,3.8,78.4,0.185,21.4,3.1,22,3,24,9,3,0,-0.5000000000000004,0.8660254037844384,-0.8660254037844384,-0.5000000000000004,1,0.12176727175808955,0.9240321955647548,0.36240479175691126,9229.83408945447,0.0,0.0,0.0,0.0,0.0,0,0,0.4,0,0,0.25881904510252074,0.4641016151377546,0,0.0,0.0,0.0,10.5,3.9589999999999996,0.012652593113552588,1,0,16.68424959549877,1.2638979098002647,-0.0,-5.0,0,1.0,0.0,6.340585348656986,0,0.0,0.0,2.5,0.027826474107465846
2026-09-24T21:59:25.147879+00:00,20.4646688973456,84.1038292303563,6.6,27.4,0.048,13.08,17.2,21,3,24,9,3,0,-0.7071067811865477,0.7071067811865474,-0.8660254037844384,-0.5000000000000004,1,0.09624280728718161,0.9319315318121218,0.34962972136217857,9393.429916865192,0.0,0.0,0.0,0.0,0.0,0,0,0.4,0,0,0.25881904510252074,0.4641016151377546,0,0.0,0.0,0.0,14.7,0.6278400000000001,0.034284393312497975,0,1,16.68424959549877,1.2638979098002647,-0.0,-5.0,0,1.0,0.0,6.340585348656986,0,0.0,0.0,2.5,0.027826474107465846
2026-09-24T20:59:25.147879+00:00,26.92940916619948,87.55551138543049,6.9,73.7,0.282,8.02,9.3,20,3,24,9,3,0,-0.8660254037844386,0.5000000000000001,-0.8660254037844384,-0.5000000000000004,1,0.03802653244605058,0.8907538711952696,0.45289239757449073,9765.217934721368,0.0,0.0,0.0,0.0,0.0,0,0,0.4,0,0,0.25881904510252074,0.4641016151377546,0,0.0,0.0,0.0,15.150000000000002,2.26164,0.01344531814545508,1,1,16.68424959549877,1.2638979098002647,-0.0,-5.0,0,1.0,0.0,6.340585348656986,0,0.0,0.0,2.5,0.027826474107465846
2026-09-24T19:59:25.147879+00:00,24.80892009394567,82.28798165491622,3.6,28.4,0.06,34.59,17.1,19,3,24,9,3,0,-0.9659258262890684,0.2588190451025203,-0.8660254037844384,-0.5000000000000004,1,0.1218095723995341,0.8995019748717025,0.4195934047071639,9229.562570906593,0.0,0.0,0.0,0.0,0.0,0,0,0.4,0,0,0.25881904510252074,0.4641016151377546,0,0.0,0.0,0.0,10.2,2.0754,0.03321251194239113,0,0,16.68424959549877,1.2638979098002647,-0.0,-5.0,0,1.0,0.0,6.340585348656986,0,0.0,0.0,2.5,0.027826474107465846
2026-09-24T18:59:25.147879+00:00,25.66458062236836,80.76979909828793,7.3,77.9,0.162,16.16,18.0,18,3,24,9,3,0,-1.0,-1.8369701987210297e-16,-0.8660254037844384,-0.5000000000000004,1,0.14457706994605857,0.8896741845782724,0.4331019696801189,9083.203432784892,0.0,0.0,0.0,0.0,0.0,0,0,0.4,0,0,0.25881904510252074,0.4641016151377546,0,0.0,0.0,0.0,15.75,2.6179200000000002,0.01273249117168799,1,1,16.68424959549877,1.2638979098002647,-0.0,-5.0,0,1.0,0.0,6.340585348656986,0,0.0,0.0,2.5,0.027826474107465846
2026-09-24T17:59:25.147879+00:00,20.16467595436642,82.89751452913768,2.8,65.3,0.233,24.25,2.2,17,3,24,9,3,0,-0.9659258262890683,-0.25881904510252063,-0.8660254037844384,-0.5000000000000004,1,0.11606582256625664,0.9315026400958856,0.3447195328472315,9266.417662098404,0.0,0.0,0.0,0.0,0.0,0,0,0.4,0,0,0.25881904510252074,0.4641016151377546,0,0.0,0.0,0.0,9.0,5.650250000000001,0.015137464958121884,1,0,16.68424959549877,1.2638979098002647,-0.0,-5.0,0,1.0,0.0,6.340585348656986,0,0.0,0.0,2.5,0.027826474107465846
2026-09-24T16:59:25.147879+00:00,27.759278817295957,81.61221287254004,3.2,69.4,0.395,5.35,17.8,16,3,24,9,3,0,-0.8660254037844384,-0.5000000000000004,-0.8660254037844384,-0.5000000000000004,1,0.1290840545597395,0.8754467125991686,0.4657578343492753,9182.847704994147,0.0,0.0,0.0,0.0,0.0,0,0,0.4,0,0,0.25881904510252074,0.4641016151377546,0,0.0,0.0,0.0,9.600000000000001,2.11325,0.014261925441873345,1,0,16.68424959549877,1.2638979098002647,-0.0,-5.0,0,1.0,0.0,6.340585348656986,0,0.0,0.0,2.5,0.027826474107465846
2026-09-24T15:59:25.147879+00:00,26.659541126403376,89.29697652342573,3.1,6.4,0.227,17.25,9.5,15,3,24,9,3,0,-0.7071067811865471,-0.7071067811865479,-0.8660254037844384,-0.5000000000000004,1,0.010965348580884467,0.8936211742706457,0.4486880408765672,9937.681762139753,0.0,0.0,0.0,0.0,0.0,0,0,0.4,0,0,0.25881904510252074,0.4641016151377546,0,0.0,0.0,0.0,9.45,3.91575,0.08422714006615113,1,0,16.68424959549877,1.2638979098002647,-0.0,-5.0,0,1.0,0.0,6.340585348656986,0,0.0,0.0,2.5,0.027826474107465846
2026-09-24T14:59:25.147879+00:00,21.69871288542621,88.08120379564417,6.8,82.0,0.319,1.45,10.7,14,3,24,9,3,0,-0.4999999999999997,-0.8660254037844388,-0.8660254037844384,-0.5000000000000004,1,0.0311104722137967,0.9286198945948283,0.36972588478672225,9809.306593134743,0.0,0.0,0.0,0.0,0.0,0,0,0.4,0,0,0.25881904510252074,0.4641016151377546,0,0.0,0.0,0.0,15.0,0.46255,0.012105437531103977,1,1,16.68424959549877,1.2638979098002647,-0.0,-5.0,0,1.0,0.0,6.340585348656986,0,0.0,0.0,2.5,0.027826474107465846
2026-09-24T13:59:25.147879+00:00,21.454599737656807,86.33403756510424,5.6,63.1,0.447,17.94,12.9,13,3,24,9,3,0,-0.2588190451025208,-0.9659258262890683,-0.8660254037844384,-0.5000000000000004,1,0.05950895389270624,0.9288032517288493,0.3657638636942033,9628.187724664893,0.0,0.0,0.0,0.0,0.0,0,0,0.4,0,0,0.25881904510252074,0.4641016151377546,0,0.0,0.0,0.0,13.2,8.01918,0.015652519278299793,1,0,16.68424959549877,1.2638979098002647,-0.0,-5.0,0,1.0,0.0,6.340585348656986,0,0.0,0.0,2.5,0.027826474107465846
2026-09-24T12:59:25.147879+00:00,21.46723607882747,88.71460590187718,2.9,29.4,0.068,33.76,18.6,12,3,24,9,3,0,1.2246467991473532e-16,-1.0,-0.8660254037844384,-0.5000000000000004,1,0.0208762690160507,0.9303928126053239,0.3659691184298535,9874.531025371218,0.0,0.0,0.0,0.0,0.0,0,0,0.4,0,0,0.25881904510252074,0.4641016151377546,0,0.0,0.0,0.0,9.149999999999999,2.29568,0.03220181909349906,0,0,16.68424959549877,1.2638979098002647,-0.0,-5.0,0,1.0,0.0,6.340585348656986,0,0.0,0.0,2.5,0.027826474107465846
2026-09-24T11:59:25.147879+00:00,22.433937943676305,88.03672076899115,4.4,71.4,0.131,13.76,1.4,11,3,24,9,3,0,0.258819045102521,-0.9659258262890682,-0.8660254037844384,-0.5000000000000004,1,0.03166626716387689,0.9237775661690467,0.3816179447650472,9805.763877837702,0.0,0.0,0.0,0.0,0.0,0,0,0.4,0,0,0.25881904510252074,0.4641016151377546,0,0.0,0.0,0.0,11.4,1.80256,0.013870225870672338,0,0,16.68424959549877,1.2638979098002647,-0.0,-5.0,0,1.0,0.0,6.340585348656986,0,0.0,0.0,2.5,0.027826474107465846
2026-09-24T10:59:25.147879+00:00,24.198051453057904,81.86570058886036,5.4,27.5,0.184,1.85,10.1,10,3,24,9,3,0,0.49999999999999994,-0.8660254037844387,-0.8660254037844384,-0.5000000000000004,1,0.129061379530688,0.9029571957783534,0.40989201371303635,9182.993386208462,0.0,0.0,0.0,0.0,0.0,0,0,0.4,0,0,0.25881904510252074,0.4641016151377546,0,0.0,0.0,0.0,12.900000000000002,0.34040000000000004,0.03417430630867044,1,0,16.68424959549877,1.2638979098002647,-0.0,-5.0,0,1.0,0.0,6.340585348656986,0,0.0,0.0,2.5,0.027826474107465846
2026-09-24T09:59:25.147879+00:00,23.455560149136925,88.92558998489977,2.5,74.8,0.196,1.57,14.1,9,3,24,9,3,0,0.7071067811865476,-0.7071067811865475,-0.8660254037844384,-0.5000000000000004,1,0.017201489693343903,0.9172077911176658,0.39803765734586233,9897.947301966544,0.0,0.0,0.0,0.0,0.0,0,0,0.4,0,0,0.25881904510252074,0.4641016151377546,0,0.0,0.0,0.0,8.55,0.30772000000000005,0.013251090212039462,1,0,16.68424959549877,1.2638979098002647,-0.0,-5.0,0,1.0,0.0,6.340585348656986,0,0.0,0.0,2.5,0.027826474107465846
2026-09-24T08:59:25.147879+00:00,22.329833121584336,85.39342241915651,6.8,14.0,0.191,13.89,14.7,8,3,24,9,3,0,0.8660254037844387,-0.4999999999999998,-0.8660254037844384,-0.5000000000000004,1,0.07429081786861282,0.9220239167170566,0.3799378519997063,9533.800139226209,0.0,0.0,0.0,0.0,0.0,0,0,0.4,0,0,0.25881904510252074,0.4641016151377546,0,0.0,0.0,0.0,15.0,2.65299,0.05812381937190964,1,1,16.68424959549877,1.2638979098002647,-0.0,-5.0,0,1.0,0.0,6.340585348656986,0,0.0,0.0,2.5,0.027826474107465846
2026-09-24T07:59:25.147879+00:00,24.89482315777904,88.07440155164062,6.4,61.3,0.409,6.02,14.2,7,3,24,9,3,0,0.9659258262890683,-0.25881904510252063,-0.8660254037844384,-0.5000000000000004,1,0.030479505024423068,0.9065698260938048,0.4209538575541444,9813.328392616724,0.0,0.0,0.0,0.0,0.0,0,0,0.4,0,0,0.25881904510252074,0.4641016151377546,0,0.0,0.0,0.0,14.400000000000002,2.4621799999999996,0.016100387823567635,1,1,16.68424959549877,1.2638979098002647,-0.0,-5.0,0,1.0,0.0,6.340585348656986,0,0.0,0.0,2.5,0.027826474107465846
2026-09-24T06:59:25.147879+00:00,21.115950885216336,88.96091299923494,4.8,48.3,0.324,1.31,3.6,6,3,24,9,3,0,1.0,6.123233995736766e-17,-0.8660254037844384,-0.5000000000000004,1,0.016916823351703088,0.932699875554372,0.36025652419983506,9899.76117518647,0.0,0.0,0.0,0.0,0.0,0,0,0.4,0,0,0.25881904510252074,0.4641016151377546,0,0.0,0.0,0.0,12.0,0.42444000000000004,0.020273968311309096,1,0,16.68424959549877,1.2638979098002647,-0.0,-5.0,0,1.0,0.0,6.340585348656986,0,0.0,0.0,2.5,0.027826474107465846
2026-09-24T05:59:25.147879+00:00,22.337157188281743,83.18003474971864,7.2,12.7,0.277,26.59,6.7,5,3,24,9,3,0,0.9659258262890683,0.25881904510252074,-0.8660254037844384,-0.5000000000000004,1,0.10983938012522076,0.9184185741030555,0.380056092328774,9306.341894335503,0.0,0.0,0.0,0.0,0.0,0,0,0.4,0,0,0.25881904510252074,0.4641016151377546,0,0.0,0.0,0.0,15.600000000000001,7.365430000000001,0.06186408666360874,1,1,16.68424959549877,1.2638979098002647,-0.0,-5.0,0,1.0,0.0,6.340585348656986,0,0.0,0.0,2.5,0.027826474107465846
2026-09-24T04:59:25.147879+00:00,22.930894746349534,81.10051924527677,4.3,24.4,0.146,16.32,7.8,4,3,24,9,3,0,0.8660254037844386,0.5000000000000001,-0.8660254037844384,-0.5000000000000004,1,0.14247622177700275,0.909888073359467,0.3896206105769399,9096.727966032371,0.0,0.0,0.0,0.0,0.0,0,0,0.4,0,0,0.25881904510252074,0.4641016151377546,0,0.0,0.0,0.0,11.25,2.38272,0.0379223417483882,0,0,16.68424959549877,1.2638979098002647,-0.0,-5.0,0,1.0,0.0,6.340585348656986,0,0.0,0.0,2.5,0.027826474107465846
2026-09-24T03:59:25.147879+00:00,23.64855987373629,82.27935162541942,7.3,6.0,0.372,10.48,16.3,3,3,24,9,3,0,0.7071067811865475,0.7071067811865476,-0.8660254037844384,-0.5000000000000004,1,0.12306157371665624,0.9077192052710238,0.40112553328917006,9221.52560354425,0.0,0.0,0.0,0.0,0.0,0,0,0.4,0,0,0.25881904510252074,0.4641016151377546,0,0.0,0.0,0.0,15.75,3.8985600000000002,0.08574929257125441,1,1,16.68424959549877,1.2638979098002647,-0.0,-5.0,0,1.0,0.0,6.340585348656986,0,0.0,0.0,2.5,0.027826474107465846
2026-09-24T02:59:25.147879+00:00,26.28140769114411,84.27107788626256,5.6,42.5,0.43,31.55,6.3,2,3,24,9,3,0,0.49999999999999994,0.8660254037844387,-0.8660254037844384,-0.5000000000000004,1,0.08950344015564977,0.8921517669395517,0.4427802603402053,9436.552888542285,0.0,0.0,0.0,0.0,0.0,0,0,0.4,0,0,0.25881904510252074,0.4641016151377546,0,0.0,0.0,0.0,13.2,13.5665,0.022903933372554728,1,0,16.68424959549877,1.2638979098002647,-0.0,-5.0,0,1.0,0.0,6.340585348656986,0,0.0,0.0,2.5,0.027826474107465846
2026-09-24T01:59:25.147879+00:00,21.59739025726688,88.18014765922493,5.5,29.1,0.371,4.51,5.0,1,3,24,9,3,0,0.25881904510252074,0.9659258262890683,-0.8660254037844384,-0.5000000000000004,1,0.029527513984036895,0.9293242804752256,0.36808220228248845,9819.396259558835,0.0,0.0,0.0,0.0,0.0,0,0,0.4,0,0,0.25881904510252074,0.4641016151377546,0,0.0,0.0,0.0,13.05,1.6732099999999999,0.03249889404083044,1,0,16.68424959549877,1.2638979098002647,-0.0,-5.0,0,1.0,0.0,6.340585348656986,0,0.0,0.0,2.5,0.027826474107465846
2026-09-24T00:59:25.147879+00:00,24.113875507308894,88.60730583256344,3.0,52.9,0.011,33.48,19.2,0,3,24,9,3,0,0.0,1.0,-0.8660254037844384,-0.5000000000000004,1,0.02218376149690241,0.9124656390204463,0.4085515124593925,9866.19905885105,0.0,0.0,0.0,0.0,0.0,0,0,0.4,0,0,0.25881904510252074,0.4641016151377546,0,0.0,0.0,0.0,9.3,0.36827999999999994,0.018574626525538537,0,0,16.68424959549877,1.2638979098002647,-0.0,-5.0,0,1.0,0.0,6.340585348656986,0,0.0,0.0,2.5,0.027826474107465846
2026-09-23T23:59:25.147879+00:00,24.73931655089634,80.06952130531191,6.8,28.8,0.29,11.33,1.2,23,2,23,9,3,0,-0.25881904510252157,0.9659258262890681,-0.8660254037844384,-0.5000000000000004,1,0.1566255727917589,0.8946140049551101,0.41849039664708165,9005.556314944539,0.0,0.0,0.0,0.0,0.0,0,0,0.4,0,0,0.25881904510252074,0.4641016151377546,0,0.0,0.0,0.0,15.0,3.2857,0.03280116889704119,1,1,16.68424959549877,1.2638979098002647,-0.0,-5.0,0,1.0,0.0,6.340585348656986,0,0.0,0.0,2.5,0.027826474107465846
2026-09-23T22:59:25.147879+00:00,20.371603301759983,85.10747302577566,4.4,29.0,0.032,31.15,20.0,22,2,23,9,3,0,-0.5000000000000004,0.8660254037844384,-0.8660254037844384,-0.5000000000000004,1,0.07995266526760955,0.9340389492806009,0.34810747269111647,9497.620706299112,0.0,0.0,0.0,0.0,0.0,0,0,0.4,0,0,0.25881904510252074,0.4641016151377546,0,0.0,0.0,0.0,11.4,0.9968,0.03259906833194042,0,0,16.68424959549877,1.2638979098002647,-0.0,-5.0,0,1.0,0.0,6.340585348656986,0,0.0,0.0,2.5,0.027826474107465846
2026-09-23T21:59:25.147879+00:00,24.860358815211505,84.17411003148779,3.0,64.5,0.123,21.3,13.9,21,2,23,9,3,0,-0.7071067811865477,0.7071067811865474,-0.8660254037844384,-0.5000000000000004,1,0.0920998102984722,0.9026486617779007,0.42040815683517685,9419.942793254535,0.0,0.0,0.0,0.0,0.0,0,0,0.4,0,0,0.25881904510252074,0.4641016151377546,0,0.0,0.0,0.0,9.3,2.6199,0.015320835777452363,0,0,16.68424959549877,1.2638979098002647,-0.0,-5.0,0,1.0,0.0,6.340585348656986,0,0.0,0.0,2.5,0.027826474107465846
2026-09-23T20:59:25.147879+00:00,21.36419298949833,82.2210781047073,2.2,8.9,0.036,29.02,16.7,20,2,23,9,3,0,-0.8660254037844386,0.5000000000000001,-0.8660254037844384,-0.5000000000000004,1,0.12605025400865846,0.922713712933796,0.3642948495769342,9202.335270882384,0.0,0.0,0.0,0.0,0.0,0,0,0.4,0,0,0.25881904510252074,0.4641016151377546,0,0.0,0.0,0.0,8.1,1.0447199999999999,0.07469970385734606,0,0,16.68424959549877,1.2638979098002647,-0.0,-5.0,0,1.0,0.0,6.340585348656986,0,0.0,0.0,2.5,0.027826474107465846
2026-09-23T19:59:25.147879+00:00,20.52041274388224,81.19865367333682,5.1,77.2,0.276,34.45,6.6,19,2,23,9,3,0,-0.9659258262890684,0.2588190451025203,-0.8660254037844384,-0.5000000000000004,1,0.1433002290667324,0.925519316278947,0.3505410668437756,9091.423788368871,0.0,0.0,0.0,0.0,0.0,0,0,0.4,0,0,0.25881904510252074,0.4641016151377546,0,0.0,0.0,0.0,12.45,9.508200000000002,0.012846044474332621,1,0,16.68424959549877,1.2638979098002647,-0.0,-5.0,0,1.0,0.0,6.340585348656986,0,0.0,0.0,2.5,0.027826474107465846
2026-09-23T18:59:25.147879+00:00,27.591084298026665,83.37615171403628,4.9,73.2,0.312,10.45,1.3,18,2,23,9,3,0,-1.0,-1.8369701987210297e-16,-0.8660254037844384,-0.5000000000000004,1,0.10223244096511783,0.8803596286248672,0.463158128830532,9355.080600087102,0.0,0.0,0.0,0.0,0.0,0,0,0.4,0,0,0.25881904510252074,0.4641016151377546,0,0.0,0.0,0.0,12.15,3.2603999999999997,0.013535480767537291,1,0,16.68424959549877,1.2638979098002647,-0.0,-5.0,0,1.0,0.0,6.340585348656986,0,0.0,0.0,2.5,0.027826474107465846
2026-09-23T17:59:25.147879+00:00,27.725056264596475,89.4290970391252,5.9,58.4,0.06,33.66,15.0,17,2,23,9,3,0,-0.9659258262890683,-0.25881904510252063,-0.8660254037844384,-0.5000000000000004,1,0.008820010510761065,0.8851463167594978,0.46522919657055567,9951.350382463508,0.0,0.0,0.0,0.0,0.0,0,0,0.4,0,0,0.25881904510252074,0.4641016151377546,0,0.0,0.0,0.0,13.650000000000002,2.0195999999999996,0.016877643140396355,0,0,16.68424959549877,1.2638979098002647,-0.0,-5.0,0,1.0,0.0,6.340585348656986,0,0.0,0.0,2.5,0.027826474107465846
2026-09-23T16:59:25.147879+00:00,26.46717878493169,83.23202932020756,6.8,52.5,0.179,13.94,16.8,16,2,23,9,3,0,-0.8660254037844384,-0.5000000000000004,-0.8660254037844384,-0.5000000000000004,1,0.10549710365841351,0.8889517220275523,0.4456850872801727,9334.168318850985,0.0,0.0,0.0,0.0,0.0,0,0,0.4,0,0,0.25881904510252074,0.4641016151377546,0,0.0,0.0,0.0,15.0,2.4952599999999996,0.01871121078899952,1,1,16.68424959549877,1.2638979098002647,-0.0,-5.0,0,1.0,0.0,6.340585348656986,0,0.0,0.0,2.5,0.027826474107465846
2026-09-23T15:59:25.147879+00:00,22.436910153386965,85.18790621743366,2.5,76.4,0.211,13.8,15.1,15,2,23,9,3,0,-0.7071067811865471,-0.7071067811865479,-0.8660254037844384,-0.5000000000000004,1,0.0775378722458518,0.9210423575073556,0.3816658932166698,9513.053278156034,0.0,0.0,0.0,0.0,0.0,0,0,0.4,0,0,0.25881904510252074,0.4641016151377546,0,0.0,0.0,0.0,8.55,2.9118,0.01297830387517225,1,0,16.68424959549877,1.2638979098002647,-0.0,-5.0,0,1.0,0.0,6.340585348656986,0,0.0,0.0,2.5,0.027826474107465846
2026-09-23T14:59:25.147879+00:00,20.781376912051076,87.03018958895177,6.0,19.8,0.172,12.24,3.7,14,2,23,9,3,0,-0.4999999999999997,-0.8660254037844388,-0.8660254037844384,-0.5000000000000004,1,0.048439074522522094,0.9336853972388781,0.35480309333809357,9698.817244246247,0.0,0.0,0.0,0.0,0.0,0,0,0.4,0,0,0.25881904510252074,0.4641016151377546,0,0.0,0.0,0.0,13.8,2.10528,0.04508164918325264,1,1,16.68424959549877,1.2638979098002647,-0.0,-5.0,0,1.0,0.0,6.340585348656986,0,0.0,0.0,2.5,0.027826474107465846
2026-09-23T13:59:25.147879+00:00,25.47386421209725,83.63629602379294,3.1,11.3,0.063,19.18,15.3,13,2,23,9,3,0,-0.2588190451025208,-0.9659258262890683,-0.8660254037844384,-0.5000000000000004,1,0.1000637429482536,0.8972189316548831,0.43009933274449075,9368.968604263764,0.0,0.0,0.0,0.0,0.0,0,0,0.4,0,0,0.25881904510252074,0.4641016151377546,0,0.0,0.0,0.0,9.45,1.20834,0.06627168629785166,0,0,16.68424959549877,1.2638979098002647,-0.0,-5.0,0,1.0,0.0,6.340585348656986,0,0.0,0.0,2.5,0.027826474107465846
2026-09-23T12:59:25.147879+00:00,23.52121994991681,89.71782082720961,6.6,24.2,0.194,5.82,15.6,12,2,23,9,3,0,1.2246467991473532e-16,-1.0,-0.8660254037844384,-0.5000000000000004,1,0.004515734309065794,0.916901211671202,0.39908868209901877,9978.773556948254,0.0,0.0,0.0,0.0,0.0,0,0,0.4,0,0,0.25881904510252074,0.4641016151377546,0,0.0,0.0,0.0,14.7,1.12908,0.03819019948313259,1,1,16.68424959549877,1.2638979098002647,-0.0,-5.0,0,1.0,0.0,6.340585348656986,0,0.0,0.0,2.5,0.027826474107465846
2026-09-23T11:59:25.147879+00:00,20.976305878758232,89.62447294942112,6.4,68.6,0.341,19.6,13.5,11,2,23,9,3,0,0.258819045102521,-0.9659258262890682,-0.8660254037844384,-0.5000000000000004,1,0.006119784381859433,0.9337084911335485,0.3579818456629215,9968.554008340661,0.0,0.0,0.0,0.0,0.0,0,0,0.4,0,0,0.25881904510252074,0.4641016151377546,0,0.0,0.0,0.0,14.400000000000002,6.683600000000001,0.014424804108703813,1,1,16.68424959549877,1.2638979098002647,-0.0,-5.0,0,1.0,0.0,6.340585348656986,0,0.0,0.0,2.5,0.027826474107465846
2026-09-23T10:59:25.147879+00:00,23.96141528089016,82.51782295825365,5.0,7.8,0.041,19.19,15.6,10,2,23,9,3,0,0.49999999999999994,-0.8660254037844387,-0.8660254037844384,-0.5000000000000004,1,0.11899550027638738,0.9060383693834102,0.40612134161974717,9247.622413262125,0.0,0.0,0.0,0.0,0.0,0,0,0.4,0,0,0.25881904510252074,0.4641016151377546,0,0.0,0.0,0.0,12.3,0.7867900000000001,0.0788502306017791,0,0,16.68424959549877,1.2638979098002647,-0.0,-5.0,0,1.0,0.0,6.340585348656986,0,0.0,0.0,2.5,0.027826474107465846
2026-09-23T09:59:25.147879+00:00,20.275108168921747,84.97248505892385,5.9,51.6,0.045,26.79,17.1,9,2,23,9,3,0,0.7071067811865476,-0.7071067811865475,-0.8660254037844384,-0.5000000000000004,1,0.08220428314354132,0.9344306776742234,0.3465281582413585,9483.228261757176,0.0,0.0,0.0,0.0,0.0,0,0,0.4,0,0,0.25881904510252074,0.4641016151377546,0,0.0,0.0,0.0,13.650000000000002,1.20555,0.019025853151701806,0,0,16.68424959549877,1.2638979098002647,-0.0,-5.0,0,1.0,0.0,6.340585348656986,0,0.0,0.0,2.5,0.027826474107465846
2026-09-23T08:59:25.147879+00:00,27.274563216630256,83.0087830981677,3.8,84.6,0.166,29.26,12.7,8,2,23,9,3,0,0.8660254037844387,-0.4999999999999998,-0.8660254037844384,-0.5000000000000004,1,0.1081847664977607,0.8822122243621183,0.45825500268286035,9316.946638779656,0.0,0.0,0.0,0.0,0.0,0,0,0.4,0,0,0.25881904510252074,0.4641016151377546,0,0.0,0.0,0.0,10.5,4.85716,0.011738609376355832,1,0,16.68424959549877,1.2638979098002647,-0.0,-5.0,0,1.0,0.0,6.340585348656986,0,0.0,0.0,2.5,0.027826474107465846
2026-09-23T07:59:25.147879+00:00,22.070239852800132,82.84840494377468,4.6,73.5,0.424,15.7,2.7,7,2,23,9,3,0,0.9659258262890683,-0.25881904510252063,-0.8660254037844384,-0.5000000000000004,1,0.11537251776998499,0.9195142243574334,0.37574296180735345,9270.864581583404,0.0,0.0,0.0,0.0,0.0,0,0,0.4,0,0,0.25881904510252074,0.4641016151377546,0,0.0,0.0,0.0,11.7,6.6568,0.013481240004862281,1,0,16.68424959549877,1.2638979098002647,-0.0,-5.0,0,1.0,0.0,6.340585348656986,0,0.0,0.0,2.5,0.027826474107465846
2026-09-23T06:59:25.147879+00:00,25.300178274831858,80.36886947354533,6.5,46.7,0.304,10.93,10.3,6,2,23,9,3,0,1.0,6.123233995736766e-17,-0.8660254037844384,-0.5000000000000004,1,0.15125680536526176,0.8913384492315304,0.42736067642241715,9040.173412746066,0.0,0.0,0.0,0.0,0.0,0,0,0.4,0,0,0.25881904510252074,0.4641016151377546,0,0.0,0.0,0.0,14.55,3.32272,0.020938609111102045,1,1,16.68424959549877,1.2638979098002647,-0.0,-5.0,0,1.0,0.0,6.340585348656986,0,0.0,0.0,2.5,0.027826474107465846
2026-09-23T05:59:25.147879+00:00,22.49368860871529,86.09564333979897,4.5,10.1,0.309,9.45,2.5,5,2,23,9,3,0,0.9659258262890683,0.25881904510252074,-0.8660254037844384,-0.5000000000000004,1,0.06291089204897944,0.9217773552812769,0.382581660501724,9606.473249568959,0.0,0.0,0.0,0.0,0.0,0,0,0.4,0,0,0.25881904510252074,0.4641016151377546,0,0.0,0.0,0.0,11.55,2.92005,0.07035801295960806,1,0,16.68424959549877,1.2638979098002647,-0.0,-5.0,0,1.0,0.0,6.340585348656986,0,0.0,0.0,2.5,0.027826474107465846
2026-09-23T04:59:25.147879+00:00,24.160544169422487,85.02679023228862,4.0,71.5,0.169,7.21,8.7,4,2,23,9,3,0,0.8660254037844386,0.5000000000000001,-0.8660254037844384,-0.5000000000000004,1,0.07909608604724655,0.9089673040295302,0.4092948196316369,9503.095311185789,0.0,0.0,0.0,0.0,0.0,0,0,0.4,0,0,0.25881904510252074,0.4641016151377546,0,0.0,0.0,0.0,10.8,1.21849,0.013851199388326617,1,0,16.68424959549877,1.2638979098002647,-0.0,-5.0,0,1.0,0.0,6.340585348656986,0,0.0,0.0,2.5,0.027826474107465846
2026-09-23T03:59:25.147879+00:00,24.37368223474624,80.5147875124999,4.7,52.9,0.271,2.49,8.7,3,2,23,9,3,0,0.7071067811865475,0.7071067811865476,-0.8660254037844384,-0.5000000000000004,1,0.15010559123899436,0.8984200078478013,0.41268608042621036,9047.592506577681,0.0,0.0,0.0,0.0,0.0,0,0,0.4,0,0,0.25881904510252074,0.4641016151377546,0,0.0,0.0,0.0,11.850000000000001,0.6747900000000001,0.018574626525538537,1,0,16.68424959549877,1.2638979098002647,-0.0,-5.0,0,1.0,0.0,6.340585348656986,0,0.0,0.0,2.5,0.027826474107465846
2026-09-23T02:59:25.147879+00:00,21.478835644204217,82.78646464236611,6.5,14.2,0.014,12.31,2.3,2,2,23,9,3,0,0.49999999999999994,0.8660254037844387,-0.8660254037844384,-0.5000000000000004,1,0.11684729607049571,0.9231876202577253,0.36615751692938353,9261.404785585792,0.0,0.0,0.0,0.0,0.0,0,0,0.4,0,0,0.25881904510252074,0.4641016151377546,0,0.0,0.0,0.0,14.55,0.17234000000000002,0.0575778619290929,0,1,16.68424959549877,1.2638979098002647,-0.0,-5.0,0,1.0,0.0,6.340585348656986,0,0.0,0.0,2.5,0.027826474107465846
2026-09-23T01:59:25.147879+00:00,27.75667702211647,89.08265885966654,3.9,12.5,0.29,9.82,7.6,1,2,23,9,3,0,0.25881904510252074,0.9659258262890683,-0.8660254037844384,-0.5000000000000004,1,0.014167729498355788,0.8848199510781013,0.465717650100367,9917.277773449889,0.0,0.0,0.0,0.0,0.0,0,0,0.4,0,0,0.25881904510252074,0.4641016151377546,0,0.0,0.0,0.0,10.649999999999999,2.8478,0.062469504755442426,1,0,16.68424959549877,1.2638979098002647,-0.0,-5.0,0,1.0,0.0,6.340585348656986,0,0.0,0.0,2.5,0.027826474107465846
2026-09-23T00:59:25.147879+00:00,26.20106258688892,82.39561890666972,3.0,77.8,0.412,33.84,3.1,0,2,23,9,3,0,0.0,1.0,-0.8660254037844384,-0.5000000000000004,1,0.11873507492451567,0.8893592469891511,0.44152249294635,9249.29343004042,0.0,0.0,0.0,0.0,0.0,0,0,0.4,0,0,0.25881904510252074,0.4641016151377546,0,0.0,0.0,0.0,9.3,13.94208,0.012748591023901464,1,0,16.68424959549877,1.2638979098002647,-0.0,-5.0,0,1.0,0.0,6.340585348656986,0,0.0,0.0,2.5,0.027826474107465846
2026-09-22T23:59:25.147879+00:00,27.515991532513517,81.44894872091223,5.9,58.5,0.28,19.74,16.4,23,1,22,9,3,0,-0.25881904510252157,0.9659258262890681,-0.8660254037844384,-0.5000000000000004,1,0.13187098586200408,0.877023139517249,0.46199616431209817,9164.939063339154,0.0,0.0,0.0,0.0,0.0,0,0,0.4,0,0,0.25881904510252074,0.4641016151377546,0,0.0,0.0,0.0,13.650000000000002,5.5272,0.016849612247494237,1,0,16.68424959549877,1.2638979098002647,-0.0,-5.0,0,1.0,0.0,6.340585348656986,0,0.0,0.0,2.5,0.027826474107465846
2026-09-22T22:59:25.147879+00:00,27.15861880342119,84.89452760277563,6.5,71.3,0.394,12.48,19.0,22,1,22,9,3,0,-0.5000000000000004,0.8660254037844384,-0.8660254037844384,-0.5000000000000004,1,0.07917801356447932,0.88621626918207,0.45645543747993195,9502.57170882315,0.0,0.0,0.0,0.0,0.0,0,0,0.4,0,0,0.25881904510252074,0.4641016151377546,0,0.0,0.0,0.0,14.55,4.917120000000001,0.013889304181005726,1,1,16.68424959549877,1.2638979098002647,-0.0,-5.0,0,1.0,0.0,6.340585348656986,0,0.0,0.0,2.5,0.027826474107465846
2026-09-22T21:59:25.147879+00:00,24.78319983048868,89.856504541106,2.6,75.3,0.329,20.53,2.4,21,1,22,9,3,0,-0.7071067811865477,0.7071067811865474,-0.8660254037844384,-0.5000000000000004,1,0.0022738053975637847,0.9078975831841735,0.41918588747398305,9993.056971339458,0.0,0.0,0.0,0.0,0.0,0,0,0.4,0,0,0.25881904510252074,0.4641016151377546,0,0.0,0.0,0.0,8.7,6.754370000000001,0.013164631482361376,1,0,16.68424959549877,1.2638979098002647,-0.0,-5.0,0,1.0,0.0,6.340585348656986,0,0.0,0.0,2.5,0.027826474107465846
2026-09-22T20:59:25.147879+00:00,27.37499388018493,82.42055271511501,3.4,50.7,0.063,5.3,19.1,20,1,22,9,3,0,-0.8660254037844386,0.5000000000000001,-0.8660254037844384,-0.5000000000000004,1,0.11713005859614269,0.8802574802965962,0.4598122635980383,9259.590849681557,0.0,0.0,0.0,0.0,0.0,0,0,0.4,0,0,0.25881904510252074,0.4641016151377546,0,0.0,0.0,0.0,9.899999999999999,0.3339,0.019351049416272068,0,0,16.68424959549877,1.2638979098002647,-0.0,-5.0,0,1.0,0.0,6.340585348656986,0,0.0,0.0,2.5,0.027826474107465846
2026-09-22T19:59:25.147879+00:00,20.70794001641536,86.72135547405878,2.9,46.4,0.407,15.82,10.9,19,1,22,9,3,0,-0.9659258262890684,0.2588190451025203,-0.8660254037844384,-0.5000000000000004,1,0.0534970359811569,0.9338639854558837,0.35360447368448833,9666.551000132524,0.0,0.0,0.0,0.0,0.0,0,0,0.4,0,0,0.25881904510252074,0.4641016151377546,0,0.0,0.0,0.0,9.149999999999999,6.43874,0.021067997561937304,1,0,16.68424959549877,1.2638979098002647,-0.0,-5.0,0,1.0,0.0,6.340585348656986,0,0.0,0.0,2.5,0.027826474107465846
2026-09-22T18:59:25.147879+00:00,21.56786289935316,87.61619615328718,3.9,39.4,0.039,22.11,6.7,18,1,22,9,3,0,-1.0,-1.8369701987210297e-16,-0.8660254037844384,-0.5000000000000004,1,0.03868098357646912,0.9291780384045567,0.36760298483039683,9761.045356411394,0.0,0.0,0.0,0.0,0.0,0,0,0.4,0,0,0.25881904510252074,0.4641016151377546,0,0.0,0.0,0.0,10.649999999999999,0.86229,0.024600711246364627,0,0,16.68424959549877,1.2638979098002647,-0.0,-5.0,0,1.0,0.0,6.340585348656986,0,0.0,0.0,2.5,0.027826474107465846
2026-09-22T17:59:25.147879+00:00,20.361818311284303,82.37637543992399,4.5,30.4,0.245,17.37,2.5,17,1,22,9,3,0,-0.9659258262890683,-0.25881904510252063,-0.8660254037844384,-0.5000000000000004,1,0.12437538198104603,0.9292273095860705,0.3479473688311237,9213.090526773707,0.0,0.0,0.0,0.0,0.0,0,0,0.4,0,0,0.25881904510252074,0.4641016151377546,0,0.0,0.0,0.0,11.55,4.25565,0.031247558879815052,1,0,16.68424959549877,1.2638979098002647,-0.0,-5.0,0,1.0,0.0,6.340585348656986,0,0.0,0.0,2.5,0.027826474107465846
2026-09-22T16:59:25.147879+00:00,22.60264264610612,87.28216348611859,6.1,39.8,0.073,14.36,10.5,16,1,22,9,3,0,-0.8660254037844384,-0.5000000000000004,-0.8660254037844384,-0.5000000000000004,1,0.04377539569570452,0.9221540493712503,0.38433790336094886,9728.561202029052,0.0,0.0,0.0,0.0,0.0,0,0,0.4,0,0,0.25881904510252074,0.4641016151377546,0,0.0,0.0,0.0,13.95,1.0482799999999999,0.024368219534364462,0,1,16.68424959549877,1.2638979098002647,-0.0,-5.0,0,1.0,0.0,6.340585348656986,0,0.0,0.0,2.5,0.027826474107465846
2026-09-22T15:59:25.147879+00:00,23.109418317515857,83.67783132719254,5.6,66.9,0.015,34.79,16.1,15,1,22,9,3,0,-0.7071067811865471,-0.7071067811865479,-0.8660254037844384,-0.5000000000000004,1,0.10128261224609768,0.9141634193488819,0.39248831215842184,9361.163534199797,0.0,0.0,0.0,0.0,0.0,0,0,0.4,0,0,0.25881904510252074,0.4641016151377546,0,0.0,0.0,0.0,13.2,0.5218499999999999,0.014783439889282069,0,0,16.68424959549877,1.2638979098002647,-0.0,-5.0,0,1.0,0.0,6.340585348656986,0,0.0,0.0,2.5,0.027826474107465846
2026-09-22T14:59:25.147879+00:00,22.170792254191166,86.32305830593579,5.4,53.2,0.196,30.87,14.4,14,1,22,9,3,0,-0.4999999999999997,-0.8660254037844388,-0.8660254037844384,-0.5000000000000004,1,0.05938907199989982,0.9241567835202754,0.3773687554640015,9628.95284544037,0.0,0.0,0.0,0.0,0.0,0,0,0.4,0,0,0.25881904510252074,0.4641016151377546,0,0.0,0.0,0.0,12.900000000000002,6.050520000000001,0.018473466771426125,1,0,16.68424959549877,1.2638979098002647,-0.0,-5.0,0,1.0,0.0,6.340585348656986,0,0.0,0.0,2.5,0.027826474107465846
2026-09-22T13:59:25.147879+00:00,26.629900073215435,86.33529710760895,4.0,76.4,0.14,22.01,2.0,13,1,22,9,3,0,-0.2588190451025208,-0.9659258262890683,-0.8660254037844384,-0.5000000000000004,1,0.05713718662614955,0.8920925471361553,0.44822564546060395,9643.324023108918,0.0,0.0,0.0,0.0,0.0,0,0,0.4,0,0,0.25881904510252074,0.4641016151377546,0,0.0,0.0,0.0,10.8,3.0814000000000004,0.01297830387517225,0,0,16.68424959549877,1.2638979098002647,-0.0,-5.0,0,1.0,0.0,6.340585348656986,0,0.0,0.0,2.5,0.027826474107465846
2026-09-22T12:59:25.147879+00:00,22.854026613548715,85.35774684074758,6.6,40.5,0.224,20.14,2.4,12,1,22,9,3,0,1.2246467991473532e-16,-1.0,-0.8660254037844384,-0.5000000000000004,1,0.07458045051020476,0.9184743319518327,0.3883846777968069,9531.949756365173,0.0,0.0,0.0,0.0,0.0,0,0,0.4,0,0,0.25881904510252074,0.4641016151377546,0,0.0,0.0,0.0,14.7,4.51136,0.023971443049695333,1,1,16.68424959549877,1.2638979098002647,-0.0,-5.0,0,1.0,0.0,6.340585348656986,0,0.0,0.0,2.5,0.027826474107465846
2026-09-22T11:59:25.147879+00:00,22.247476077499044,80.90289770054409,4.6,53.6,0.264,21.91,8.7,11,1,22,9,3,0,0.258819045102521,-0.9659258262890682,-0.8660254037844384,-0.5000000000000004,1,0.1463381146306039,0.9139153434446468,0.3786078462245778,9071.863206401411,0.0,0.0,0.0,0.0,0.0,0,0,0.4,0,0,0.25881904510252074,0.4641016151377546,0,0.0,0.0,0.0,11.7,5.7842400000000005,0.01834025910772899,1,0,16.68424959549877,1.2638979098002647,-0.0,-5.0,0,1.0,0.0,6.340585348656986,0,0.0,0.0,2.5,0.027826474107465846
2026-09-22T10:59:25.147879+00:00,24.34156866526599,88.35302495589238,7.3,55.5,0.029,7.45,6.6,10,1,22,9,3,0,0.49999999999999994,-0.8660254037844387,-0.8660254037844384,-0.5000000000000004,1,0.02618621671660476,0.9107280898696086,0.4121754825029324,9840.691938762682,0.0,0.0,0.0,0.0,0.0,0,0,0.4,0,0,0.25881904510252074,0.4641016151377546,0,0.0,0.0,0.0,15.75,0.21605000000000002,0.017732475535725635,0,1,16.68424959549877,1.2638979098002647,-0.0,-5.0,0,1.0,0.0,6.340585348656986,0,0.0,0.0,2.5,0.027826474107465846
2026-09-22T09:59:25.147879+00:00,21.1273937997981,83.20780064971736,5.5,52.3,0.064,14.13,5.4,9,1,22,9,3,0,0.7071067811865476,-0.7071067811865475,-0.8660254037844384,-0.5000000000000004,1,0.11031890552373709,0.9262346950205984,0.36044282323850446,9303.268158359808,0.0,0.0,0.0,0.0,0.0,0,0,0.4,0,0,0.25881904510252074,0.4641016151377546,0,0.0,0.0,0.0,13.05,0.9043200000000001,0.018780245143557826,0,0,16.68424959549877,1.2638979098002647,-0.0,-5.0,0,1.0,0.0,6.340585348656986,0,0.0,0.0,2.5,0.027826474107465846
2026-09-22T08:59:25.147879+00:00,26.41757584603232,81.86518510399854,2.8,61.2,0.256,1.86,6.3,8,1,22,9,3,0,0.8660254037844387,-0.4999999999999998,-0.8660254037844384,-0.5000000000000004,1,0.12672639660413088,0.8865639177870432,0.4449099235596137,9197.99274290191,0.0,0.0,0.0,0.0,0.0,0,0,0.4,0,0,0.25881904510252074,0.4641016151377546,0,0.0,0.0,0.0,9.0,0.47616,0.016126012059960025,1,0,16.68424959549877,1.2638979098002647,-0.0,-5.0,0,1.0,0.0,6.340585348656986,0,0.0,0.0,2.5,0.027826474107465846
2026-09-22T07:59:25.147879+00:00,20.59640514943817,80.40775141554764,5.7,24.0,0.161,16.91,16.3,7,1,22,9,3,0,0.9659258262890683,-0.25881904510252063,-0.8660254037844384,-0.5000000000000004,1,0.1559842884689633,0.9229938681901168,0.351782917485026,9009.692779354518,0.0,0.0,0.0,0.0,0.0,0,0,0.4,0,0,0.25881904510252074,0.4641016151377546,0,0.0,0.0,0.0,13.350000000000001,2.72251,0.038461538461538464,1,0,16.68424959549877,1.2638979098002647,-0.0,-5.0,0,1.0,0.0,6.340585348656986,0,0.0,0.0,2.5,0.027826474107465846
2026-09-22T06:59:25.147879+00:00,27.89509549280414,85.90892943188241,3.8,46.0,0.331,19.23,18.7,6,1,22,9,3,0,1.0,6.123233995736766e-17,-0.8660254037844384,-0.5000000000000004,1,0.06305245991937733,0.8815536682675533,0.46785416238624605,9605.569526489551,0.0,0.0,0.0,0.0,0.0,0,0,0.4,0,0,0.25881904510252074,0.4641016151377546,0,0.0,0.0,0.0,10.5,6.365130000000001,0.021242964433104368,1,0,16.68424959549877,1.2638979098002647,-0.0,-5.0,0,1.0,0.0,6.340585348656986,0,0.0,0.0,2.5,0.027826474107465846
2026-09-22T05:59:25.147879+00:00,26.177958154373258,86.77564361842282,5.7,13.3,0.297,8.36,8.7,5,1,22,9,3,0,0.9659258262890683,0.25881904510252074,-0.8660254037844384,-0.5000000000000004,1,0.05047668653396099,0.8960074730524439,0.44116064234100294,9685.819709603182,0.0,0.0,0.0,0.0,0.0,0,0,0.4,0,0,0.25881904510252074,0.4641016151377546,0,0.0,0.0,0.0,13.350000000000001,2.4829199999999996,0.06009611043817555,1,0,16.68424959549877,1.2638979098002647,-0.0,-5.0,0,1.0,0.0,6.340585348656986,0,0.0,0.0,2.5,0.027826474107465846
2026-09-22T04:59:25.147879+00:00,21.589725452273377,80.16587828927857,2.5,35.8,0.382,33.76,18.2,4,1,22,9,3,0,0.8660254037844386,0.5000000000000001,-0.8660254037844384,-0.5000000000000004,1,0.15881366994732285,0.9161797120105523,0.36795781488932183,8991.439254848437,0.0,0.0,0.0,0.0,0.0,0,0,0.4,0,0,0.25881904510252074,0.4641016151377546,0,0.0,0.0,0.0,8.55,12.89632,0.026903113941240835,1,0,16.68424959549877,1.2638979098002647,-0.0,-5.0,0,1.0,0.0,6.340585348656986,0,0.0,0.0,2.5,0.027826474107465846
2026-09-22T03:59:25.147879+00:00,20.04417693698882,85.12093058299281,3.0,44.0,0.315,31.88,7.1,3,1,22,9,3,0,0.7071067811865475,0.7071067811865476,-0.8660254037844384,-0.5000000000000004,1,0.07990117177876342,0.9360245502312458,0.3427445756139324,9497.949824255053,0.0,0.0,0.0,0.0,0.0,0,0,0.4,0,0,0.25881904510252074,0.4641016151377546,0,0.0,0.0,0.0,9.3,10.0422,0.022162110358896814,1,0,16.68424959549877,1.2638979098002647,-0.0,-5.0,0,1.0,0.0,6.340585348656986,0,0.0,0.0,2.5,0.027826474107465846
2026-09-22T02:59:25.147879+00:00,26.523691427638678,82.26495775197938,6.6,57.2,0.199,25.41,10.1,2,1,22,9,3,0,0.49999999999999994,0.8660254037844387,-0.8660254037844384,-0.5000000000000004,1,0.12042638519724723,0.8866085178587918,0.44656782442151016,9238.440213465594,0.0,0.0,0.0,0.0,0.0,0,0,0.4,0,0,0.25881904510252074,0.4641016151377546,0,0.0,0.0,0.0,14.7,5.05659,0.017221323335125143,1,1,16.68424959549877,1.2638979098002647,-0.0,-5.0,0,1.0,0.0,6.340585348656986,0,0.0,0.0,2.5,0.027826474107465846
2026-09-22T01:59:25.147879+00:00,25.65485875078094,86.4517279040945,3.3,81.0,0.306,18.9,5.3,1,1,22,9,3,0,0.25881904510252074,0.9659258262890683,-0.8660254037844384,-0.5000000000000004,1,0.055788292357230686,0.8996903960106211,0.4329490244383467,9651.93156070016,0.0,0.0,0.0,0.0,0.0,0,0,0.4,0,0,0.25881904510252074,0.4641016151377546,0,0.0,0.0,0.0,9.75,5.783399999999999,0.012252657200264647,1,0,16.68424959549877,1.2638979098002647,-0.0,-5.0,0,1.0,0.0,6.340585348656986,0,0.0,0.0,2.5,0.027826474107465846
2026-09-22T00:59:25.147879+00:00,25.8320573443279,81.74366429004992,6.5,53.1,0.131,30.51,13.2,0,1,22,9,3,0,0.0,1.0,-0.8660254037844384,-0.5000000000000004,1,0.12925263700694972,0.8907462996018265,0.43573476516385845,9181.764592642274,0.0,0.0,0.0,0.0,0.0,0,0,0.4,0,0,0.25881904510252074,0.4641016151377546,0,0.0,0.0,0.0,14.55,3.9968100000000004,0.01850706621330368,0,1,16.68424959549877,1.2638979098002647,-0.0,-5.0,0,1.0,0.0,6.340585348656986,0,0.0,0.0,2.5,0.027826474107465846
2026-09-21T23:59:25.147879+00:00,26.170162773487565,86.90937738102465,3.6,64.5,0.145,5.01,19.6,23,0,21,9,3,0,-0.25881904510252157,0.9659258262890681,-0.8660254037844384,-0.5000000000000004,1,0.048388420507958496,0.8961827761218482,0.4410385386145777,9699.14033984563,0.0,0.0,0.0,0.0,0.0,0,0,0.4,0,0,0.25881904510252074,0.4641016151377546,0,0.0,0.0,0.0,10.2,0.7264499999999999,0.015320835777452363,0,0,16.68424959549877,1.2638979098002647,-0.0,-5.0,0,1.0,0.0,6.340585348656986,0,0.0,0.0,2.5,0.027826474107465846
2026-09-21T22:59:25.147879+00:00,20.592357213872724,83.86735346300537,5.5,45.5,0.357,27.77,12.5,22,0,21,9,3,0,-0.5000000000000004,0.8660254037844384,-0.8660254037844384,-0.5000000000000004,1,0.10000483112788364,0.9307493425035246,0.3517167826253678,9369.345823607195,0.0,0.0,0.0,0.0,0.0,0,0,0.4,0,0,0.25881904510252074,0.4641016151377546,0,0.0,0.0,0.0,13.05,9.913889999999999,0.021465703069033115,1,0,16.68424959549877,1.2638979098002647,-0.0,-5.0,0,1.0,0.0,6.340585348656986,0,0.0,0.0,2.5,0.027826474107465846
2026-09-21T21:59:25.147879+00:00,22.86772582835418,89.36729988736735,5.8,55.7,0.206,4.81,7.8,21,0,21,9,3,0,-0.7071067811865477,0.7071067811865474,-0.8660254037844384,-0.5000000000000004,1,0.010174586257206289,0.9213482712335946,0.388604993392212,9942.719990489131,0.0,0.0,0.0,0.0,0.0,0,0,0.4,0,0,0.25881904510252074,0.4641016151377546,0,0.0,0.0,0.0,13.5,0.9908599999999999,0.017670795822554795,1,0,16.68424959549877,1.2638979098002647,-0.0,-5.0,0,1.0,0.0,6.340585348656986,0,0.0,0.0,2.5,0.027826474107465846
2026-09-21T20:59:25.147879+00:00,20.92695247620104,81.37520944145993,4.8,10.7,0.361,27.9,13.3,20,0,21,9,3,0,-0.8660254037844386,0.5000000000000001,-0.8660254037844384,-0.5000000000000004,1,0.14007105647180657,0.9234740878282882,0.35717741844716766,9112.206519024397,0.0,0.0,0.0,0.0,0.0,0,0,0.4,0,0,0.25881904510252074,0.4641016151377546,0,0.0,0.0,0.0,12.0,10.0719,0.06828046583769296,1,0,16.68424959549877,1.2638979098002647,-0.0,-5.0,0,1.0,0.0,6.340585348656986,0,0.0,0.0,2.5,0.027826474107465846
2026-09-21T19:59:25.147879+00:00,26.90482740700475,83.41066351050259,3.7,25.4,0.372,10.01,3.3,19,0,21,9,3,0,-0.9659258262890684,0.2588190451025203,-0.8660254037844384,-0.5000000000000004,1,0.10233141494904203,0.8858685689084075,0.452509845345598,9354.446712380084,0.0,0.0,0.0,0.0,0.0,0,0,0.4,0,0,0.25881904510252074,0.4641016151377546,0,0.0,0.0,0.0,10.350000000000001,3.7237199999999997,0.03663323171370358,1,0,16.68424959549877,1.2638979098002647,-0.0,-5.0,0,1.0,0.0,6.340585348656986,0,0.0,0.0,2.5,0.027826474107465846
2026-09-21T18:59:25.147879+00:00,24.986385014620463,81.13473521240589,3.2,33.9,0.387,30.76,17.9,18,0,21,9,3,0,-1.0,-1.8369701987210297e-16,-0.8660254037844384,-0.5000000000000004,1,0.13968784671067672,0.8955797599018257,0.42240288722441605,9114.672189568266,0.0,0.0,0.0,0.0,0.0,0,0,0.4,0,0,0.25881904510252074,0.4641016151377546,0,0.0,0.0,0.0,9.600000000000001,11.90412,0.02829321331593986,1,0,16.68424959549877,1.2638979098002647,-0.0,-5.0,0,1.0,0.0,6.340585348656986,0,0.0,0.0,2.5,0.027826474107465846
2026-09-21T17:59:25.147879+00:00,22.647184198821197,89.24693618278563,2.3,42.8,0.413,33.07,10.6,17,0,21,9,3,0,-0.9659258262890683,-0.25881904510252063,-0.8660254037844384,-0.5000000000000004,1,0.012129648025033449,0.9228137155387545,0.3850554739934853,9930.263515353381,0.0,0.0,0.0,0.0,0.0,0,0,0.4,0,0,0.25881904510252074,0.4641016151377546,0,0.0,0.0,0.0,8.25,13.65791,0.022751729879786645,1,0,16.68424959549877,1.2638979098002647,-0.0,-5.0,0,1.0,0.0,6.340585348656986,0,0.0,0.0,2.5,0.027826474107465846
2026-09-21T16:59:25.147879+00:00,20.50846680228819,88.77339353380981,3.7,8.7,0.2,5.63,9.5,16,0,21,9,3,0,-0.8660254037844384,-0.5000000000000004,-0.8660254037844384,-0.5000000000000004,1,0.020049939584427922,0.9364058016508529,0.35034579283514233,9879.79667291059,0.0,0.0,0.0,0.0,0.0,0,0,0.4,0,0,0.25881904510252074,0.4641016151377546,0,0.0,0.0,0.0,10.350000000000001,1.1260000000000001,0.07544430785777147,1,0,16.68424959549877,1.2638979098002647,-0.0,-5.0,0,1.0,0.0,6.340585348656986,0,0.0,0.0,2.5,0.027826474107465846
2026-09-21T15:59:25.147879+00:00,22.487858573725298,82.57941627715155,5.6,16.2,0.15,16.46,12.1,15,0,21,9,3,0,-0.7071067811865471,-0.7071067811865479,-0.8660254037844384,-0.5000000000000004,1,0.11933122135558163,0.9162222764885577,0.3824876464356857,9245.468184647854,0.0,0.0,0.0,0.0,0.0,0,0,0.4,0,0,0.25881904510252074,0.4641016151377546,0,0.0,0.0,0.0,13.2,2.469,0.05252692037926173,1,0,16.68424959549877,1.2638979098002647,-0.0,-5.0,0,1.0,0.0,6.340585348656986,0,0.0,0.0,2.5,0.027826474107465846
2026-09-21T14:59:25.147879+00:00,22.601466576213976,86.5998404603418,7.1,27.1,0.266,34.34,12.9,14,0,21,9,3,0,-0.4999999999999997,-0.8660254037844388,-0.8660254037844384,-0.5000000000000004,1,0.05475423275080928,0.921575236174066,0.38431895356147183,9658.52964073711,0.0,0.0,0.0,0.0,0.0,0,0,0.4,0,0,0.25881904510252074,0.4641016151377546,0,0.0,0.0,0.0,15.45,9.134440000000001,0.03461865971599872,1,1,16.68424959549877,1.2638979098002647,-0.0,-5.0,0,1.0,0.0,6.340585348656986,0,0.0,0.0,2.5,0.027826474107465846
2026-09-21T13:59:25.147879+00:00,25.83684942670451,88.17222200201216,6.7,82.7,0.173,17.18,2.4,13,0,21,9,3,0,-0.2588190451025208,-0.9659258262890683,-0.8660254037844384,-0.5000000000000004,1,0.028707033659066947,0.8995807423251565,0.43581004377620497,9824.625757151312,0.0,0.0,0.0,0.0,0.0,0,0,0.4,0,0,0.25881904510252074,0.4641016151377546,0,0.0,0.0,0.0,14.850000000000001,2.9721399999999996,0.012004455920675408,1,1,16.68424959549877,1.2638979098002647,-0.0,-5.0,0,1.0,0.0,6.340585348656986,0,0.0,0.0,2.5,0.027826474107465846
2026-09-21T12:59:25.147879+00:00,25.100459770841702,85.55200811599462,6.2,31.5,0.274,30.29,14.0,12,0,21,9,3,0,1.2246467991473532e-16,-1.0,-0.8660254037844384,-0.5000000000000004,1,0.07023035343007368,0.9028379600214499,0.4242066894821367,9559.737181267263,0.0,0.0,0.0,0.0,0.0,0,0,0.4,0,0,0.25881904510252074,0.4641016151377546,0,0.0,0.0,0.0,14.100000000000001,8.29946,0.030257913242683895,1,1,16.68424959549877,1.2638979098002647,-0.0,-5.0,0,1.0,0.0,6.340585348656986,0,0.0,0.0,2.5,0.027826474107465846
2026-09-21T11:59:25.147879+00:00,27.09770194061061,85.29650578356006,6.3,43.6,0.32,20.81,5.6,11,0,21,9,3,0,0.258819045102521,-0.9659258262890682,-0.8660254037844384,-0.5000000000000004,1,0.07299831520259388,0.8872331222670611,0.45550920158634023,9542.057095632237,0.0,0.0,0.0,0.0,0.0,0,0,0.4,0,0,0.25881904510252074,0.4641016151377546,0,0.0,0.0,0.0,14.25,6.659199999999999,0.02235531514304217,1,1,16.68424959549877,1.2638979098002647,-0.0,-5.0,0,1.0,0.0,6.340585348656986,0,0.0,0.0,2.5,0.027826474107465846
2026-09-21T10:59:25.147879+00:00,23.777719401295595,82.41852290900452,5.6,20.7,0.313,13.45,14.6,10,0,21,9,3,0,0.49999999999999994,-0.8660254037844387,-0.8660254037844384,-0.5000000000000004,1,0.12073675667372587,0.9071168008413113,0.40318946566017116,9236.448302648594,0.0,0.0,0.0,0.0,0.0,0,0,0.4,0,0,0.25881904510252074,0.4641016151377546,0,0.0,0.0,0.0,13.2,4.209849999999999,0.04349923436583912,1,0,16.68424959549877,1.2638979098002647,-0.0,-5.0,0,1.0,0.0,6.340585348656986,0,0.0,0.0,2.5,0.027826474107465846
2026-09-21T09:59:25.147879+00:00,20.956753967506412,80.931027678059,3.5,53.9,0.175,10.36,16.6,9,0,21,9,3,0,0.7071067811865476,-0.7071067811865475,-0.8660254037844384,-0.5000000000000004,1,0.14719664457400344,0.9221768741330323,0.357663194416736,9066.333632384949,0.0,0.0,0.0,0.0,0.0,0,0,0.4,0,0,0.25881904510252074,0.4641016151377546,0,0.0,0.0,0.0,10.05,1.8129999999999997,0.018241585677746686,1,0,16.68424959549877,1.2638979098002647,-0.0,-5.0,0,1.0,0.0,6.340585348656986,0,0.0,0.0,2.5,0.027826474107465846
2026-09-21T08:59:25.147879+00:00,25.70595829778396,88.97215757953327,6.9,27.5,0.083,7.51,16.3,8,0,21,9,3,0,0.8660254037844387,-0.4999999999999998,-0.8660254037844384,-0.5000000000000004,1,0.016162955880961095,0.9008869399962278,0.4337527869667505,9904.564722049598,0.0,0.0,0.0,0.0,0.0,0,0,0.4,0,0,0.25881904510252074,0.4641016151377546,0,0.0,0.0,0.0,15.150000000000002,0.62333,0.03417430630867044,0,1,16.68424959549877,1.2638979098002647,-0.0,-5.0,0,1.0,0.0,6.340585348656986,0,0.0,0.0,2.5,0.027826474107465846
2026-09-21T07:59:25.147879+00:00,26.08628038893518,89.0041805716333,5.7,21.6,0.199,26.78,11.5,7,0,21,9,3,0,0.9659258262890683,-0.25881904510252063,-0.8660254037844384,-0.5000000000000004,1,0.015609058215861914,0.8979972458090931,0.4397241224005081,9908.094049486948,0.0,0.0,0.0,0.0,0.0,0,0,0.4,0,0,0.25881904510252074,0.4641016151377546,0,0.0,0.0,0.0,13.350000000000001,5.32922,0.042012356811103754,1,0,16.68424959549877,1.2638979098002647,-0.0,-5.0,0,1.0,0.0,6.340585348656986,0,0.0,0.0,2.5,0.027826474107465846
2026-09-21T06:59:25.147879+00:00,24.49021758055597,86.33101457273268,5.1,46.3,0.073,13.84,10.9,6,0,21,9,3,0,1.0,6.123233995736766e-17,-0.8660254037844384,-0.5000000000000004,1,0.05823488145615323,0.9081668622083222,0.4145378739855722,9636.318943952963,0.0,0.0,0.0,0.0,0.0,0,0,0.4,0,0,0.25881904510252074,0.4641016151377546,0,0.0,0.0,0.0,12.45,1.0103199999999999,0.02111147483107302,0,0,16.68424959549877,1.2638979098002647,-0.0,-5.0,0,1.0,0.0,6.340585348656986,0,0.0,0.0,2.5,0.027826474107465846
2026-09-21T05:59:25.147879+00:00,26.16773743963649,83.390297910487,2.7,5.4,0.402,18.14,3.7,5,0,21,9,3,0,0.9659258262890683,0.25881904510252074,-0.8660254037844384,-0.5000000000000004,1,0.10330784726679934,0.8915413651683068,0.4410005474905122,9348.192715748915,0.0,0.0,0.0,0.0,0.0,0,0,0.4,0,0,0.25881904510252074,0.4641016151377546,0,0.0,0.0,0.0,8.850000000000001,7.292280000000001,0.08799053976571924,1,0,16.68424959549877,1.2638979098002647,-0.0,-5.0,0,1.0,0.0,6.340585348656986,0,0.0,0.0,2.5,0.027826474107465846
2026-09-21T04:59:25.147879+00:00,23.95036477091513,83.49209574612661,4.5,5.6,0.162,17.49,15.7,4,0,21,9,3,0,0.8660254037844386,0.5000000000000001,-0.8660254037844384,-0.5000000000000004,1,0.10358139619268683,0.9080085242222793,0.4059450877919969,9346.440535465312,0.0,0.0,0.0,0.0,0.0,0,0,0.4,0,0,0.25881904510252074,0.4641016151377546,0,0.0,0.0,0.0,11.55,2.83338,0.08725060159497201,1,0,16.68424959549877,1.2638979098002647,-0.0,-5.0,0,1.0,0.0,6.340585348656986,0,0.0,0.0,2.5,0.027826474107465846
2026-09-21T03:59:25.147879+00:00,24.181862635055957,87.2595567887024,4.5,22.5,0.078,20.42,6.2,3,0,21,9,3,0,0.7071067811865475,0.7071067811865476,-0.8660254037844384,-0.5000000000000004,1,0.0436160534924904,0.9112065628494275,0.4096342755408446,9729.577341736373,0.0,0.0,0.0,0.0,0.0,0,0,0.4,0,0,0.25881904510252074,0.4641016151377546,0,0.0,0.0,0.0,11.55,1.5927600000000002,0.04061384660534476,0,0,16.68424959549877,1.2638979098002647,-0.0,-5.0,0,1.0,0.0,6.340585348656986,0,0.0,0.0,2.5,0.027826474107465846
2026-09-21T02:59:25.147879+00:00,23.4203281468684,88.97110259952578,6.7,7.9,0.021,30.36,10.4,2,0,21,9,3,0,0.49999999999999994,0.8660254037844387,-0.8660254037844384,-0.5000000000000004,1,0.01647729688862119,0.917465711876613,0.3974734786347187,9902.56178872661,0.0,0.0,0.0,0.0,0.0,0,0,0.4,0,0,0.25881904510252074,0.4641016151377546,0,0.0,0.0,0.0,14.850000000000001,0.63756,0.07846818671653422,0,1,16.68424959549877,1.2638979098002647,-0.0,-5.0,0,1.0,0.0,6.340585348656986,0,0.0,0.0,2.5,0.027826474107465846
2026-09-21T01:59:25.147879+00:00,20.20335301395276,88.87086424265118,5.0,13.6,0.294,34.34,6.4,1,0,21,9,3,0,0.25881904510252074,0.9659258262890683,-0.8660254037844384,-0.5000000000000004,1,0.01849341489671819,0.9382905818853262,0.3453531200825524,9889.715134715772,0.0,0.0,0.0,0.0,0.0,0,0,0.4,0,0,0.25881904510252074,0.4641016151377546,0,0.0,0.0,0.0,12.3,10.09596,0.059239045047751814,1,0,16.68424959549877,1.2638979098002647,-0.0,-5.0,0,1.0,0.0,6.340585348656986,0,0.0,0.0,2.5,0.027826474107465846
2026-09-21T00:59:25.147879+00:00,20.863131415946437,87.79875545857624,4.1,32.1,0.29,14.56,3.5,0,0,21,9,3,0,0.0,1.0,-0.8660254037844384,-0.5000000000000004,1,0.03589114981606692,0.933744298786047,0.3561367853078842,9778.83176117679,0.0,0.0,0.0,0.0,0.0,0,0,0.4,0,0,0.25881904510252074,0.4641016151377546,0,0.0,0.0,0.0,10.95,4.2223999999999995,0.029742810535181154,1,0,16.68424959549877,1.2638979098002647,-0.0,-5.0,0,1.0,0.0,6.340585348656986,0,0.0,0.0,2.5,0.027826474107465846
